CODINSCRIP;CODPROV;NOMBREPROV;CODAUTON;NOMBREAUTON;DENOMINACION;CODINE;INEMUNICIPIO;LATITUD_ETRS89_REGCAN95;LONGITUD_ETRS89_REGCAN95;ORIGENCOOR;ALTITUD;ORIGENALTITUD
4010001;01;Araba/Álava;16;País Vasco/Euskadi;Adana;01053000100;01053;42,82253382;-2,47464991;Detección automática;620;MDT
4010002;01;Araba/Álava;16;País Vasco/Euskadi;Agiñaga;01010000100;01010;43,03464399;-3,07063415;Mapa;383;MDT
4010003;01;Araba/Álava;16;País Vasco/Euskadi;Alegría-Dulantzi;01001000100;01001;42,83981158;-2,51243731;Investigación;568;Investigación
4010004;01;Araba/Álava;16;País Vasco/Euskadi;Antezana de la Ribera;01046000100;01046;42,77115579;-2,876100362;Coordinado_IGR Poblaciones;580;MDT
4010005;01;Araba/Álava;16;País Vasco/Euskadi;Anuntzeta/Anúcita;01046000200;01046;42,80157241;-2,898298514;Coordinado_IGR Poblaciones;583;MDT
4010006;01;Araba/Álava;16;País Vasco/Euskadi;Añes;01010000200;01010;43,05819114;-3,13289708;Mapa;429;MDT
4010007;01;Araba/Álava;16;País Vasco/Euskadi;Añua;01021000100;01021;42,83314575;-2,538246492;Coordinado_IGR Poblaciones;560;MDT
4010008;01;Araba/Álava;16;País Vasco/Euskadi;Apodaka;01018000200;01018;42,91741648;-2,729836599;Coordinado_IGR Poblaciones;544;MDT
4010009;01;Araba/Álava;16;País Vasco/Euskadi;Arbulu;01021000200;01021;42,87508068;-2,566902777;Coordinado_IGR Poblaciones;533;MDT
4010010;01;Araba/Álava;16;País Vasco/Euskadi;Argandoña;01059001100;01059;42,83914462;-2,583435847;Coordinado_IGR Poblaciones;544;MDT
4010011;01;Araba/Álava;16;País Vasco/Euskadi;Armentia;01059001300;01059;42,83236072;-2,69965207;Coordinado_IGR Poblaciones;557;MDT
4010013;01;Araba/Álava;16;País Vasco/Euskadi;Arreo;01046000400;01046;42,78455905;-2,969322263;Coordinado_IGR Poblaciones;762;MDT
4010014;01;Araba/Álava;16;País Vasco/Euskadi;Arrieta;01027000300;01027;42,85882944;-2,475007308;Coordinado_IGR Poblaciones;573;MDT
4010015;01;Araba/Álava;16;País Vasco/Euskadi;Askartza;01059001600;01059;42,84214505;-2,612434772;Coordinado_IGR Poblaciones;533;MDT
4010016;01;Araba/Álava;16;País Vasco/Euskadi;Axpuru;01053000200;01053;42,91087054;-2,447953008;Coordinado_IGR Poblaciones;577;MDT
4010017;01;Araba/Álava;16;País Vasco/Euskadi;Audikana;01013000100;01013;42,8827072;-2,485599378;Coordinado_IGR Poblaciones;554;MDT
4010018;01;Araba/Álava;16;País Vasco/Euskadi;Bachicabo;01055000300;01055;42,78931946;-3,071319619;Coordinado_IGR Poblaciones;647;MDT
4010019;01;Araba/Álava;16;País Vasco/Euskadi;Basquiñuelas;01046000700;01046;42,81248923;-2,961059451;Coordinado_IGR Poblaciones;676;MDT
4010020;01;Araba/Álava;16;País Vasco/Euskadi;Bergonda/Bergüenda;01902000200;01902;42,77830107;-3,045398449;Coordinado_IGR Poblaciones;485;MDT
4010021;01;Araba/Álava;16;País Vasco/Euskadi;Bernedo;01016000300;01016;42,62644187;-2,498883519;Detección automática;714;MDT
4010022;01;Araba/Álava;16;País Vasco/Euskadi;Zerio;01059002200;01059;42,85298546;-2,590371911;Coordinado_IGR Poblaciones;536;MDT
4010023;01;Araba/Álava;16;País Vasco/Euskadi;Txintxetru;01053000300;01053;42,83528311;-2,455417982;Coordinado_IGR Poblaciones;601;MDT
4010024;01;Araba/Álava;16;País Vasco/Euskadi;Real Valle de Laminoria/Laminoriako Erret Harana;01037010300;01037;42,75347404;-2,4391867;Detección automática;680;MDT
4010025;01;Araba/Álava;16;País Vasco/Euskadi;Ziriano;01008000400;01008;42,9296071;-2,67540003;Mapa;564;MDT
4010026;01;Araba/Álava;16;País Vasco/Euskadi;Comunión/Komunioi;01902000400;01902;42,71657557;-2,96649719;Mapa;482;MDT
4010027;01;Araba/Álava;16;País Vasco/Euskadi;Costera/Opellora;01010000400;01010;43,10276738;-3,10454276;Mapa;346;MDT
4010028;01;Araba/Álava;16;País Vasco/Euskadi;Krispiña/Crispijana;01059002300;01059;42,85352474;-2,731295593;Coordinado_IGR Poblaciones;506;MDT
4010029;01;Araba/Álava;16;País Vasco/Euskadi;Dallo;01013000200;01013;42,87263507;-2,467805844;Coordinado_IGR Poblaciones;567;MDT
4010030;01;Araba/Álava;16;País Vasco/Euskadi;Etxegoien;01010000500;01010;43,0430198;-3,02155885;Mapa;300;MDT
4010031;01;Araba/Álava;16;País Vasco/Euskadi;Etxabarri Urtupiña;01013000300;01013;42,86789671;-2,501477369;Coordinado_IGR Poblaciones;578;MDT
4010032;01;Araba/Álava;16;País Vasco/Euskadi;Eguilaz/Egilatz;01053000400;01053;42,86339737;-2,332389829;Coordinado_IGR Poblaciones;602;MDT
4010033;01;Araba/Álava;16;País Vasco/Euskadi;Egileta;01001000200;01001;42,8101189;-2,535543764;Coordinado_IGR Poblaciones;629;MDT
4010034;01;Araba/Álava;16;País Vasco/Euskadi;Elgea;01013000400;01013;42,938698;-2,512672;Investigación;652;Investigación
4010035;01;Araba/Álava;16;País Vasco/Euskadi;Eribe;01018000800;01018;42,95577362;-2,710967648;Coordinado_IGR Poblaciones;635;MDT
4010036;01;Araba/Álava;16;País Vasco/Euskadi;Espejo;01055001100;01055;42,80919572;-3,047021931;Coordinado_IGR Poblaciones;501;MDT
4010037;01;Araba/Álava;16;País Vasco/Euskadi;Estarrona;01059002600;01059;42,86534067;-2,7478932;Detección automática;527;MDT
4010038;01;Araba/Álava;16;País Vasco/Euskadi;Etura;01013000500;01013;42,89191784;-2,490804248;Coordinado_IGR Poblaciones;596;MDT
4010039;01;Araba/Álava;16;País Vasco/Euskadi;Ezkerekotxa;01027000500;01027;42,84764992;-2,45363107;Detección automática;576;MDT
4010040;01;Araba/Álava;16;País Vasco/Euskadi;Gazeo;01027000600;01027;42,84866016;-2,430085554;Coordinado_IGR Poblaciones;587;MDT
4010041;01;Araba/Álava;16;País Vasco/Euskadi;Gazeta;01021000500;01021;42,84355631;-2,538580155;Coordinado_IGR Poblaciones;547;MDT
4010042;01;Araba/Álava;16;País Vasco/Euskadi;Gauna;01027000700;01027;42,82425557;-2,495284905;Coordinado_IGR Poblaciones;600;MDT
4010043;01;Araba/Álava;16;País Vasco/Euskadi;Gereñu;01027000800;01027;42,81505073;-2,442456541;Coordinado_IGR Poblaciones;678;MDT
4010044;01;Araba/Álava;16;País Vasco/Euskadi;Gebara;01013000700;01013;42,89409239;-2,51127883;Coordinado_IGR Poblaciones;562;MDT
4010045;01;Araba/Álava;16;País Vasco/Euskadi;Goiuri-Ondona;01054000500;01054;42,97584563;-2,919080257;Detección automática;637;MDT
4010046;01;Araba/Álava;16;País Vasco/Euskadi;Heredia;01013000800;01013;42,87821834;-2,443664862;Coordinado_IGR Poblaciones;587;MDT
4010047;01;Araba/Álava;16;País Vasco/Euskadi;Hermua;01013000900;01013;42,91675756;-2,47800898;Coordinado_IGR Poblaciones;561;MDT
4010048;01;Araba/Álava;16;País Vasco/Euskadi;Hijona/Ixona;01021000600;01021;42,81526204;-2,547002754;Coordinado_IGR Poblaciones;618;MDT
4010049;01;Araba/Álava;16;País Vasco/Euskadi;Ilarratza;01059003800;01059;42,86034012;-2,599399378;Coordinado_IGR Poblaciones;519;MDT
4010050;01;Araba/Álava;16;País Vasco/Euskadi;Izarra;01054000700;01054;42,95239599;-2,900347764;Detección automática;612;MDT
4010051;01;Araba/Álava;16;País Vasco/Euskadi;Izoria;01010000700;01010;43,06079534;-3,039198428;Coordinado_IGR Poblaciones;264;MDT
4010052;01;Araba/Álava;16;País Vasco/Euskadi;Jokano;01020001000;01020;42,87126315;-2,91657972;Detección automática;605;MDT
4010053;01;Araba/Álava;16;País Vasco/Euskadi;Labraza;01043000200;01043;42,56720587;-2,417279536;Coordinado_IGR Poblaciones;677;MDT
4010054;01;Araba/Álava;16;País Vasco/Euskadi;Langarika;01027001000;01027;42,83486943;-2,430018313;Coordinado_IGR Poblaciones;610;MDT
4010055;01;Araba/Álava;16;País Vasco/Euskadi;Larrinbe;01002000700;01002;43,04400047;-2,982010581;Coordinado_IGR Poblaciones;291;MDT
4010056;01;Araba/Álava;16;País Vasco/Euskadi;Lasarte;01059004000;01059;42,81790525;-2,690596994;Coordinado_IGR Poblaciones;570;MDT
4010057;01;Araba/Álava;16;País Vasco/Euskadi;Legutio;01058000600;01058;42,97783599;-2,642728453;Detección automática;567;MDT
4010058;01;Araba/Álava;16;País Vasco/Euskadi;Lejarzo/Lexartzu;01010000800;01010;43,05929355;-3,1212575;Mapa;385;MDT
4010059;01;Araba/Álava;16;País Vasco/Euskadi;Lermanda;01059004200;01059;42,8455674;-2,744465505;Coordinado_IGR Poblaciones;507;MDT
4010060;01;Araba/Álava;16;País Vasco/Euskadi;Lezama;01002000900;01002;43,02860994;-2,97184278;Mapa;350;MDT
4010061;01;Araba/Álava;16;País Vasco/Euskadi;Lubiano;01059004400;01059;42,8811984;-2,579477081;Coordinado_IGR Poblaciones;535;MDT
4010062;01;Araba/Álava;16;País Vasco/Euskadi;Luiaondo;01010001000;01010;43,09747564;-2,999852648;Coordinado_IGR Poblaciones;174;MDT
4010063;01;Araba/Álava;16;País Vasco/Euskadi;Luzuriaga;01053000600;01053;42,88583232;-2,393508642;Coordinado_IGR Poblaciones;590;MDT
4010064;01;Araba/Álava;16;País Vasco/Euskadi;Madaria;01010001200;01010;43,04434139;-3,0854026;Mapa;442;MDT
4010065;01;Araba/Álava;16;País Vasco/Euskadi;Margarita;01059004600;01059;42,84776316;-2,755055793;Coordinado_IGR Poblaciones;505;MDT
4010066;01;Araba/Álava;16;País Vasco/Euskadi;Marieta-Larrintzar;01013001100;01013;42,9261296;-2,539461017;Coordinado_IGR Poblaciones;565;MDT
4010067;01;Araba/Álava;16;País Vasco/Euskadi;Matauko;01059004800;01059;42,86093878;-2,578068737;Coordinado_IGR Poblaciones;527;MDT
4010068;01;Araba/Álava;16;País Vasco/Euskadi;Maturana;01013001200;01013;42,89579058;-2,518862187;Coordinado_IGR Poblaciones;581;MDT
4010069;01;Araba/Álava;16;País Vasco/Euskadi;Mendiola;01059005000;01059;42,81717329;-2,652312033;Coordinado_IGR Poblaciones;562;MDT
4010070;01;Araba/Álava;16;País Vasco/Euskadi;Menagarai-Beotegi;01010001400,01010000300;01010;43,09250207;-3,074385005;Centroide calculado a partir de las coordenadas de las poblaciones que componen el EATIM;337;Altitud media de las poblaciones que componen el EATIM
4010071;01;Araba/Álava;16;País Vasco/Euskadi;Mezkia;01053000700;01053;42,86357243;-2,354672542;Coordinado_IGR Poblaciones;608;MDT
4010072;01;Araba/Álava;16;País Vasco/Euskadi;Miñao/Miñano Mayor;01059005200;01059;42,91729597;-2,645969572;Coordinado_IGR Poblaciones;527;MDT
4010073;01;Araba/Álava;16;País Vasco/Euskadi;Miñano Menor/Miñao Gutxia;01059005300;01059;42,92377512;-2,668397248;Coordinado_IGR Poblaciones;549;MDT
4010074;01;Araba/Álava;16;País Vasco/Euskadi;Monasterioguren;01059005400;01059;42,80390855;-2,642872045;Coordinado_IGR Poblaciones;596;MDT
4010075;01;Araba/Álava;16;País Vasco/Euskadi;Murga;01010001600;01010;43,07560574;-3,025607625;Coordinado_IGR Poblaciones;237;MDT
4010076;01;Araba/Álava;16;País Vasco/Euskadi;Murgia;01063001100;01063;42,95630575;-2,81995968;Detección automática;616;MDT
4010077;01;Araba/Álava;16;País Vasco/Euskadi;Nanclares de la Oca/Langraiz Oka;01901000200;01901;42,81803444;-2,808334382;Detección automática;487;MDT
4010078;01;Araba/Álava;16;País Vasco/Euskadi;Narbaiza;01053000900;01053;42,90812329;-2,414010952;Coordinado_IGR Poblaciones;594;MDT
4010079;01;Araba/Álava;16;País Vasco/Euskadi;Okariz;01053001000;01053;42,83839737;-2,357906117;Coordinado_IGR Poblaciones;637;MDT
4010080;01;Araba/Álava;16;País Vasco/Euskadi;Ocio;01062000200;01062;42,65641058;-2,822391842;Coordinado_IGR Poblaciones;521;MDT
4010081;01;Araba/Álava;16;País Vasco/Euskadi;Olabezar;01010001800;01010;43,06936922;-3,01434523;Mapa;229;MDT
4010082;01;Araba/Álava;16;País Vasco/Euskadi;Oleta;01003000700;01003;43,04832859;-2,630922609;Coordinado_IGR Poblaciones;574;MDT
4010083;01;Araba/Álava;16;País Vasco/Euskadi;Ollávarre/Olabarri;01901000300;01901;42,81912352;-2,835529173;Coordinado_IGR Poblaciones;539;MDT
4010084;01;Araba/Álava;16;País Vasco/Euskadi;Onraita/Erroeta;01037001200;01037;42,79504986;-2,396039459;Coordinado_IGR Poblaciones;963;MDT
4010085;01;Araba/Álava;16;País Vasco/Euskadi;Ordoñana/Erdoñana;01053001100;01053;42,87257138;-2,37748303;Detección automática;587;MDT
4010086;01;Araba/Álava;16;País Vasco/Euskadi;Oreitia;01059005500;01059;42,85669338;-2,559381228;Coordinado_IGR Poblaciones;533;MDT
4010087;01;Araba/Álava;16;País Vasco/Euskadi;Ozaeta;01013001400;01013;42,91759943;-2,496599499;Detección automática;562;MDT
4010088;01;Araba/Álava;16;País Vasco/Euskadi;Erretana;01059005700;01059;42,9042757;-2,644009114;Coordinado_IGR Poblaciones;525;MDT
4010089;01;Araba/Álava;16;País Vasco/Euskadi;Ribabellosa;01047000500;01047;42,71228518;-2,918688966;Detección automática;481;MDT
4010090;01;Araba/Álava;16;País Vasco/Euskadi;Róitegui/Erroitegi;01037001300;01037;42,77897525;-2,383968011;Coordinado_IGR Poblaciones;949;MDT
4010091;01;Araba/Álava;16;País Vasco/Euskadi;Santa Cruz de Campezo/Santikurutze Kanpezu;01017000500;01017;42,6700208;-2,351267973;Detección automática;567;MDT
4010092;01;Araba/Álava;16;País Vasco/Euskadi;San Vicente de Arana/Done Bikendi Harana;01056000300;01056;42,74382246;-2,361252509;Coordinado_IGR Poblaciones;796;MDT
4010093;01;Araba/Álava;16;País Vasco/Euskadi;Sendadiano;01020001400;01020;42,8885797;-2,908041061;Coordinado_IGR Poblaciones;593;MDT
4010094;01;Araba/Álava;16;País Vasco/Euskadi;Soxo/Sojo;01010002300;01010;43,08991688;-3,1234058;Mapa;389;MDT
4010095;01;Araba/Álava;16;País Vasco/Euskadi;Subijana de Álava/Subillana-Gasteiz;01059005800;01059;42,80764097;-2,777573045;Coordinado_IGR Poblaciones;559;MDT
4010096;01;Araba/Álava;16;País Vasco/Euskadi;Tertanga;01002001200;01002;42,97818461;-3,022813917;Coordinado_IGR Poblaciones;342;MDT
4010097;01;Araba/Álava;16;País Vasco/Euskadi;Turiso;01902001200;01902;42,7561805;-2,949771008;Coordinado_IGR Poblaciones;648;MDT
4010098;01;Araba/Álava;16;País Vasco/Euskadi;Ullíbarri-Arana/Uribarri Harana;01056000400;01056;42,75926022;-2,319325597;Coordinado_IGR Poblaciones;833;MDT
4010099;01;Araba/Álava;16;País Vasco/Euskadi;Uribarri Ganboa;01008001000;01008;42,93788295;-2,607755287;Coordinado_IGR Poblaciones;549;MDT
4010100;01;Araba/Álava;16;País Vasco/Euskadi;Ullibarri-Viña/Uribarri-Dibiña;01059006100;01059;42,88139053;-2,764335319;Coordinado_IGR Poblaciones;552;MDT
4010101;01;Araba/Álava;16;País Vasco/Euskadi;Untza-Apregindana;01054001100;01054;42,97547463;-2,95445391;Mapa;668;MDT
4010102;01;Araba/Álava;16;País Vasco/Euskadi;Urbina;01058000400;01058;42,94418;-2,63762;Detección automática;526;MDT
4010103;01;Araba/Álava;16;País Vasco/Euskadi;Valderejo;01055001600;01055;42,87565112;-3,229767416;Coordinado_IGR Poblaciones;916;MDT
4010104;01;Araba/Álava;16;País Vasco/Euskadi;Bikuña;01053001400;01053;42,85047815;-2,336138029;Coordinado_IGR Poblaciones;658;MDT
4010105;01;Araba/Álava;16;País Vasco/Euskadi;Villanueva de Valdegovía;01055003000;01055;42,84824666;-3,098138822;Detección automática;553;MDT
4010106;01;Araba/Álava;16;País Vasco/Euskadi;Víllodas/Billoda;01901000500;01901;42,83187636;-2,786409148;Coordinado_IGR Poblaciones;511;MDT
4010107;01;Araba/Álava;16;País Vasco/Euskadi;Zambrana;01062000400;01062;42,66100415;-2,877876362;Detección automática;460;MDT
4010108;01;Araba/Álava;16;País Vasco/Euskadi;Zuaza/Zuhatza;01010002400;01010;43,09981257;-3,049341142;Coordinado_IGR Poblaciones;244;MDT
4010109;01;Araba/Álava;16;País Vasco/Euskadi;Zuazo de San Millán/Zuhatzu Donemiliaga;01053001500;01053;42,87147985;-2,409477597;Coordinado_IGR Poblaciones;592;MDT
4010110;01;Araba/Álava;16;País Vasco/Euskadi;Azilu;01027000100;01027;42,83131017;-2,475996232;Investigación;627;Investigación
4010111;01;Araba/Álava;16;País Vasco/Euskadi;Alaitza;01027000200;01027;42,82376322;-2,414847328;Coordinado_IGR Poblaciones;642;MDT
4010112;01;Araba/Álava;16;País Vasco/Euskadi;Ametzaga Zuia;01063000200;01063;42,95896303;-2,842855799;Coordinado_IGR Poblaciones;607;MDT
4010113;01;Araba/Álava;16;País Vasco/Euskadi;Aprikano;01020000300;01020;42,85157245;-2,894852909;Coordinado_IGR Poblaciones;554;MDT
4010115;01;Araba/Álava;16;País Vasco/Euskadi;Atauri;01037000400;01037;42,72696299;-2,426781948;Coordinado_IGR Poblaciones;637;MDT
4010116;01;Araba/Álava;16;País Vasco/Euskadi;Betoño;01059001900;01059;42,86245286;-2,655904933;Coordinado_IGR Poblaciones;511;MDT
4010117;01;Araba/Álava;16;País Vasco/Euskadi;Buruaga;01018000400;01018;42,94678805;-2,700241197;Coordinado_IGR Poblaciones;603;MDT
4010118;01;Araba/Álava;16;País Vasco/Euskadi;Egino;01009000600;01009;42,87042513;-2,263117567;Coordinado_IGR Poblaciones;567;MDT
4010119;01;Araba/Álava;16;País Vasco/Euskadi;Elburgo/Burgelu;01021000400;01021;42,850282;-2,545933;Investigación;540;Investigación
4010120;01;Araba/Álava;16;País Vasco/Euskadi;Estavillo;01006000200;01006;42,72789862;-2,860116047;Coordinado_IGR Poblaciones;539;MDT
4010121;01;Araba/Álava;16;País Vasco/Euskadi;Gillerna;01063000700;01063;42,95017632;-2,85480917;Detección automática;662;MDT
4010122;01;Araba/Álava;16;País Vasco/Euskadi;Lacervilla;01014000300;01014;42,71238162;-2,840262358;Coordinado_IGR Poblaciones;541;MDT
4010123;01;Araba/Álava;16;País Vasco/Euskadi;Manurga;01018001200;01018;42,96501049;-2,75483514;Coordinado_IGR Poblaciones;649;MDT
4010124;01;Araba/Álava;16;País Vasco/Euskadi;Mijancas;01014000500;01014;42,69525825;-2,815915387;Coordinado_IGR Poblaciones;504;MDT
4010125;01;Araba/Álava;16;País Vasco/Euskadi;Montoria;01044000400;01044;42,62180576;-2,70996164;Coordinado_IGR Poblaciones;797;MDT
4010126;01;Araba/Álava;16;País Vasco/Euskadi;Salinillas de Buradón/Gatzaga Buradon;01028000200;01028;42,63476142;-2,830428852;Coordinado_IGR Poblaciones;505;MDT
4010127;01;Araba/Álava;16;País Vasco/Euskadi;Santa Cruz del Fierro;01014000600;01014;42,65633686;-2,860934778;Coordinado_IGR Poblaciones;501;MDT
4010128;01;Araba/Álava;16;País Vasco/Euskadi;Santurde;01014000700;01014;42,68276772;-2,794195682;Coordinado_IGR Poblaciones;544;MDT
4010129;01;Araba/Álava;16;País Vasco/Euskadi;Tobera;01014000800;01014;42,67594811;-2,785289548;Coordinado_IGR Poblaciones;626;MDT
4010130;01;Araba/Álava;16;País Vasco/Euskadi;Ullibarri de los Olleros/Uribarri Nagusia;01059005900;01059;42,79483612;-2,605148785;Coordinado_IGR Poblaciones;644;MDT
4010131;01;Araba/Álava;16;País Vasco/Euskadi;Villaverde;01030000300;01030;42,62469274;-2,566264874;Coordinado_IGR Poblaciones;726;MDT
4010132;01;Araba/Álava;16;País Vasco/Euskadi;Zuazo de Vitoria/Zuhatzu;01059006500;01059;42,84012793;-2,723217323;Coordinado_IGR Poblaciones;538;MDT
4010133;01;Araba/Álava;16;País Vasco/Euskadi;Alda;01056000100;01056;42,75439749;-2,331923488;Detección automática;818;MDT
4010134;01;Araba/Álava;16;País Vasco/Euskadi;Armiñón;01006000100;01006;42,72340924;-2,872270813;Detección automática;466;MDT
4010135;01;Araba/Álava;16;País Vasco/Euskadi;Kontrasta;01056000200;01056;42,77007869;-2,295019082;Coordinado_IGR Poblaciones;824;MDT
4010136;01;Araba/Álava;16;País Vasco/Euskadi;Leciñana de la Oca;01046001300;01046;42,75948204;-2,863149142;Coordinado_IGR Poblaciones;529;MDT
4010137;01;Araba/Álava;16;País Vasco/Euskadi;Oteo;01017000400;01017;42,7164913;-2,366344656;Coordinado_IGR Poblaciones;689;MDT
4010138;01;Araba/Álava;16;País Vasco/Euskadi;Villabezana;01046002400;01046;42,73971023;-2,94266046;Detección automática;604;MDT
4010139;01;Araba/Álava;16;País Vasco/Euskadi;Abezia;01054000100;01054;42,94585368;-2,915969321;Coordinado_IGR Poblaciones;615;MDT
4010140;01;Araba/Álava;16;País Vasco/Euskadi;Abornikano;01054000200;01054;42,92951505;-2,888811721;Coordinado_IGR Poblaciones;589;MDT
4010141;01;Araba/Álava;16;País Vasco/Euskadi;Alcedo;01902000100;01902;42,77539482;-3,025125948;Coordinado_IGR Poblaciones;557;MDT
4010142;01;Araba/Álava;16;País Vasco/Euskadi;Barrio;01055000400;01055;42,80867951;-3,088382933;Coordinado_IGR Poblaciones;684;MDT
4010143;01;Araba/Álava;16;País Vasco/Euskadi;Basabe;01055000500;01055;42,89346889;-3,144186479;Coordinado_IGR Poblaciones;683;MDT
4010144;01;Araba/Álava;16;País Vasco/Euskadi;Beluntza;01054000400;01054;42,95962966;-2,891200383;Coordinado_IGR Poblaciones;672;MDT
4010145;01;Araba/Álava;16;País Vasco/Euskadi;Berganzo;01062000100;01062;42,64973299;-2,78415043;Detección automática;566;MDT
4010146;01;Araba/Álava;16;País Vasco/Euskadi;Galarreta;01053000500;01053;42,89797939;-2,362308871;Coordinado_IGR Poblaciones;658;MDT
4010147;01;Araba/Álava;16;País Vasco/Euskadi;Inoso;01054000600;01054;43,0090229;-2,936463882;Coordinado_IGR Poblaciones;444;MDT
4010148;01;Araba/Álava;16;País Vasco/Euskadi;Larrazkueta;01054000800;01054;42,94652365;-2,892531214;Coordinado_IGR Poblaciones;625;MDT
4010149;01;Araba/Álava;16;País Vasco/Euskadi;Lopidana;01059004300;01059;42,87260391;-2,711996988;Coordinado_IGR Poblaciones;506;MDT
4010150;01;Araba/Álava;16;País Vasco/Euskadi;Marinda;01020001200;01020;42,88504107;-2,94574281;Mapa;696;MDT
4010151;01;Araba/Álava;16;País Vasco/Euskadi;Mendiguren;01059004900;01059;42,89967967;-2,703895221;Coordinado_IGR Poblaciones;515;MDT
4010152;01;Araba/Álava;16;País Vasco/Euskadi;Munain;01053000800;01053;42,84674507;-2,355243594;Coordinado_IGR Poblaciones;618;MDT
4010153;01;Araba/Álava;16;País Vasco/Euskadi;Oiardo;01054001000;01054;42,98950546;-2,928288099;Coordinado_IGR Poblaciones;646;MDT
4010154;01;Araba/Álava;16;País Vasco/Euskadi;Peñacerrada/Urizaharra;01044000600;01044;42,64434353;-2,713556409;Detección automática;748;MDT
4010155;01;Araba/Álava;16;País Vasco/Euskadi;Pinedo;01055002000;01055;42,87540591;-3,1490513;Coordinado_IGR Poblaciones;713;MDT
4010156;01;Araba/Álava;16;País Vasco/Euskadi;Portilla/Zabalate;01062000300;01062;42,67278845;-2,839289351;Coordinado_IGR Poblaciones;651;MDT
4010158;01;Araba/Álava;16;País Vasco/Euskadi;Durruma/San Román de San Millán;01053001200;01053;42,8648993;-2,31269711;Detección automática;609;MDT
4010159;01;Araba/Álava;16;País Vasco/Euskadi;Ullibarri-Jauregi/Uribarri-Jauregi;01053001300;01053;42,81029365;-2,45817855;Coordinado_IGR Poblaciones;654;MDT
4010160;01;Araba/Álava;16;País Vasco/Euskadi;Uzkiano;01054001200;01054;42,99660612;-2,942447888;Coordinado_IGR Poblaciones;680;MDT
4010161;01;Araba/Álava;16;País Vasco/Euskadi;Tuyo;01046002200;01046;42,78338012;-2,846764502;Coordinado_IGR Poblaciones;566;MDT
4010162;01;Araba/Álava;16;País Vasco/Euskadi;Abetxuko;01059000100;01059;42,87614702;-2,680293616;Coordinado_IGR Poblaciones;521;MDT
4010163;01;Araba/Álava;16;País Vasco/Euskadi;Aberasturi;01059000200;01059;42,82558518;-2,595204169;Coordinado_IGR Poblaciones;564;MDT
4010164;01;Araba/Álava;16;País Vasco/Euskadi;Amarita;01059000400;01059;42,91576639;-2,629179968;Coordinado_IGR Poblaciones;525;MDT
4010165;01;Araba/Álava;16;País Vasco/Euskadi;Ametzaga Asparrena;01009000200;01009;42,87364662;-2,326770062;Coordinado_IGR Poblaciones;586;MDT
4010166;01;Araba/Álava;16;País Vasco/Euskadi;Anda;01020000100;01020;42,91771246;-2,896056283;Coordinado_IGR Poblaciones;584;MDT
4010167;01;Araba/Álava;16;País Vasco/Euskadi;Arangiz;01059000700;01059;42,88803124;-2,700392249;Coordinado_IGR Poblaciones;511;MDT
4010169;01;Araba/Álava;16;País Vasco/Euskadi;Argomaniz;01021000300;01021;42,86822875;-2,542584227;Coordinado_IGR Poblaciones;573;MDT
4010170;01;Araba/Álava;16;País Vasco/Euskadi;Arluzea;01016000200;01016;42,72706857;-2,542948987;Coordinado_IGR Poblaciones;762;MDT
4010171;01;Araba/Álava;16;País Vasco/Euskadi;Baranbio;01002000500;01002;43,04848035;-2,920819517;Coordinado_IGR Poblaciones;269;MDT
4010172;01;Araba/Álava;16;País Vasco/Euskadi;Barriobusto/Gorrebusto;01043000100;01043;42,56747086;-2,431270422;Coordinado_IGR Poblaciones;592;MDT
4010173;01;Araba/Álava;16;País Vasco/Euskadi;Berantevilla;01014000100;01014;42,68269243;-2,859369462;Detección automática;470;MDT
4010174;01;Araba/Álava;16;País Vasco/Euskadi;Berrostegieta;01059001800;01059;42,81301861;-2,70957772;Detección automática;617;MDT
4010175;01;Araba/Álava;16;País Vasco/Euskadi;Betolaza;01008000300;01008;42,94008937;-2,667715446;Coordinado_IGR Poblaciones;560;MDT
4010176;01;Araba/Álava;16;País Vasco/Euskadi;Bolibar;01059002000;01059;42,80993575;-2,614176009;Coordinado_IGR Poblaciones;585;MDT
4010177;01;Araba/Álava;16;País Vasco/Euskadi;Bóveda;01055000700;01055;42,9063796;-3,204481835;Coordinado_IGR Poblaciones;693;MDT
4010178;01;Araba/Álava;16;País Vasco/Euskadi;Bujanda;01017000200;01017;42,6749682;-2,405182074;Coordinado_IGR Poblaciones;615;MDT
4010179;01;Araba/Álava;16;País Vasco/Euskadi;Caicedo Yuso;01902000300;01902;42,75301492;-2,996842789;Coordinado_IGR Poblaciones;568;MDT
4010181;01;Araba/Álava;16;País Vasco/Euskadi;Korres;01037000700;01037;42,698252;-2,433858452;Coordinado_IGR Poblaciones;700;MDT
4010182;01;Araba/Álava;16;País Vasco/Euskadi;Etxaguen (Zigoitia);01018000600;01018;42,98413134;-2,724445369;Coordinado_IGR Poblaciones;642;MDT
4010183;01;Araba/Álava;16;País Vasco/Euskadi;Etxabarri Kuartango;01020000700;01020;42,88447741;-2,88925343;Mapa;587;MDT
4010184;01;Araba/Álava;16;País Vasco/Euskadi;Etxabarri Ibiña;01018000700;01018;42,91655436;-2,709862888;Coordinado_IGR Poblaciones;553;MDT
4010185;01;Araba/Álava;16;País Vasco/Euskadi;Eskibel;01059002500;01059;42,8112118;-2,723959305;Coordinado_IGR Poblaciones;661;MDT
4010187;01;Araba/Álava;16;País Vasco/Euskadi;Fontecha;01902000500;01902;42,7454932;-3,027701477;Coordinado_IGR Poblaciones;493;MDT
4010188;01;Araba/Álava;16;País Vasco/Euskadi;Gamiz;01059003100;01059;42,81900434;-2,619364942;Coordinado_IGR Poblaciones;564;MDT
4010189;01;Araba/Álava;16;País Vasco/Euskadi;Gardelegi;01059003200;01059;42,82373768;-2,676225124;Coordinado_IGR Poblaciones;571;MDT
4010190;01;Araba/Álava;16;País Vasco/Euskadi;Goiain;01058000200;01058;42,95473514;-2,64068263;Mapa;560;MDT
4010191;01;Araba/Álava;16;País Vasco/Euskadi;Gometxa;01059003400;01059;42,82685517;-2,732269603;Coordinado_IGR Poblaciones;562;MDT
4010192;01;Araba/Álava;16;País Vasco/Euskadi;Gopegi;01018000900;01018;42,95770957;-2,729743759;Detección automática;582;MDT
4010193;01;Araba/Álava;16;País Vasco/Euskadi;Gereña;01059003500;01059;42,88592578;-2,739798058;Coordinado_IGR Poblaciones;508;MDT
4010195;01;Araba/Álava;16;País Vasco/Euskadi;Hereña;01046001100;01046;42,77788261;-2,904353451;Coordinado_IGR Poblaciones;505;MDT
4010196;01;Araba/Álava;16;País Vasco/Euskadi;Hueto Abajo/Otobarren;01059003600;01059;42,8841698;-2,799859046;Coordinado_IGR Poblaciones;526;MDT
4010197;01;Araba/Álava;16;País Vasco/Euskadi;Jungitu;01059003900;01059;42,87291084;-2,594782839;Coordinado_IGR Poblaciones;519;MDT
4010199;01;Araba/Álava;16;País Vasco/Euskadi;Lagran;01030000100;01030;42,62612082;-2,584350717;Detección automática;753;MDT
4010200;01;Araba/Álava;16;País Vasco/Euskadi;Landa;01008000600;01008;42,96033804;-2,589347063;Coordinado_IGR Poblaciones;558;MDT
4010201;01;Araba/Álava;16;País Vasco/Euskadi;Lasierra;01046001200;01046;42,79686572;-2,874862617;Coordinado_IGR Poblaciones;642;MDT
4010202;01;Araba/Álava;16;País Vasco/Euskadi;Leciñana del Camino/Leziñana;01902000600;01902;42,74320165;-2,982963716;Coordinado_IGR Poblaciones;546;MDT
4010203;01;Araba/Álava;16;País Vasco/Euskadi;Legarda;01059004100;01059;42,89415097;-2,73785623;Coordinado_IGR Poblaciones;524;MDT
4010204;01;Araba/Álava;16;País Vasco/Euskadi;Lekamaña;01002000800;01002;43,02149019;-2,996148832;Coordinado_IGR Poblaciones;419;MDT
4010205;01;Araba/Álava;16;País Vasco/Euskadi;Letona;01018001100;01018;42,93231944;-2,748318018;Coordinado_IGR Poblaciones;594;MDT
4010206;01;Araba/Álava;16;País Vasco/Euskadi;Luna;01020001100;01020;42,89049884;-2,981076589;Coordinado_IGR Poblaciones;750;MDT
4010207;01;Araba/Álava;16;País Vasco/Euskadi;Maeztu/Maestu;01037001000;01037;42,738527;-2,444299;Investigación;649;Investigación
4010208;01;Araba/Álava;16;País Vasco/Euskadi;Manzanos;01047000200;01047;42,74144674;-2,876325707;Coordinado_IGR Poblaciones;519;MDT
4010209;01;Araba/Álava;16;País Vasco/Euskadi;Markinez;01016000600;01016;42,70238568;-2,5646256;Coordinado_IGR Poblaciones;688;MDT
4010210;01;Araba/Álava;16;País Vasco/Euskadi;Mendoza;01059005100;01059;42,85968256;-2,777735235;Coordinado_IGR Poblaciones;508;MDT
4010211;01;Araba/Álava;16;País Vasco/Euskadi;Menoio;01010001500;01010;43,06946626;-3,072881172;Coordinado_IGR Poblaciones;468;MDT
4010212;01;Araba/Álava;16;País Vasco/Euskadi;Navarrete;01016000700;01016;42,63717031;-2,524632663;Coordinado_IGR Poblaciones;698;MDT
4010213;01;Araba/Álava;16;País Vasco/Euskadi;Olano;01018001500;01018;42,95146526;-2,766138196;Coordinado_IGR Poblaciones;595;MDT
4010214;01;Araba/Álava;16;País Vasco/Euskadi;Orbiso;01017000300;01017;42,69616728;-2,33660562;Coordinado_IGR Poblaciones;589;MDT
4010215;01;Araba/Álava;16;País Vasco/Euskadi;Ormijana;01046001700;01046;42,83399364;-2,929929422;Coordinado_IGR Poblaciones;624;MDT
4010216;01;Araba/Álava;16;País Vasco/Euskadi;Paúl;01046001800;01046;42,79197183;-2,942849706;Coordinado_IGR Poblaciones;653;MDT
4010217;01;Araba/Álava;16;País Vasco/Euskadi;Pipaon;01030000200;01030;42,61514714;-2,643118012;Coordinado_IGR Poblaciones;843;MDT
4010218;01;Araba/Álava;16;País Vasco/Euskadi;Pobes;01046001900;01046;42,80554817;-2,907362586;Detección automática;516;MDT
4010219;01;Araba/Álava;16;País Vasco/Euskadi;Puentelarrá/Larrazubi;01902000900;01902;42,7508586;-3,047714826;Coordinado_IGR Poblaciones;474;MDT
4010220;01;Araba/Álava;16;País Vasco/Euskadi;Quejana/Kexaa;01010001900;01010;43,07812;-3,0701055;Mapa;323;MDT
4010221;01;Araba/Álava;16;País Vasco/Euskadi;Quintana;01016000900;01016;42,6582337;-2,477339457;Coordinado_IGR Poblaciones;744;MDT
4010222;01;Araba/Álava;16;País Vasco/Euskadi;Ribaguda;01047000600;01047;42,69910831;-2,882642724;Coordinado_IGR Poblaciones;462;MDT
4010223;01;Araba/Álava;16;País Vasco/Euskadi;Sabando;01037001400;01037;42,74943477;-2,400446198;Coordinado_IGR Poblaciones;783;MDT
4010224;01;Araba/Álava;16;País Vasco/Euskadi;Salcedo;01902001000;01902;42,73432475;-2,963539103;Coordinado_IGR Poblaciones;531;MDT
4010225;01;Araba/Álava;16;País Vasco/Euskadi;San Román de Campezo/Durruma Kanpezu;01016001000;01016;42,67098931;-2,443474932;Coordinado_IGR Poblaciones;825;MDT
4010226;01;Araba/Álava;16;País Vasco/Euskadi;Saratxo;01002001100;01002;43,02410122;-3,010798201;Coordinado_IGR Poblaciones;256;MDT
4010227;01;Araba/Álava;16;País Vasco/Euskadi;Sobrón;01902001100;01902;42,76194441;-3,082695994;Coordinado_IGR Poblaciones;480;MDT
4010228;01;Araba/Álava;16;País Vasco/Euskadi;Tobillas;01055002400;01055;42,88029085;-3,187070483;Coordinado_IGR Poblaciones;640;MDT
4010229;01;Araba/Álava;16;País Vasco/Euskadi;Trasponte/Trespuentes;01901000400;01901;42,84555868;-2,788963265;Coordinado_IGR Poblaciones;509;MDT
4010230;01;Araba/Álava;16;País Vasco/Euskadi;Uribarri Arrazua;01059006000;01059;42,88786495;-2,593807529;Coordinado_IGR Poblaciones;539;MDT
4010231;01;Araba/Álava;16;País Vasco/Euskadi;Urabain;01009001000;01009;42,86332332;-2,294654159;Coordinado_IGR Poblaciones;610;MDT
4010232;01;Araba/Álava;16;País Vasco/Euskadi;Urarte;01016001100;01016;42,69928676;-2,593177836;Coordinado_IGR Poblaciones;646;MDT
4010233;01;Araba/Álava;16;País Vasco/Euskadi;Valluerca;01055002600;01055;42,90903507;-3,168267212;Coordinado_IGR Poblaciones;762;MDT
4010234;01;Araba/Álava;16;País Vasco/Euskadi;Villambrosa;01046002600;01046;42,78097047;-3,00558205;Detección automática;734;MDT
4010235;01;Araba/Álava;16;País Vasco/Euskadi;Vírgala Mayor/Birgaragoien;01037020100;01037;42,75330478;-2,474904992;Coordinado_IGR Poblaciones;689;MDT
4010236;01;Araba/Álava;16;País Vasco/Euskadi;Zaitegi;01018001700;01018;42,94334379;-2,760863763;Coordinado_IGR Poblaciones;598;MDT
4010237;01;Araba/Álava;16;País Vasco/Euskadi;Zurbano/Zurbao;01008001100;01008;42,87185304;-2,617204912;Coordinado_IGR Poblaciones;514;MDT
4010238;01;Araba/Álava;16;País Vasco/Euskadi;Jauregi;01027000900;01027;42,80799784;-2,46851127;Detección automática;665;MDT
4010239;01;Araba/Álava;16;País Vasco/Euskadi;Trokoniz;01027001100;01027;42,82553275;-2,555884001;Coordinado_IGR Poblaciones;577;MDT
4010240;01;Araba/Álava;16;País Vasco/Euskadi;Zuhatzu Kuartango;01020002000;01020;42,86990022;-2,887492118;Detección automática;553;MDT
4010241;01;Araba/Álava;16;País Vasco/Euskadi;Acebedo;01055000100;01055;42,90389768;-3,154596017;Coordinado_IGR Poblaciones;742;MDT
4010242;01;Araba/Álava;16;País Vasco/Euskadi;Antoñana;01017000100;01017;42,69372606;-2,395965363;Coordinado_IGR Poblaciones;610;MDT
4010243;01;Araba/Álava;16;País Vasco/Euskadi;Llanteno;01010001100;01010;43,11005986;-3,095229025;Coordinado_IGR Poblaciones;191;MDT
4010244;01;Araba/Álava;16;País Vasco/Euskadi;Martioda;01059004700;01059;42,87484126;-2,779434783;Coordinado_IGR Poblaciones;535;MDT
4010245;01;Araba/Álava;16;País Vasco/Euskadi;Quintanilla;01055002200;01055;42,91245322;-3,186612853;Coordinado_IGR Poblaciones;740;MDT
4010246;01;Araba/Álava;16;País Vasco/Euskadi;Ariñiz/Aríñez;01059001200;01059;42,82781407;-2,753017271;Coordinado_IGR Poblaciones;537;MDT
4010247;01;Araba/Álava;16;País Vasco/Euskadi;Villafranca;01059006200;01059;42,83807249;-2,569683479;Coordinado_IGR Poblaciones;547;MDT
4010248;01;Araba/Álava;16;País Vasco/Euskadi;Acosta/Okoizta;01018000100;01018;42,97296666;-2,713159868;Coordinado_IGR Poblaciones;632;MDT
4010249;01;Araba/Álava;16;País Vasco/Euskadi;Aloria;01002000100;01002;42,99633625;-2,982035886;Coordinado_IGR Poblaciones;382;MDT
4010250;01;Araba/Álava;16;País Vasco/Euskadi;Ehari/Ali;01059000300;01059;42,852208;-2,7033636;Detección automática;512;MDT
4010251;01;Araba/Álava;16;País Vasco/Euskadi;Andoin;01009000300;01009;42,85922389;-2,266054743;Coordinado_IGR Poblaciones;608;MDT
4010252;01;Araba/Álava;16;País Vasco/Euskadi;Andollu;01059000500;01059;42,83195377;-2,568001843;Coordinado_IGR Poblaciones;554;MDT
4010253;01;Araba/Álava;16;País Vasco/Euskadi;Angostina;01016000100;01016;42,63518115;-2,469693566;Coordinado_IGR Poblaciones;668;MDT
4010254;01;Araba/Álava;16;País Vasco/Euskadi;Aperregi;01063000300;01063;42,92330026;-2,842766135;Coordinado_IGR Poblaciones;624;MDT
4010255;01;Araba/Álava;16;País Vasco/Euskadi;Aretxabaleta;01059001000;01059;42,83031019;-2,673201552;Coordinado_IGR Poblaciones;556;MDT
4010256;01;Araba/Álava;16;País Vasco/Euskadi;Arroiabe;01008000100;01008;42,91601863;-2,617799257;Coordinado_IGR Poblaciones;537;MDT
4010257;01;Araba/Álava;16;País Vasco/Euskadi;Berrikano;01018000300;01018;42,94552127;-2,717767189;Coordinado_IGR Poblaciones;583;MDT
4010258;01;Araba/Álava;16;País Vasco/Euskadi;Zestafe;01018000500;01018;42,97061808;-2,705260653;Coordinado_IGR Poblaciones;641;MDT
4010259;01;Araba/Álava;16;País Vasco/Euskadi;Erentxun;01027000400;01027;42,81525136;-2,521336212;Coordinado_IGR Poblaciones;616;MDT
4010260;01;Araba/Álava;16;País Vasco/Euskadi;Gamarra Gutxia/Gamarra Menor;01059003000;01059;42,88422213;-2,647290874;Coordinado_IGR Poblaciones;514;MDT
4010261;01;Araba/Álava;16;País Vasco/Euskadi;Gobeo;01059003300;01059;42,86320111;-2,716481005;Coordinado_IGR Poblaciones;504;MDT
4010262;01;Araba/Álava;16;País Vasco/Euskadi;Ilarduia;01009000900;01009;42,87274804;-2,285804643;Coordinado_IGR Poblaciones;576;MDT
4010263;01;Araba/Álava;16;País Vasco/Euskadi;Maroño;01010001300;01010;43,05111176;-3,05839819;Mapa;356;MDT
4010264;01;Araba/Álava;16;País Vasco/Euskadi;Otazu;01059005600;01059;42,83216322;-2,627816238;Coordinado_IGR Poblaciones;535;MDT
4010265;01;Araba/Álava;16;País Vasco/Euskadi;Payueta/Pagoeta;01044000500;01044;42,65100095;-2,725787798;Coordinado_IGR Poblaciones;735;MDT
4010266;01;Araba/Álava;16;País Vasco/Euskadi;Salmantón;01010002200;01010;43,05300975;-3,086973988;Coordinado_IGR Poblaciones;408;MDT
4010267;01;Araba/Álava;16;País Vasco/Euskadi;Villafría;01016001300;01016;42,62393468;-2,536919785;Coordinado_IGR Poblaciones;718;MDT
4010268;01;Araba/Álava;16;País Vasco/Euskadi;Yurre/Ihurre;01059006400;01059;42,87648447;-2,70131959;Detección automática;506;MDT
4010269;01;Araba/Álava;16;País Vasco/Euskadi;Arkauti/Arcaute;01059000800;01059;42,85176176;-2,636032597;Coordinado_IGR Poblaciones;514;MDT
4010270;01;Araba/Álava;16;País Vasco/Euskadi;Arzubiaga;01008000200;01008;42,88074208;-2,61925728;Mapa;545;MDT
4010271;01;Araba/Álava;16;País Vasco/Euskadi;Castillo/Gaztelu;01059002100;01059;42,80611295;-2,669881451;Coordinado_IGR Poblaciones;662;MDT
4010272;01;Araba/Álava;16;País Vasco/Euskadi;Mendixur/Mendíjur;01013001300;01013;42,88642338;-2,537324489;Coordinado_IGR Poblaciones;565;MDT
4010273;01;Araba/Álava;16;País Vasco/Euskadi;Villamaderne;01055002700;01055;42,82227265;-3,041334125;Coordinado_IGR Poblaciones;548;MDT
4010274;01;Araba/Álava;16;País Vasco/Euskadi;Atiega/Atiaga;01049000100;01049;42,82695203;-3,00899845;Mapa;580;MDT
4010275;01;Araba/Álava;16;País Vasco/Euskadi;Durana;01008000500;01008;42,88990689;-2,640208161;Detección automática;514;MDT
4010276;01;Araba/Álava;16;País Vasco/Euskadi;Elosu;01058000100;01058;42,97563462;-2,67876553;Coordinado_IGR Poblaciones;586;MDT
4010277;01;Araba/Álava;16;País Vasco/Euskadi;Larrea;01013001000;01013;42,91421296;-2,460887329;Coordinado_IGR Poblaciones;567;MDT
4010278;01;Araba/Álava;16;País Vasco/Euskadi;Lukiano;01063000900;01063;42,93145542;-2,857014564;Coordinado_IGR Poblaciones;626;MDT
4010279;01;Araba/Álava;16;País Vasco/Euskadi;Ondategi;01018001600;01018;42,956359;-2,73537847;Coordinado_IGR Poblaciones;596;MDT
4010280;01;Araba/Álava;16;País Vasco/Euskadi;Osma;01055001900;01055;42,89081858;-3,0643752;Detección automática;568;MDT
4010281;01;Araba/Álava;16;País Vasco/Euskadi;Páganos;01031000400;01031;42,55863883;-2,605127932;Coordinado_IGR Poblaciones;575;MDT
4010282;01;Araba/Álava;16;País Vasco/Euskadi;Zumeltzu;01059006600;01059;42,80730866;-2,75534675;Detección automática;629;MDT
4010283;01;Araba/Álava;16;País Vasco/Euskadi;Astegieta;01059001700;01059;42,86101532;-2,73093249;Detección automática;502;MDT
4010284;01;Araba/Álava;16;País Vasco/Euskadi;Caicedo-Sopeña;01046000800;01046;42,7845426;-2,91816577;Detección automática;603;MDT
4010285;01;Araba/Álava;16;País Vasco/Euskadi;Delika;01002000600;01002;42,97101677;-2,990098275;Coordinado_IGR Poblaciones;316;MDT
4010286;01;Araba/Álava;16;País Vasco/Euskadi;Morillas;01046001500;01046;42,82493064;-2,900220378;Coordinado_IGR Poblaciones;530;MDT
4010287;01;Araba/Álava;16;País Vasco/Euskadi;Okina;01016000800;01016;42,762389;-2,587097466;Coordinado_IGR Poblaciones;789;MDT
4010288;01;Araba/Álava;16;País Vasco/Euskadi;Subijana-Morillas;01046002100;01046;42,82342296;-2,895752308;Coordinado_IGR Poblaciones;529;MDT
4010289;01;Araba/Álava;16;País Vasco/Euskadi;Tuesta;01055002500;01055;42,80939395;-3,025122007;Coordinado_IGR Poblaciones;548;MDT
4010290;01;Araba/Álava;16;País Vasco/Euskadi;Urrunaga;01058000500;01058;42,95400211;-2,652263448;Coordinado_IGR Poblaciones;542;MDT
4010291;01;Araba/Álava;16;País Vasco/Euskadi;Apellániz/Apilaiz;01037000200;01037;42,73068103;-2,480477442;Coordinado_IGR Poblaciones;738;MDT
4010292;01;Araba/Álava;16;País Vasco/Euskadi;Elorriaga;01059002400;01059;42,85026691;-2,64124276;Coordinado_IGR Poblaciones;516;MDT
4010293;01;Araba/Álava;16;País Vasco/Euskadi;Gamarra Mayor/Gamarra Nagusia;01059002900;01059;42,87803234;-2,656922126;Coordinado_IGR Poblaciones;510;MDT
4010294;01;Araba/Álava;16;País Vasco/Euskadi;Erbi;01010000600;01010;43,07544582;-3,11490136;Mapa;282;MDT
4010295;01;Araba/Álava;16;País Vasco/Euskadi;Zubillaga;01902001300;01902;42,71573281;-2,978217432;Coordinado_IGR Poblaciones;469;MDT
4010296;01;Araba/Álava;16;País Vasco/Euskadi;Gurendes-Quejo;01055001400,01055002100;01055;42,84024029;-3,128572557;Centroide calculado a partir de las coordenadas de las poblaciones que componen el EATIM;624,5;Altitud media de las poblaciones que componen el EATIM
4010297;01;Araba/Álava;16;País Vasco/Euskadi;Baroja-Zumentu;01044000100;01044;42,66483104;-2,69196852;Detección automática;702;MDT
4010298;01;Araba/Álava;16;País Vasco/Euskadi;Faido/Faidu;01044000200;01044;42,66804333;-2,656673258;Coordinado_IGR Poblaciones;679;MDT
4010299;01;Araba/Álava;16;País Vasco/Euskadi;Artomaña;01002000300;01002;42,98363568;-2,98190796;Coordinado_IGR Poblaciones;330;MDT
4010300;01;Araba/Álava;16;País Vasco/Euskadi;Azazeta;01037000500;01037;42,77779144;-2,498464962;Coordinado_IGR Poblaciones;808;MDT
4010301;01;Araba/Álava;16;País Vasco/Euskadi;Luko;01008000700;01008;42,93464904;-2,6420746;Detección automática;524;MDT
4010302;01;Araba/Álava;16;País Vasco/Euskadi;Mendibil;01008000800;01008;42,90549195;-2,629107995;Coordinado_IGR Poblaciones;518;MDT
4010303;01;Araba/Álava;16;País Vasco/Euskadi;Albeiz/Albéniz;01009000100;01009;42,87461178;-2,307673592;Coordinado_IGR Poblaciones;587;MDT
4010304;01;Araba/Álava;16;País Vasco/Euskadi;Arriola;01009000500;01009;42,91205876;-2,390870973;Coordinado_IGR Poblaciones;631;MDT
4010305;01;Araba/Álava;16;País Vasco/Euskadi;Gordoa;01009000700;01009;42,90183041;-2,382919697;Coordinado_IGR Poblaciones;629;MDT
4010306;01;Araba/Álava;16;País Vasco/Euskadi;Ibarguren;01009000800;01009;42,86147529;-2,27762744;Coordinado_IGR Poblaciones;621;MDT
4010307;01;Araba/Álava;16;País Vasco/Euskadi;Luxo/Lujo;01010000900;01010;43,07892948;-3,09653025;Mapa;441;MDT
4010308;01;Araba/Álava;16;País Vasco/Euskadi;Ozeka;01010001700;01010;43,07135515;-3,08667993;Mapa;387;MDT
4010309;01;Araba/Álava;16;País Vasco/Euskadi;Arespalditza/Respaldiza;01010002000;01010;43,07792083;-3,042683621;Detección automática;311;MDT
4010310;01;Araba/Álava;16;País Vasco/Euskadi;Retes de Llanteno;01010002100;01010;43,0910566;-3,099845393;Coordinado_IGR Poblaciones;221;MDT
4010311;01;Araba/Álava;16;País Vasco/Euskadi;Urturi;01016001200;01016;42,65734975;-2,506518065;Coordinado_IGR Poblaciones;769;MDT
4010312;01;Araba/Álava;16;País Vasco/Euskadi;Murua;01018001400;01018;42,97526856;-2,735102742;Coordinado_IGR Poblaciones;612;MDT
4010313;01;Araba/Álava;16;País Vasco/Euskadi;Montevite/Mandaita;01901000100;01901;42,81925486;-2,866895988;Coordinado_IGR Poblaciones;610;MDT
4010314;01;Araba/Álava;16;País Vasco/Euskadi;Loza;01044000300;01044;42,64347369;-2,683177077;Coordinado_IGR Poblaciones;798;MDT
4010315;01;Araba/Álava;16;País Vasco/Euskadi;Igai;01047000100;01047;42,73765492;-2,913121186;Coordinado_IGR Poblaciones;548;MDT
4010316;01;Araba/Álava;16;País Vasco/Euskadi;Quintanilla de la Ribera;01047000400;01047;42,73144471;-2,90751604;Coordinado_IGR Poblaciones;555;MDT
4010317;01;Araba/Álava;16;País Vasco/Euskadi;Corro;01055001000;01055;42,87972085;-3,171274487;Coordinado_IGR Poblaciones;668;MDT
4010318;01;Araba/Álava;16;País Vasco/Euskadi;Fresneda;01055001200;01055;42,87460009;-3,054448734;Coordinado_IGR Poblaciones;593;MDT
4010319;01;Araba/Álava;16;País Vasco/Euskadi;Antezana/Andetxa;01059000600;01059;42,88764773;-2,725924674;Coordinado_IGR Poblaciones;509;MDT
4010320;01;Araba/Álava;16;País Vasco/Euskadi;Arkaia;01059000900;01059;42,84159165;-2,635022926;Coordinado_IGR Poblaciones;520;MDT
4010321;01;Araba/Álava;16;País Vasco/Euskadi;Foronda;01059002800;01059;42,8991454;-2,724003993;Coordinado_IGR Poblaciones;516;MDT
4010322;01;Araba/Álava;16;País Vasco/Euskadi;Otogoien/Hueto Arriba;01059003700;01059;42,8910408;-2,802650773;Coordinado_IGR Poblaciones;548;MDT
4010323;01;Araba/Álava;16;País Vasco/Euskadi;Domaikia;01063000600;01063;42,92752239;-2,806188542;Coordinado_IGR Poblaciones;654;MDT
4010324;01;Araba/Álava;16;País Vasco/Euskadi;Jugo;01063000800;01063;42,94413567;-2,804056858;Coordinado_IGR Poblaciones;637;MDT
4010325;01;Araba/Álava;16;País Vasco/Euskadi;Markina;01063001000;01063;42,97437966;-2,816042138;Coordinado_IGR Poblaciones;650;MDT
4010326;01;Araba/Álava;16;País Vasco/Euskadi;Sarria;01063001200;01063;42,96634174;-2,82387046;Detección automática;628;MDT
4010327;01;Araba/Álava;16;País Vasco/Euskadi;Bitoriano;01063001300;01063;42,94969419;-2,829239583;Coordinado_IGR Poblaciones;606;MDT
4010328;01;Araba/Álava;16;País Vasco/Euskadi;Zarate;01063001400;01063;42,96392919;-2,785629047;Coordinado_IGR Poblaciones;729;MDT
4010329;01;Araba/Álava;16;País Vasco/Euskadi;Villanañe;01055002900;01055;42,83607171;-3,07067044;Detección automática;522;MDT
4010330;01;Araba/Álava;16;País Vasco/Euskadi;Nograro;01055001800;01055;42,82410116;-3,111854553;Coordinado_IGR Poblaciones;662;MDT
4010331;01;Araba/Álava;16;País Vasco/Euskadi;Caranca y Mioma;01055001700,01055000800;01055;42,87899178;-3,093832993;Centroide calculado a partir de las coordenadas de las poblaciones que componen el EATIM;671,5;Altitud media de las poblaciones que componen el EATIM
4010332;01;Araba/Álava;16;País Vasco/Euskadi;Uribarri Kuartango;01020001600;01020;42,85986508;-2,90835724;Mapa;627;MDT
4010334;01;Araba/Álava;16;País Vasco/Euskadi;Artaza-Escota/Artatza-Axkoeta;01046000500,01046001000;01046;42,84322693;-2,955810882;Centroide calculado a partir de las coordenadas de las poblaciones que componen el EATIM;706,5;Altitud media de las poblaciones que componen el EATIM
4010335;01;Araba/Álava;16;País Vasco/Euskadi;Karkamu;01055000900;01055;42,86077653;-3,039343785;Coordinado_IGR Poblaciones;645;MDT
4010336;01;Araba/Álava;16;País Vasco/Euskadi;Viloria;01046002300;01046;42,7924585;-2,968960221;Coordinado_IGR Poblaciones;730;MDT
4010337;01;Araba/Álava;16;País Vasco/Euskadi;Mendarozketa;01018001300;01018;42,92328703;-2,69214714;Detección automática;551;MDT
4010338;01;Araba/Álava;16;País Vasco/Euskadi;Barrón;01046000600;01046;42,84646657;-2,992758281;Coordinado_IGR Poblaciones;674;MDT
4010339;01;Araba/Álava;16;País Vasco/Euskadi;Urbina Eza;01020001800;01020;42,87772251;-2,88828614;Mapa;608;MDT
4010340;01;Araba/Álava;16;País Vasco/Euskadi;Melledes;01047000300;01047;42,74128135;-2,898521055;Coordinado_IGR Poblaciones;637;MDT
4010341;01;Araba/Álava;16;País Vasco/Euskadi;Molinilla;01902000700;01902;42,75402097;-2,967360796;Coordinado_IGR Poblaciones;595;MDT
4010342;01;Araba/Álava;16;País Vasco/Euskadi;Villaluenga;01046002500;01046;42,78892317;-2,861646191;Coordinado_IGR Poblaciones;602;MDT
4020001;02;Albacete;08;Castilla-La Mancha;Aguas Nuevas;02003000100;02003;38,91853591;-1,920342961;Coordinado_IGR Poblaciones;695;MDT
4030002;03;Alacant/Alicante;10;Comunitat Valenciana;la Xara;03063000200;03063;38,82886443;0,063414755;Coordinado_IGR Poblaciones;29;MDT
4030003;03;Alacant/Alicante;10;Comunitat Valenciana;la Llosa de Camacho;03006000200;03006;38,7717709;-0,007717908;Coordinado_IGR Poblaciones;216;MDT
4030004;03;Alacant/Alicante;10;Comunitat Valenciana;Jesús Pobre;03063000300;03063;38,79817872;0,084242101;Coordinado_IGR Poblaciones;114;MDT
4040001;04;Almería;01;Andalucía;Fuente Victoria;04046000300;04046;36,98430785;-2,877291867;Coordinado_IGR Poblaciones;859;MDT
4050001;05;Ávila;07;Castilla y León;Balbarda;05247000100;05247;40,63438648;-4,973265319;Coordinado_IGR Poblaciones;1357;MDT
4050002;05;Ávila;07;Castilla y León;Blacha;05247000200;05247;40,5625004;-4,983257612;Coordinado_IGR Poblaciones;1123;MDT
4060001;06;Badajoz;11;Extremadura;Barbaño;06088000100;06088;38,87426798;-6,586479342;Coordinado_IGR Poblaciones;191;MDT
4060002;06;Badajoz;11;Extremadura;Entrerríos;06153000300;06153;38,99478442;-5,72082162;Coordinado_IGR Poblaciones;277;MDT
4060003;06;Badajoz;11;Extremadura;Los Guadalperales;06001000200;06001;39,08600219;-5,625287986;Coordinado_IGR Poblaciones;278;MDT
4060008;06;Badajoz;11;Extremadura;Valdivia;06153000400;06153;39,03251706;-5,7105787;Coordinado_IGR Poblaciones;263;MDT
4060009;06;Badajoz;11;Extremadura;Zurbarán;06153000600;06153;39,06594322;-5,723560172;Coordinado_IGR Poblaciones;292;MDT
4060010;06;Badajoz;11;Extremadura;Palazuelo;06156000100;06156;39,1105705;-5,739664452;Coordinado_IGR Poblaciones;270;MDT
4060011;06;Badajoz;11;Extremadura;Puebla de Alcollarín;06156000200;06156;39,11021053;-5,788167596;Coordinado_IGR Poblaciones;266;MDT
4060012;06;Badajoz;11;Extremadura;Vivares;06044000800;06044;39,08740283;-5,895733761;Coordinado_IGR Poblaciones;271;MDT
4060013;06;Badajoz;11;Extremadura;El Torviscal;06044000600;06044;39,07219723;-5,756232359;Coordinado_IGR Poblaciones;265;MDT
4060014;06;Badajoz;11;Extremadura;Torrefresneda;06060000400;06060;38,9878607;-6,111094184;Coordinado_IGR Poblaciones;238;MDT
4060015;06;Badajoz;11;Extremadura;Hernán Cortés;06044000400;06044;39,02679282;-5,93310939;Detección automática;250;MDT
4060016;06;Badajoz;11;Extremadura;Ruecas;06044000500;06044;39,03973129;-5,875426667;Coordinado_IGR Poblaciones;251;MDT
4060017;06;Badajoz;11;Extremadura;Valdehornillos;06044000700;06044;39,05845447;-5,977101148;Coordinado_IGR Poblaciones;263;MDT
4060018;06;Badajoz;11;Extremadura;Guadajira;06072000100;06072;38,85165922;-6,680347045;Coordinado_IGR Poblaciones;224;MDT
4060019;06;Badajoz;11;Extremadura;Gargáligas;06044000300;06044;39,05286727;-5,652344572;Coordinado_IGR Poblaciones;275;MDT
4070001;07;Illes Balears;04;Illes Balears;Palmanyola;07010000400;07010;39,66191827;2,671369231;Coordinado_IGR Poblaciones;109;MDT
4080001;08;Barcelona;09;Cataluña/Catalunya;Sant Martí de Torroella;08218000200;08218;41,77323689;1,790581913;Coordinado_IGR Poblaciones;281;MDT
4080002;08;Barcelona;09;Cataluña/Catalunya;Valldoreix;08205000400;08205;41,4582618;2,052028236;Detección automática;134;MDT
4080004;08;Barcelona;09;Cataluña/Catalunya;Bellaterra;08266000300;08266;41,50109571;2,090942438;Coordinado_IGR Poblaciones;167;MDT
4080005;08;Barcelona;09;Cataluña/Catalunya;Sant Miquel de Balenyà;08269000200;08269;41,84104097;2,247616701;Coordinado_IGR Poblaciones;593;MDT
4090001;09;Burgos;07;Castilla y León;Acedillo;09427000100;09427;42,57188268;-3,866860614;Coordinado_IGR Poblaciones;1044;MDT
4090002;09;Burgos;07;Castilla y León;Aceña de Lara;09191000100;09191;42,14531997;-3,445983361;Coordinado_IGR Poblaciones;1006;MDT
4090003;09;Burgos;07;Castilla y León;Agés;09026000100;09026;42,36969145;-3,479218025;Coordinado_IGR Poblaciones;968;MDT
4090004;09;Burgos;07;Castilla y León;Aguas Cándidas;09006000100;09006;42,71654241;-3,502907652;Coordinado_IGR Poblaciones;715;MDT
4090005;09;Burgos;07;Castilla y León;Agüera;09214000100;09214;43,09861127;-3,452494739;Coordinado_IGR Poblaciones;762;MDT
4090006;09;Burgos;07;Castilla y León;Aguillo;09109000100;09109;42,73779055;-2,63838932;Detección automática;663;MDT
4090007;09;Burgos;07;Castilla y León;Ahedo de Bureba;09143000100;09143;42,53759236;-3,443099412;Coordinado_IGR Poblaciones;957;MDT
4090008;09;Burgos;07;Castilla y León;Ahedo del Butrón;09014000100;09014;42,83854946;-3,683888221;Coordinado_IGR Poblaciones;834;MDT
4090009;09;Burgos;07;Castilla y León;Aylanes;09416000100;09416;42,864974;-3,739779656;Coordinado_IGR Poblaciones;828;MDT
4090010;09;Burgos;07;Castilla y León;Alarcia;09303000100;09303;42,30524725;-3,296950457;Coordinado_IGR Poblaciones;1166;MDT
4090011;09;Burgos;07;Castilla y León;Albaina;09109000300;09109;42,68936877;-2,634189744;Coordinado_IGR Poblaciones;614;MDT
4090012;09;Burgos;07;Castilla y León;La Aldea;09903000100;09903;42,89577519;-3,531670861;Coordinado_IGR Poblaciones;630;MDT
4090014;09;Burgos;07;Castilla y León;El Almiñe;09217000100;09217;42,83089579;-3,597001818;Coordinado_IGR Poblaciones;648;MDT
4090015;09;Burgos;07;Castilla y León;Amaya;09373000100;09373;42,64212909;-4,164204456;Coordinado_IGR Poblaciones;980;MDT
4090016;09;Burgos;07;Castilla y León;Andino;09903000200;09903;42,91610831;-3,563608038;Coordinado_IGR Poblaciones;610;MDT
4090017;09;Burgos;07;Castilla y León;Angosto;09209000100;09209;43,01752696;-3,417016746;Coordinado_IGR Poblaciones;652;MDT
4090018;09;Burgos;07;Castilla y León;Angulo;09410000100;09410;43,03648878;-3,1796837;Mapa;483;MDT
4090019;09;Burgos;07;Castilla y León;Anzo;09410000200;09410;43,07816346;-3,27893828;Mapa;481;MDT
4090020;09;Burgos;07;Castilla y León;Añastro;09109000400;09109;42,74123088;-2,790569222;Coordinado_IGR Poblaciones;583;MDT
4090021;09;Burgos;07;Castilla y León;Aostri de Losa;09908000100;09908;42,93880071;-3,107799784;Coordinado_IGR Poblaciones;664;MDT
4090022;09;Burgos;07;Castilla y León;Arcellares del Tozo;09045000100;09045;42,71913205;-4,018288351;Coordinado_IGR Poblaciones;950;MDT
4090023;09;Burgos;07;Castilla y León;Arceo;09410000300;09410;43,10542119;-3,364973629;Coordinado_IGR Poblaciones;464;MDT
4090024;09;Burgos;07;Castilla y León;Arconada;09071000100;09071;42,59719562;-3,520085177;Coordinado_IGR Poblaciones;693;MDT
4090025;09;Burgos;07;Castilla y León;Arenillas de Muñó;09125000100;09125;42,2221098;-3,848091274;Coordinado_IGR Poblaciones;863;MDT
4090026;09;Burgos;07;Castilla y León;Arenillas de Villadiego;09427000200;09427;42,53058149;-3,984683564;Coordinado_IGR Poblaciones;855;MDT
4090027;09;Burgos;07;Castilla y León;Argomedo;09413000100;09413;42,98312471;-3,765682971;Coordinado_IGR Poblaciones;881;MDT
4090028;09;Burgos;07;Castilla y León;Argote;09109000700;09109;42,7020181;-2,67482961;Coordinado_IGR Poblaciones;569;MDT
4090029;09;Burgos;07;Castilla y León;Arnedo;09413000200;09413;42,96516056;-3,896802371;Coordinado_IGR Poblaciones;867;MDT
4090030;09;Burgos;07;Castilla y León;Arreba;09409000200;09409;42,88935287;-3,759142597;Coordinado_IGR Poblaciones;871;MDT
4090031;09;Burgos;07;Castilla y León;Arrieta;09109000900;09109;42,76619694;-2,725467846;Coordinado_IGR Poblaciones;646;MDT
4090032;09;Burgos;07;Castilla y León;Arroyal;09907000100;09907;42,41195023;-3,748751931;Coordinado_IGR Poblaciones;874;MDT
4090033;09;Burgos;07;Castilla y León;Arroyo de Muñó;09125000200;09125;42,24883218;-3,897426215;Coordinado_IGR Poblaciones;836;MDT
4090034;09;Burgos;07;Castilla y León;Arroyo de San Zadornil;09192000100;09192;42,85296737;-3,178199681;Coordinado_IGR Poblaciones;700;MDT
4090035;09;Burgos;07;Castilla y León;Arroyo de Valdivielso;09217000200;09217;42,82774418;-3,527293613;Coordinado_IGR Poblaciones;646;MDT
4090036;09;Burgos;07;Castilla y León;Arroyuelo;09394000100;09394;42,83479861;-3,381008973;Coordinado_IGR Poblaciones;594;MDT
4090037;09;Burgos;07;Castilla y León;Artieta;09410000400;09410;43,1157461;-3,188175795;Coordinado_IGR Poblaciones;465;MDT
4090038;09;Burgos;07;Castilla y León;Avellanosa del Páramo;09902000100;09902;42,46023826;-3,877587478;Coordinado_IGR Poblaciones;896;MDT
4090039;09;Burgos;07;Castilla y León;Ayega;09410000500;09410;43,14621831;-3,28785433;Mapa;307;MDT
4090040;09;Burgos;07;Castilla y León;Ayoluengo;09361000100;09361;42,74801766;-3,866095737;Coordinado_IGR Poblaciones;1031;MDT
4090041;09;Burgos;07;Castilla y León;Ayuelas;09219000200;09219;42,69625979;-3,038685322;Detección automática;532;MDT
4090042;09;Burgos;07;Castilla y León;Baíllo;09213000300;09213;42,87572247;-3,51495661;Detección automática;677;MDT
4090043;09;Burgos;07;Castilla y León;Bajauri;09109001100;09109;42,65329105;-2,568376314;Coordinado_IGR Poblaciones;785;MDT
4090044;09;Burgos;07;Castilla y León;Baranda;09214000200;09214;43,02239572;-3,508210341;Coordinado_IGR Poblaciones;698;MDT
4090045;09;Burgos;07;Castilla y León;Bárcena de Pienza;09214000300;09214;43,00523649;-3,49225059;Coordinado_IGR Poblaciones;636;MDT
4090046;09;Burgos;07;Castilla y León;Bárcenas;09124000100;09124;43,09681716;-3,565670863;Coordinado_IGR Poblaciones;778;MDT
4090047;09;Burgos;07;Castilla y León;Barcenillas de Cerezos;09215000100;09215;43,061179;-3,591939276;Coordinado_IGR Poblaciones;704;MDT
4090048;09;Burgos;07;Castilla y León;Barcenillas del Rivero;09214000400;09214;43,02861505;-3,483798039;Coordinado_IGR Poblaciones;656;MDT
4090049;09;Burgos;07;Castilla y León;Barcina del Barco;09412000100;09412;42,77748078;-3,219646625;Coordinado_IGR Poblaciones;527;MDT
4090050;09;Burgos;07;Castilla y León;Barcina de los Montes;09238000200;09238;42,71315746;-3,3224935;Mapa;838;MDT
4090051;09;Burgos;07;Castilla y León;Barrasa;09410000600;09410;43,10179107;-3,321898855;Coordinado_IGR Poblaciones;401;MDT
4090052;09;Burgos;07;Castilla y León;Barriga de Losa;09908000200;09908;42,97211472;-3,139507703;Coordinado_IGR Poblaciones;739;MDT
4090053;09;Burgos;07;Castilla y León;Barrio de Bricia;09011000100;09011;42,90751582;-3,84781048;Mapa;1021;MDT
4090054;09;Burgos;07;Castilla y León;Barrio de Díaz Ruiz;09043000100;09043;42,64824325;-3,3578805;Coordinado_IGR Poblaciones;645;MDT
4090055;09;Burgos;07;Castilla y León;Barrio de San Felices;09373000200;09373;42,55674965;-4,202589789;Coordinado_IGR Poblaciones;850;MDT
4090056;09;Burgos;07;Castilla y León;Barrio Panizares;09045000200;09045;42,71756335;-3,962617687;Coordinado_IGR Poblaciones;855;MDT
4090057;09;Burgos;07;Castilla y León;Barrios de Colina;09044000100;09044;42,39573682;-3,463830143;Detección automática;955;MDT
4090058;09;Burgos;07;Castilla y León;Barrios de Villadiego;09427000300;09427;42,58613907;-4,026340813;Coordinado_IGR Poblaciones;917;MDT
4090059;09;Burgos;07;Castilla y León;Barriosuso;09903000300;09903;42,98732333;-3,516592486;Coordinado_IGR Poblaciones;647;MDT
4090060;09;Burgos;07;Castilla y León;Barriosuso;09356000100;09356;41,958609;-3,484854922;Coordinado_IGR Poblaciones;1038;MDT
4090061;09;Burgos;07;Castilla y León;Barruelo;09903000400;09903;42,88110348;-3,535096291;Detección automática;690;MDT
4090062;09;Burgos;07;Castilla y León;Basconcillos del Tozo;09045000300;09045;42,7013473;-3,988016056;Detección automática;916;MDT
4090063;09;Burgos;07;Castilla y León;Bascuñuelos;09412000200;09412;42,81078543;-3,334026206;Coordinado_IGR Poblaciones;615;MDT
4090064;09;Burgos;07;Castilla y León;Bedón;09215000200;09215;43,01610083;-3,547262261;Coordinado_IGR Poblaciones;731;MDT
4090066;09;Burgos;07;Castilla y León;Berberana;09050000100;09050;42,91806946;-3,059899077;Detección automática;621;MDT
4090067;09;Burgos;07;Castilla y León;Bercedo;09214000500;09214;43,08477157;-3,451088181;Coordinado_IGR Poblaciones;737;MDT
4090068;09;Burgos;07;Castilla y León;Bisjueces;09903000500;09903;42,89410515;-3,569166585;Coordinado_IGR Poblaciones;646;MDT
4090069;09;Burgos;07;Castilla y León;Boada de Roa;09256000100;09256;41,73019033;-3,974766213;Coordinado_IGR Poblaciones;812;MDT
4090070;09;Burgos;07;Castilla y León;Boada de Villadiego;09427000500;09427;42,57263857;-3,966188497;Coordinado_IGR Poblaciones;911;MDT
4090071;09;Burgos;07;Castilla y León;Bocos;09903000600;09903;42,96927524;-3,545177431;Coordinado_IGR Poblaciones;597;MDT
4090072;09;Burgos;07;Castilla y León;Bortedo;09410000700;09410;43,16731357;-3,206919108;Coordinado_IGR Poblaciones;320;MDT
4090073;09;Burgos;07;Castilla y León;Bóveda de la Rivera;09209000200;09209;42,93259571;-3,402095772;Coordinado_IGR Poblaciones;757;MDT
4090074;09;Burgos;07;Castilla y León;Bozoó;09054000100;09054;42,7260162;-3,085203806;Detección automática;576;MDT
4090075;09;Burgos;07;Castilla y León;Briongos de Cervera;09105000100;09105;41,91616304;-3,50254095;Detección automática;1081;MDT
4090076;09;Burgos;07;Castilla y León;Brizuela;09216000100;09216;42,9670733;-3,667014456;Coordinado_IGR Poblaciones;647;MDT
4090077;09;Burgos;07;Castilla y León;Brullés;09427000600;09427;42,56633817;-3,922894183;Coordinado_IGR Poblaciones;907;MDT
4090078;09;Burgos;07;Castilla y León;Buezo;09334000100;09334;42,55770234;-3,407693844;Coordinado_IGR Poblaciones;851;MDT
4090079;09;Burgos;07;Castilla y León;Burceña;09410000800;09410;43,12823789;-3,335257932;Coordinado_IGR Poblaciones;358;MDT
4090080;09;Burgos;07;Castilla y León;Busnela;09216000200;09216;43,03392429;-3,78211878;Coordinado_IGR Poblaciones;806;MDT
4090081;09;Burgos;07;Castilla y León;Bustillo;09209000300;09209;42,90599386;-3,479565218;Coordinado_IGR Poblaciones;572;MDT
4090082;09;Burgos;07;Castilla y León;Bustillo del Páramo;09427000700;09427;42,55141163;-3,87977425;Detección automática;940;MDT
4090083;09;Burgos;07;Castilla y León;Busto de Treviño;09109001300;09109;42,74933909;-2,761219096;Coordinado_IGR Poblaciones;644;MDT
4090084;09;Burgos;07;Castilla y León;Butrera;09215000300;09215;43,00047046;-3,586826187;Coordinado_IGR Poblaciones;628;MDT
4090085;09;Burgos;07;Castilla y León;Caborredondo;09143000200;09143;42,50301881;-3,482778237;Coordinado_IGR Poblaciones;941;MDT
4090086;09;Burgos;07;Castilla y León;Cadagua;09410000900;09410;43,07311006;-3,35001762;Coordinado_IGR Poblaciones;431;MDT
4090087;09;Burgos;07;Castilla y León;Cadiñanos;09394000200;09394;42,83013793;-3,349199026;Coordinado_IGR Poblaciones;559;MDT
4090088;09;Burgos;07;Castilla y León;Calzada de Bureba;09135000100;09135;42,62860637;-3,247652574;Coordinado_IGR Poblaciones;684;MDT
4090089;09;Burgos;07;Castilla y León;Calzada de Losa;09908000300;09908;42,98295168;-3,254543005;Coordinado_IGR Poblaciones;661;MDT
4090090;09;Burgos;07;Castilla y León;Campillo;09410001000;09410;43,1173549;-3,357763038;Coordinado_IGR Poblaciones;462;MDT
4090091;09;Burgos;07;Castilla y León;Campino;09011000300;09011;42,89688504;-3,805042166;Coordinado_IGR Poblaciones;953;MDT
4090092;09;Burgos;07;Castilla y León;Campo;09903000700;09903;42,9738852;-3,567929644;Coordinado_IGR Poblaciones;602;MDT
4090093;09;Burgos;07;Castilla y León;Caniego;09410001100;09410;43,11187773;-3,30122859;Coordinado_IGR Poblaciones;374;MDT
4090094;09;Burgos;07;Castilla y León;Cañizar de Amaya;09373000300;09373;42,58409177;-4,226440988;Coordinado_IGR Poblaciones;869;MDT
4090095;09;Burgos;07;Castilla y León;Cañizar de Argaño;09181000100;09181;42,40470438;-3,944723178;Coordinado_IGR Poblaciones;851;MDT
4090096;09;Burgos;07;Castilla y León;Carcedo de Bureba;09071000200;09071;42,57865811;-3,49850944;Mapa;749;MDT
4090097;09;Burgos;07;Castilla y León;Cardeñajimeno;09074000100;09074;42,33091948;-3,621778053;Detección automática;925;MDT
4090098;09;Burgos;07;Castilla y León;Carrasquedo;09410001200;09410;43,11154321;-3,25035878;Coordinado_IGR Poblaciones;363;MDT
4090099;09;Burgos;07;Castilla y León;Casillas;09903000800;09903;42,95942242;-3,610062205;Coordinado_IGR Poblaciones;623;MDT
4090100;09;Burgos;07;Castilla y León;Castañares;09059000200;09059;42,34382815;-3,62714921;Detección automática;883;MDT
4090101;09;Burgos;07;Castilla y León;Castellanos de Bureba;09238000400;09238;42,70470755;-3,453432749;Coordinado_IGR Poblaciones;611;MDT
4090102;09;Burgos;07;Castilla y León;Castil de Lences;09272000100;09272;42,64124767;-3,546847652;Coordinado_IGR Poblaciones;780;MDT
4090103;09;Burgos;07;Castilla y León;Castrecias;09306000200;09306;42,70845585;-4,20436036;Detección automática;963;MDT
4090104;09;Burgos;07;Castilla y León;Castresana de Losa;09908000400;09908;43,02607717;-3,332752905;Coordinado_IGR Poblaciones;710;MDT
4090105;09;Burgos;07;Castilla y León;Castriciones;09908000500;09908;42,93374034;-3,308845889;Coordinado_IGR Poblaciones;681;MDT
4090106;09;Burgos;07;Castilla y León;Castrillo de Bezana;09413000400;09413;42,9948858;-3,795056998;Coordinado_IGR Poblaciones;890;MDT
4090107;09;Burgos;07;Castilla y León;Castrillo de Murcia;09363000100;09363;42,35910002;-4,062244801;Coordinado_IGR Poblaciones;833;MDT
4090108;09;Burgos;07;Castilla y León;Castrillo de Rucios;09906000200;09906;42,53824657;-3,72225097;Detección automática;977;MDT
4090109;09;Burgos;07;Castilla y León;Castrillo-Solarana;09194000100;09194;41,97952136;-3,668333463;Coordinado_IGR Poblaciones;883;MDT
4090110;09;Burgos;07;Castilla y León;Castrobarto;09189000100;09189;43,04205567;-3,388330936;Detección automática;700;MDT
4090111;09;Burgos;07;Castilla y León;Castroceniza;09295000100;09295;42,00036581;-3,53624533;Coordinado_IGR Poblaciones;914;MDT
4090112;09;Burgos;07;Castilla y León;Castromorca;09427000800;09427;42,49838862;-3,987411219;Coordinado_IGR Poblaciones;851;MDT
4090113;09;Burgos;07;Castilla y León;Cebolleros;09213000500;09213;42,86154163;-3,421107941;Coordinado_IGR Poblaciones;595;MDT
4090114;09;Burgos;07;Castilla y León;Celada de la Torre;09904000100;09904;42,42841953;-3,63893209;Detección automática;917;MDT
4090115;09;Burgos;07;Castilla y León;Las Celadas;09902000200;09902;42,4839259;-3,828942357;Coordinado_IGR Poblaciones;917;MDT
4090116;09;Burgos;07;Castilla y León;Celadilla-Sotobrín;09906000300;09906;42,4567232;-3,72557063;Detección automática;922;MDT
4090117;09;Burgos;07;Castilla y León;La Cerca;09209000700;09209;42,97214316;-3,426938639;Coordinado_IGR Poblaciones;616;MDT
4090118;09;Burgos;07;Castilla y León;Cereceda;09238000500;09238;42,78135134;-3,470118503;Coordinado_IGR Poblaciones;564;MDT
4090119;09;Burgos;07;Castilla y León;Cernégula;09906000400;09906;42,63867139;-3,623899827;Detección automática;986;MDT
4090120;09;Burgos;07;Castilla y León;Céspedes;09903000900;09903;42,97311496;-3,515776956;Coordinado_IGR Poblaciones;605;MDT
4090121;09;Burgos;07;Castilla y León;Cidad de Valdeporres;09216000300;09216;43,00786626;-3,756506126;Coordinado_IGR Poblaciones;726;MDT
4090122;09;Burgos;07;Castilla y León;Cigüenza;09903001000;09903;42,94137176;-3,598260536;Coordinado_IGR Poblaciones;602;MDT
4090123;09;Burgos;07;Castilla y León;Cilleruelo de Bezana;09413000500;09413;42,97376186;-3,849433026;Coordinado_IGR Poblaciones;868;MDT
4090124;09;Burgos;07;Castilla y León;Cilleruelo de Bricia;09011000400;09011;42,89370995;-3,847430292;Coordinado_IGR Poblaciones;1010;MDT
4090125;09;Burgos;07;Castilla y León;Citores del Páramo;09363000200;09363;42,39480921;-3,982824175;Coordinado_IGR Poblaciones;932;MDT
4090126;09;Burgos;07;Castilla y León;Coculina;09427000900;09427;42,57939791;-3,892590318;Coordinado_IGR Poblaciones;972;MDT
4090127;09;Burgos;07;Castilla y León;Cogullos;09215000400;09215;42,99543598;-3,660405269;Coordinado_IGR Poblaciones;692;MDT
4090128;09;Burgos;07;Castilla y León;Colina;09189000200;09189;43,03612853;-3,44435274;Detección automática;697;MDT
4090129;09;Burgos;07;Castilla y León;Concejero;09410001600;09410;43,10260166;-3,34848252;Mapa;391;MDT
4090130;09;Burgos;07;Castilla y León;Condado de Valdivielso;09217000300;09217;42,80947609;-3,523251778;Coordinado_IGR Poblaciones;583;MDT
4090131;09;Burgos;07;Castilla y León;Congosto;09175000100;09175;42,62891387;-4,097866758;Coordinado_IGR Poblaciones;902;MDT
4090132;09;Burgos;07;Castilla y León;Cornejo;09215000500;09215;43,02735785;-3,627361404;Detección automática;641;MDT
4090133;09;Burgos;07;Castilla y León;Cornudilla;09238000600;09238;42,68235447;-3,425824728;Coordinado_IGR Poblaciones;620;MDT
4090134;09;Burgos;07;Castilla y León;Corralejo de Valdelucio;09415000200;09415;42,70496845;-4,055241803;Coordinado_IGR Poblaciones;971;MDT
4090136;09;Burgos;07;Castilla y León;Covanera;09395000200;09395;42,73405721;-3,801954527;Coordinado_IGR Poblaciones;700;MDT
4090137;09;Burgos;07;Castilla y León;Covides;09410001700;09410;43,09821827;-3,264196337;Coordinado_IGR Poblaciones;383;MDT
4090138;09;Burgos;07;Castilla y León;Criales;09209000800;09209;42,91879053;-3,330447314;Coordinado_IGR Poblaciones;648;MDT
4090139;09;Burgos;07;Castilla y León;Cubillejo de Lara;09200000100;09200;42,14223159;-3,50408836;Coordinado_IGR Poblaciones;1071;MDT
4090140;09;Burgos;07;Castilla y León;Cubillo del Butrón;09905000200;09905;42,79937436;-3,690665482;Coordinado_IGR Poblaciones;956;MDT
4090141;09;Burgos;07;Castilla y León;Cubillo del César;09030000100;09030;42,15171209;-3,540036556;Coordinado_IGR Poblaciones;1053;MDT
4090142;09;Burgos;07;Castilla y León;Cubilla de la Sierra;09255000100;09255;42,71957414;-3,178924881;Coordinado_IGR Poblaciones;1023;MDT
4090143;09;Burgos;07;Castilla y León;Cubillos de Losa;09189000300;09189;43,00686869;-3,435952276;Coordinado_IGR Poblaciones;662;MDT
4090144;09;Burgos;07;Castilla y León;Cubillos del Rojo;09413000600;09413;42,93452849;-3,717494921;Coordinado_IGR Poblaciones;945;MDT
4090145;09;Burgos;07;Castilla y León;Cucho;09109001400;09109;42,73685915;-2,771549544;Coordinado_IGR Poblaciones;566;MDT
4090146;09;Burgos;07;Castilla y León;Cueva;09215000600;09215;43,04006253;-3,666346341;Coordinado_IGR Poblaciones;713;MDT
4090147;09;Burgos;07;Castilla y León;Cueva de Juarros;09177000200;09177;42,27661722;-3,536627039;Coordinado_IGR Poblaciones;958;MDT
4090148;09;Burgos;07;Castilla y León;Cueva-Cardiel;09411000100;09411;42,46087248;-3,34551833;Coordinado_IGR Poblaciones;820;MDT
4090149;09;Burgos;07;Castilla y León;Cuevas de Amaya;09373000400;09373;42,64146052;-4,239185348;Coordinado_IGR Poblaciones;972;MDT
4090150;09;Burgos;07;Castilla y León;Cuezva;09412000400;09412;42,76124658;-3,231891359;Coordinado_IGR Poblaciones;532;MDT
4090151;09;Burgos;07;Castilla y León;Cuzcurrita de Juarros;09177000300;09177;42,29139381;-3,533477293;Coordinado_IGR Poblaciones;948;MDT
4090152;09;Burgos;07;Castilla y León;Dobro;09014000200;09014;42,80615538;-3,63190764;Detección automática;1015;MDT
4090153;09;Burgos;07;Castilla y León;Doroño;09109001600;09109;42,77602401;-2,729563083;Coordinado_IGR Poblaciones;681;MDT
4090154;09;Burgos;07;Castilla y León;Dosante;09216000400;09216;43,01426607;-3,755523736;Coordinado_IGR Poblaciones;731;MDT
4090155;09;Burgos;07;Castilla y León;Encío;09120000100;09120;42,67072934;-3,08500968;Mapa;608;MDT
4090156;09;Burgos;07;Castilla y León;Entrambasaguas;09410001800;09410;43,11578357;-3,26448204;Coordinado_IGR Poblaciones;288;MDT
4090157;09;Burgos;07;Castilla y León;Entrambosríos;09215000700;09215;43,04431364;-3,69747435;Coordinado_IGR Poblaciones;737;MDT
4090158;09;Burgos;07;Castilla y León;Las Eras;09189000400;09189;43,04628267;-3,436790423;Coordinado_IGR Poblaciones;712;MDT
4090159;09;Burgos;07;Castilla y León;Escalada;09905000300;09905;42,81172273;-3,776965379;Coordinado_IGR Poblaciones;664;MDT
4090160;09;Burgos;07;Castilla y León;Escaño;09903001200;09903;42,95835278;-3,632700663;Coordinado_IGR Poblaciones;616;MDT
4090161;09;Burgos;07;Castilla y León;Escobados de Abajo;09014000300;09014;42,74320172;-3,580451554;Coordinado_IGR Poblaciones;916;MDT
4090162;09;Burgos;07;Castilla y León;Escobados de Arriba;09014000400;09014;42,75089694;-3,592390072;Coordinado_IGR Poblaciones;968;MDT
4090163;09;Burgos;07;Castilla y León;Escuderos de Valdelucio;09415000300;09415;42,70866815;-4,099688668;Coordinado_IGR Poblaciones;950;MDT
4090164;09;Burgos;07;Castilla y León;Espinosa de Juarros;09177000400;09177;42,28771235;-3,554267931;Coordinado_IGR Poblaciones;971;MDT
4090165;09;Burgos;07;Castilla y León;Espinosa del Monte;09360000100;09360;42,35259412;-3,157846455;Coordinado_IGR Poblaciones;987;MDT
4090166;09;Burgos;07;Castilla y León;Eterna;09048000300;09048;42,3500666;-3,12407857;Coordinado_IGR Poblaciones;1103;MDT
4090167;09;Burgos;07;Castilla y León;Extramiana;09213000600;09213;42,84723959;-3,309116918;Coordinado_IGR Poblaciones;605;MDT
4090168;09;Burgos;07;Castilla y León;Ezquerra;09433000100;09433;42,36973512;-3,212425935;Coordinado_IGR Poblaciones;838;MDT
4090169;09;Burgos;07;Castilla y León;Franco;09109001700;09109;42,7224159;-2,712069228;Coordinado_IGR Poblaciones;548;MDT
4090170;09;Burgos;07;Castilla y León;Fresnedo;09903001300;09903;42,98876382;-3,542897682;Coordinado_IGR Poblaciones;669;MDT
4090171;09;Burgos;07;Castilla y León;Fresneña;09130000100;09130;42,41354207;-3,134160626;Detección automática;850;MDT
4090172;09;Burgos;07;Castilla y León;Fresno de Losa;09908000600;09908;42,94406138;-3,15254951;Coordinado_IGR Poblaciones;747;MDT
4090173;09;Burgos;07;Castilla y León;Fuencaliente de Valdelucio;09415000400;09415;42,7391948;-4,14887947;Mapa;919;MDT
4090174;09;Burgos;07;Castilla y León;Fuencaliente de Puerta;09175000200;09175;42,65230364;-4,010132748;Coordinado_IGR Poblaciones;1020;MDT
4090175;09;Burgos;07;Castilla y León;Fuencivil;09427001000;09427;42,59816264;-3,928619547;Coordinado_IGR Poblaciones;980;MDT
4090176;09;Burgos;07;Castilla y León;Fuente Urbel;09045000400;09045;42,64827862;-3,912279039;Coordinado_IGR Poblaciones;966;MDT
4090177;09;Burgos;07;Castilla y León;Fuenteodra;09175000300;09175;42,67889716;-4,10939379;Coordinado_IGR Poblaciones;954;MDT
4090178;09;Burgos;07;Castilla y León;Fuidio;09109001800;09109;42,69246356;-2,649550589;Coordinado_IGR Poblaciones;585;MDT
4090179;09;Burgos;07;Castilla y León;Gabanes;09412000500;09412;42,79706219;-3,230645078;Coordinado_IGR Poblaciones;538;MDT
4090180;09;Burgos;07;Castilla y León;Galarde;09026000300;09026;42,33733689;-3,411724457;Coordinado_IGR Poblaciones;1104;MDT
4090181;09;Burgos;07;Castilla y León;Galbarros;09143000300;09143;42,52763786;-3,437760838;Detección automática;945;MDT
4090182;09;Burgos;07;Castilla y León;Gallejones;09416000400;09416;42,84963647;-3,75400319;Mapa;673;MDT
4090183;09;Burgos;07;Castilla y León;Garganchón;09274000100;09274;42,32655467;-3,225969279;Coordinado_IGR Poblaciones;917;MDT
4090184;09;Burgos;07;Castilla y León;Garoña;09412000600;09412;42,76679799;-3,219654334;Coordinado_IGR Poblaciones;549;MDT
4090185;09;Burgos;07;Castilla y León;Gayangos;09214000700;09214;43,00717884;-3,519549437;Coordinado_IGR Poblaciones;663;MDT
4090186;09;Burgos;07;Castilla y León;Gijano;09410001900;09410;43,16073146;-3,241746701;Coordinado_IGR Poblaciones;230;MDT
4090187;09;Burgos;07;Castilla y León;Golernio;09109001900;09109;42,76478936;-2,755070407;Coordinado_IGR Poblaciones;645;MDT
4090188;09;Burgos;07;Castilla y León;Gredilla la Polera;09906000600;09906;42,51878805;-3,675479403;Coordinado_IGR Poblaciones;899;MDT
4090189;09;Burgos;07;Castilla y León;Gredilla de Sedano;09905000400;09905;42,719595;-3,719928746;Coordinado_IGR Poblaciones;815;MDT
4090190;09;Burgos;07;Castilla y León;Guadilla de Villamar;09373000500;09373;42,52563539;-4,174655021;Coordinado_IGR Poblaciones;855;MDT
4090191;09;Burgos;07;Castilla y León;Guinicio;09219000800;09219;42,73276998;-3,025912377;Coordinado_IGR Poblaciones;485;MDT
4090192;09;Burgos;07;Castilla y León;Guma;09421000100;09421;41,64060277;-3,516098278;Coordinado_IGR Poblaciones;840;MDT
4090193;09;Burgos;07;Castilla y León;Guzmán;09256000200;09256;41,7560866;-3,996736661;Coordinado_IGR Poblaciones;894;MDT
4090194;09;Burgos;07;Castilla y León;Ahedo de Linares;09215000800;09215;43,00272508;-3,654014917;Coordinado_IGR Poblaciones;789;MDT
4090195;09;Burgos;07;Castilla y León;Ahedo de las Pueblas;09216000500;09216;43,02720101;-3,799713999;Coordinado_IGR Poblaciones;796;MDT
4090196;09;Burgos;07;Castilla y León;Hedesa;09214000800;09214;43,07469293;-3,503576022;Coordinado_IGR Poblaciones;724;MDT
4090197;09;Burgos;07;Castilla y León;Herbosa;09413000700;09413;42,97450285;-3,900933384;Coordinado_IGR Poblaciones;884;MDT
4090198;09;Burgos;07;Castilla y León;Hermosilla;09238000700;09238;42,65738046;-3,434422931;Coordinado_IGR Poblaciones;618;MDT
4090199;09;Burgos;07;Castilla y León;Herrán;09412000800;09412;42,82325847;-3,229643857;Coordinado_IGR Poblaciones;588;MDT
4090200;09;Burgos;07;Castilla y León;Herrera de Valdivielso;09328000100;09328;42,76749699;-3,496172924;Coordinado_IGR Poblaciones;861;MDT
4090201;09;Burgos;07;Castilla y León;Higón;09012000100;09012;42,94215;-3,909139827;Coordinado_IGR Poblaciones;887;MDT
4090202;09;Burgos;07;Castilla y León;Hiniestra;09044000300;09044;42,39316238;-3,444147059;Coordinado_IGR Poblaciones;972;MDT
4090203;09;Burgos;07;Castilla y León;Hinojal de Riopisuerga;09088000200;09088;42,55226609;-4,285021096;Coordinado_IGR Poblaciones;826;MDT
4090204;09;Burgos;07;Castilla y León;Hinojar del Rey;09174000100;09174;41,76817521;-3,330141738;Coordinado_IGR Poblaciones;947;MDT
4090206;09;Burgos;07;Castilla y León;Hontomín;09906000700;09906;42,57183554;-3,637696116;Coordinado_IGR Poblaciones;923;MDT
4090207;09;Burgos;07;Castilla y León;Hormaza;09125000400;09125;42,32234114;-3,920412312;Coordinado_IGR Poblaciones;824;MDT
4090208;09;Burgos;07;Castilla y León;Hormazuela;09427001100;09427;42,5495569;-3,896878378;Coordinado_IGR Poblaciones;930;MDT
4090209;09;Burgos;07;Castilla y León;Horna;09903001400;09903;42,92751568;-3,573591292;Coordinado_IGR Poblaciones;612;MDT
4090210;09;Burgos;07;Castilla y León;Hornes;09410002100;09410;43,13016276;-3,317512439;Coordinado_IGR Poblaciones;401;MDT
4090211;09;Burgos;07;Castilla y León;Hornillalastra;09215000900;09215;43,02981216;-3,59262541;Coordinado_IGR Poblaciones;675;MDT
4090213;09;Burgos;07;Castilla y León;Hornillayuso;09215001100;09215;43,01594529;-3,595934858;Coordinado_IGR Poblaciones;630;MDT
4090214;09;Burgos;07;Castilla y León;Hoyos del Tozo;09045000500;09045;42,70784912;-3,947596173;Coordinado_IGR Poblaciones;848;MDT
4090215;09;Burgos;07;Castilla y León;Hoyuelos de la Sierra;09330000300;09330;42,08906713;-3,257701347;Coordinado_IGR Poblaciones;1104;MDT
4090216;09;Burgos;07;Castilla y León;Hoz de Arreba;09413000800;09413;42,93081013;-3,769234039;Coordinado_IGR Poblaciones;680;MDT
4090217;09;Burgos;07;Castilla y León;Hoz de Valdivielso;09217000400;09217;42,81512104;-3,494720889;Coordinado_IGR Poblaciones;606;MDT
4090218;09;Burgos;07;Castilla y León;Hozabejas;09328000200;09328;42,72947426;-3,532704243;Coordinado_IGR Poblaciones;743;MDT
4090219;09;Burgos;07;Castilla y León;Huerta de Abajo;09414000200;09414;42,11432342;-3,147298794;Detección automática;1166;MDT
4090220;09;Burgos;07;Castilla y León;Huéspeda;09328000300;09328;42,77182935;-3,55584807;Coordinado_IGR Poblaciones;853;MDT
4090221;09;Burgos;07;Castilla y León;Huidobro;09014000500;09014;42,7673732;-3,69267123;Coordinado_IGR Poblaciones;872;MDT
4090222;09;Burgos;07;Castilla y León;Humada;09175000400;09175;42,66715427;-4,085297556;Detección automática;949;MDT
4090223;09;Burgos;07;Castilla y León;Humienta;09315000100;09315;42,22637492;-3,679372859;Coordinado_IGR Poblaciones;892;MDT
4090224;09;Burgos;07;Castilla y León;Imiruri;09109002100;09109;42,74437167;-2,675337076;Coordinado_IGR Poblaciones;603;MDT
4090225;09;Burgos;07;Castilla y León;Incinillas;09903001500;09903;42,89301662;-3,593354826;Coordinado_IGR Poblaciones;627;MDT
4090226;09;Burgos;07;Castilla y León;Ircio;09219001000;09219;42,65390824;-2,900546309;Coordinado_IGR Poblaciones;491;MDT
4090227;09;Burgos;07;Castilla y León;Irús;09410002300;09410;43,09389875;-3,38894553;Mapa;517;MDT
4090228;09;Burgos;07;Castilla y León;Laño;09109002200;09109;42,66401077;-2,62070217;Coordinado_IGR Poblaciones;685;MDT
4090229;09;Burgos;07;Castilla y León;Lara de los Infantes;09191000200;09191;42,1230737;-3,445009269;Detección automática;1018;MDT
4090230;09;Burgos;07;Castilla y León;Lastras de las Eras;09189000500;09189;43,05169095;-3,433440004;Coordinado_IGR Poblaciones;747;MDT
4090231;09;Burgos;07;Castilla y León;Lastras de Teza;09908000900;09908;42,97558674;-3,212596756;Coordinado_IGR Poblaciones;669;MDT
4090232;09;Burgos;07;Castilla y León;Lastras de la Torre;09908000800;09908;43,0118731;-3,2682391;Detección automática;692;MDT
4090233;09;Burgos;07;Castilla y León;Leciñana de Mena;09410002400;09410;43,09278046;-3,40246685;Mapa;560;MDT
4090234;09;Burgos;07;Castilla y León;Leciñana de Tobalina;09412000900;09412;42,80947575;-3,273702203;Coordinado_IGR Poblaciones;638;MDT
4090236;09;Burgos;07;Castilla y León;Lences de Bureba;09272000200;09272;42,63119553;-3,492318467;Coordinado_IGR Poblaciones;668;MDT
4090237;09;Burgos;07;Castilla y León;Lermilla;09906000800;09906;42,5776315;-3,588528613;Coordinado_IGR Poblaciones;768;MDT
4090238;09;Burgos;07;Castilla y León;Leva;09216000600;09216;42,95878294;-3,705710985;Coordinado_IGR Poblaciones;836;MDT
4090239;09;Burgos;07;Castilla y León;Lezana;09410002500;09410;43,08277029;-3,342287916;Coordinado_IGR Poblaciones;381;MDT
4090240;09;Burgos;07;Castilla y León;Linares;09215001200;09215;43,00354844;-3,634484608;Coordinado_IGR Poblaciones;772;MDT
4090241;09;Burgos;07;Castilla y León;Linares de la Vid;09421000200;09421;41,63127055;-3,490727684;Coordinado_IGR Poblaciones;824;MDT
4090242;09;Burgos;07;Castilla y León;Loma de Montija;09214000900;09214;43,05984817;-3,497538097;Coordinado_IGR Poblaciones;696;MDT
4090243;09;Burgos;07;Castilla y León;Lomana;09412001000;09412;42,79544779;-3,3118477;Coordinado_IGR Poblaciones;598;MDT
4090244;09;Burgos;07;Castilla y León;Lomas de Villamediana;09011000600;09011;42,89269367;-3,87885094;Detección automática;837;MDT
4090245;09;Burgos;07;Castilla y León;Lozares de Tobalina;09412001100;09412;42,80285719;-3,326010148;Coordinado_IGR Poblaciones;615;MDT
4090246;09;Burgos;07;Castilla y León;Llanillo de Valdelucio;09415000500;09415;42,72910528;-4,07843374;Coordinado_IGR Poblaciones;946;MDT
4090247;09;Burgos;07;Castilla y León;Llorengoz de Losa;09908001000;09908;42,98201543;-3,09980336;Detección automática;877;MDT
4090248;09;Burgos;07;Castilla y León;Las Machorras;09124010000;09124;43,11759612;-3,59011408;Mapa;809;MDT
4090249;09;Burgos;07;Castilla y León;Madrid de Caderechas;09328000400;09328;42,77048522;-3,540889562;Coordinado_IGR Poblaciones;789;MDT
4090250;09;Burgos;07;Castilla y León;Maltrana;09410002800;09410;43,12899597;-3,262869289;Coordinado_IGR Poblaciones;273;MDT
4090251;09;Burgos;07;Castilla y León;Maltranilla;09410002900;09410;43,12568962;-3,270168941;Coordinado_IGR Poblaciones;328;MDT
4090252;09;Burgos;07;Castilla y León;Mambliga de Losa;09908001100;09908;42,92915801;-3,128255079;Coordinado_IGR Poblaciones;753;MDT
4090253;09;Burgos;07;Castilla y León;Mambrillas de Lara;09200000200;09200;42,09489109;-3,461604037;Detección automática;992;MDT
4090254;09;Burgos;07;Castilla y León;Mansilla de Burgos;09902000300;09902;42,444012;-3,794215108;Coordinado_IGR Poblaciones;877;MDT
4090255;09;Burgos;07;Castilla y León;Manzanedo;09409000800;09409;42,89908619;-3,691611055;Detección automática;615;MDT
4090256;09;Burgos;07;Castilla y León;Marauri;09109002300;09109;42,72236125;-2,641884706;Coordinado_IGR Poblaciones;638;MDT
4090257;09;Burgos;07;Castilla y León;Marcillo;09283000100;09283;42,67064644;-3,279530912;Coordinado_IGR Poblaciones;736;MDT
4090258;09;Burgos;07;Castilla y León;Marmellar de Arriba;09907000200;09907;42,42682793;-3,776767848;Coordinado_IGR Poblaciones;926;MDT
4090259;09;Burgos;07;Castilla y León;Masa;09906000900;09906;42,62697814;-3,717422385;Coordinado_IGR Poblaciones;1004;MDT
4090260;09;Burgos;07;Castilla y León;Mazueco de Lara;09476000100;09476;42,17739897;-3,469455705;Coordinado_IGR Poblaciones;1074;MDT
4090261;09;Burgos;07;Castilla y León;Mazuelo de Muñó;09125000500;09125;42,23823794;-3,84587454;Coordinado_IGR Poblaciones;844;MDT
4090262;09;Burgos;07;Castilla y León;Medianas;09410003000;09410;43,10703021;-3,253232521;Coordinado_IGR Poblaciones;383;MDT
4090263;09;Burgos;07;Castilla y León;Medinilla de la Dehesa;09125000600;09125;42,30178306;-3,882917824;Coordinado_IGR Poblaciones;839;MDT
4090264;09;Burgos;07;Castilla y León;Melgosa de Burgos;09904000200;09904;42,53377004;-3,55598201;Detección automática;777;MDT
4090265;09;Burgos;07;Castilla y León;Melgosa de Villadiego;09427001300;09427;42,55211764;-3,946541768;Coordinado_IGR Poblaciones;889;MDT
4090266;09;Burgos;07;Castilla y León;Menamayor;09410003100;09410;43,12176432;-3,250156323;Coordinado_IGR Poblaciones;306;MDT
4090267;09;Burgos;07;Castilla y León;Mijangos;09213000900;09213;42,83017582;-3,425497194;Coordinado_IGR Poblaciones;558;MDT
4090268;09;Burgos;07;Castilla y León;Mijaralengua;09412001200;09412;42,78102962;-3,201116751;Coordinado_IGR Poblaciones;528;MDT
4090269;09;Burgos;07;Castilla y León;Miñón;09209003800;09209;42,93712492;-3,502142345;Coordinado_IGR Poblaciones;593;MDT
4090270;09;Burgos;07;Castilla y León;Miñón de Santibáñez;09902000400;09902;42,46460809;-3,797527639;Coordinado_IGR Poblaciones;868;MDT
4090271;09;Burgos;07;Castilla y León;Modúbar de la Cuesta;09072000200;09072;42,26323477;-3,627848692;Coordinado_IGR Poblaciones;906;MDT
4090272;09;Burgos;07;Castilla y León;Modúbar de San Cibrián;09177000700;09177;42,25287303;-3,586925966;Coordinado_IGR Poblaciones;939;MDT
4090273;09;Burgos;07;Castilla y León;La Molina del Portillo de Busto;09238000800;09238;42,70447473;-3,231865783;Coordinado_IGR Poblaciones;823;MDT
4090274;09;Burgos;07;Castilla y León;La Molina de Ubierna;09906001100;09906;42,51251745;-3,62754947;Coordinado_IGR Poblaciones;861;MDT
4090275;09;Burgos;07;Castilla y León;Momediano;09209001200;09209;42,97933446;-3,349804717;Coordinado_IGR Poblaciones;725;MDT
4090276;09;Burgos;07;Castilla y León;Moneo;09209001300;09209;42,89279945;-3,465246595;Coordinado_IGR Poblaciones;577;MDT
4090277;09;Burgos;07;Castilla y León;Montañana;09219001200;09219;42,72666593;-3,01779326;Detección automática;487;MDT
4090279;09;Burgos;07;Castilla y León;Montejo de Bricia;09011000700;09011;42,93720578;-3,901259542;Coordinado_IGR Poblaciones;933;MDT
4090280;09;Burgos;07;Castilla y León;Montejo de Cebas;09412001300;09412;42,76472122;-3,263519392;Coordinado_IGR Poblaciones;521;MDT
4090281;09;Burgos;07;Castilla y León;Montejo de San Miguel;09412001400;09412;42,76470992;-3,271961691;Coordinado_IGR Poblaciones;551;MDT
4090282;09;Burgos;07;Castilla y León;Montoto;09413001000;09413;42,96701359;-3,819972353;Coordinado_IGR Poblaciones;874;MDT
4090283;09;Burgos;07;Castilla y León;Montuenga;09197000200;09197;42,15508165;-3,747714123;Coordinado_IGR Poblaciones;895;MDT
4090284;09;Burgos;07;Castilla y León;Moradillo de Sedano;09905000500;09905;42,70259904;-3,701403841;Coordinado_IGR Poblaciones;813;MDT
4090285;09;Burgos;07;Castilla y León;Moriana;09120000200;09120;42,68999296;-3,07089903;Detección automática;529;MDT
4090286;09;Burgos;07;Castilla y León;Mozares;09903001800;09903;42,96952883;-3,563375749;Coordinado_IGR Poblaciones;599;MDT
4090287;09;Burgos;07;Castilla y León;Mozoncillo de Juarros;09177000800;09177;42,30724887;-3,514567146;Coordinado_IGR Poblaciones;954;MDT
4090288;09;Burgos;07;Castilla y León;Muergas;09109002800;09109;42,72689866;-2,805229823;Coordinado_IGR Poblaciones;601;MDT
4090289;09;Burgos;07;Castilla y León;Nava;09410003303;09410;43,15404631;-3,270828191;Coordinado_IGR Poblaciones;233;MDT
4090290;09;Burgos;07;Castilla y León;Navagos;09209001400;09209;42,97986047;-3,369211703;Coordinado_IGR Poblaciones;717;MDT
4090291;09;Burgos;07;Castilla y León;Nidáguila;09905000700;09905;42,63684182;-3,772911454;Coordinado_IGR Poblaciones;934;MDT
4090292;09;Burgos;07;Castilla y León;Noceco;09214001100;09214;43,09142149;-3,480373631;Coordinado_IGR Poblaciones;792;MDT
4090295;09;Burgos;07;Castilla y León;La Nuez de Abajo;09902000500;09902;42,45780934;-3,809381584;Coordinado_IGR Poblaciones;860;MDT
4090296;09;Burgos;07;Castilla y León;La Nuez de Arriba;09398000100;09398;42,60006386;-3,809034129;Coordinado_IGR Poblaciones;936;MDT
4090297;09;Burgos;07;Castilla y León;Obarenes;09120000300;09120;42,68498241;-3,128837181;Coordinado_IGR Poblaciones;748;MDT
4090298;09;Burgos;07;Castilla y León;Obecuri;09109002900;09109;42,64965361;-2,531453011;Coordinado_IGR Poblaciones;728;MDT
4090299;09;Burgos;07;Castilla y León;Ocilla y Ladrera;09109003000;09109;42,76381163;-2,77954843;Coordinado_IGR Poblaciones;629;MDT
4090300;09;Burgos;07;Castilla y León;Ocón de Villafranca;09431000100;09431;42,40528584;-3,313789779;Coordinado_IGR Poblaciones;967;MDT
4090301;09;Burgos;07;Castilla y León;Ojeda;09328000500;09328;42,75508219;-3,507008739;Coordinado_IGR Poblaciones;690;MDT
4090302;09;Burgos;07;Castilla y León;Olmillos de Sasamón;09363000300;09363;42,39602449;-4,035475029;Coordinado_IGR Poblaciones;830;MDT
4090303;09;Burgos;07;Castilla y León;Olmos Albos;09315000200;09315;42,22961051;-3,660627529;Coordinado_IGR Poblaciones;880;MDT
4090304;09;Burgos;07;Castilla y León;Olmos de Atapuerca;09029000200;09029;42,39133024;-3,532815506;Coordinado_IGR Poblaciones;946;MDT
4090305;09;Burgos;07;Castilla y León;Olmos de la Picaza;09427001400;09427;42,48087323;-3,979264568;Coordinado_IGR Poblaciones;868;MDT
4090306;09;Burgos;07;Castilla y León;Orbaneja del Castillo;09905000900;09905;42,83410948;-3,793666855;Coordinado_IGR Poblaciones;701;MDT
4090307;09;Burgos;07;Castilla y León;Orbañanos;09412001500;09412;42,7510165;-3,176230977;Coordinado_IGR Poblaciones;603;MDT
4090308;09;Burgos;07;Castilla y León;Los Ordejones;09175000600;09175;42,63030679;-4,050049151;Coordinado_IGR Poblaciones;980;MDT
4090309;09;Burgos;07;Castilla y León;La Orden de Tobalina;09412001600;09412;42,84843444;-3,33204247;Coordinado_IGR Poblaciones;569;MDT
4090310;09;Burgos;07;Castilla y León;Orón;09219001400;09219;42,67002284;-2,982230035;Coordinado_IGR Poblaciones;486;MDT
4090311;09;Burgos;07;Castilla y León;Oteo de Losa;09209001500;09209;43,000544;-3,316047;Detección automática;728;MDT
4090312;09;Burgos;07;Castilla y León;Ozana;09109003200;09109;42,71144379;-2,794908187;Coordinado_IGR Poblaciones;557;MDT
4090313;09;Burgos;07;Castilla y León;Palacios de Benaver;09181000300;09181;42,39293164;-3,89553993;Detección automática;862;MDT
4090314;09;Burgos;07;Castilla y León;Palazuelos de Cuesta Urria;09394000300;09394;42,78776098;-3,364347143;Coordinado_IGR Poblaciones;550;MDT
4090315;09;Burgos;07;Castilla y León;Palazuelos de Villadiego;09427001500;09427;42,5922923;-4,071792657;Coordinado_IGR Poblaciones;895;MDT
4090316;09;Burgos;07;Castilla y León;Pangua;09109003300;09109;42,73864986;-2,827021537;Coordinado_IGR Poblaciones;523;MDT
4090317;09;Burgos;07;Castilla y León;Pangusión;09412001800;09412;42,76791477;-3,235087741;Coordinado_IGR Poblaciones;528;MDT
4090318;09;Burgos;07;Castilla y León;Panizares de Valdivielso;09217000500;09217;42,79971208;-3,472693414;Coordinado_IGR Poblaciones;669;MDT
4090319;09;Burgos;07;Castilla y León;Para;09124000300;09124;43,07036381;-3,584421082;Coordinado_IGR Poblaciones;775;MDT
4090320;09;Burgos;07;Castilla y León;Paralacuesta;09213001100;09213;42,89277831;-3,498793271;Coordinado_IGR Poblaciones;579;MDT
4090321;09;Burgos;07;Castilla y León;Páramo del Arroyo;09907000300;09907;42,38764158;-3,775463427;Coordinado_IGR Poblaciones;894;MDT
4090322;09;Burgos;07;Castilla y León;Paresotas;09209001600;09209;42,98967862;-3,33041665;Detección automática;701;MDT
4090323;09;Burgos;07;Castilla y León;Pariza;09109003400;09109;42,69332756;-2,617768704;Coordinado_IGR Poblaciones;624;MDT
4090324;09;Burgos;07;Castilla y León;La Parte de Bureba;09238001000;09238;42,67786948;-3,385583065;Coordinado_IGR Poblaciones;683;MDT
4090325;09;Burgos;07;Castilla y León;La Parte de Sotoscueva;09215001400;09215;43,04270092;-3,700327861;Coordinado_IGR Poblaciones;766;MDT
4090326;09;Burgos;07;Castilla y León;Partearroyo;09410003700;09410;43,14602057;-3,28409026;Mapa;303;MDT
4090327;09;Burgos;07;Castilla y León;Paúl de Valdelucio;09415000700;09415;42,72190701;-4,15816801;Coordinado_IGR Poblaciones;948;MDT
4090328;09;Burgos;07;Castilla y León;Paúles del Agua;09032000200;09032;42,009451;-3,850924748;Coordinado_IGR Poblaciones;832;MDT
4090329;09;Burgos;07;Castilla y León;Paúles de Lara;09191000300;09191;42,14886235;-3,466251496;Coordinado_IGR Poblaciones;1026;MDT
4090330;09;Burgos;07;Castilla y León;Pedrosa de Muñó;09125000700;09125;42,22634175;-3,812742136;Coordinado_IGR Poblaciones;859;MDT
4090331;09;Burgos;07;Castilla y León;Pedrosa de Tobalina;09412001900;09412;42,84752614;-3,335748422;Coordinado_IGR Poblaciones;567;MDT
4090332;09;Burgos;07;Castilla y León;Pedrosa de Valdelucio;09415000800;09415;42,72014213;-4,031860282;Coordinado_IGR Poblaciones;963;MDT
4090334;09;Burgos;07;Castilla y León;Penches;09238001100;09238;42,7272667;-3,374232413;Coordinado_IGR Poblaciones;720;MDT
4090335;09;Burgos;07;Castilla y León;Peñahorada;09906001200;09906;42,49857398;-3,645347014;Coordinado_IGR Poblaciones;905;MDT
4090336;09;Burgos;07;Castilla y León;Peñalba de Castro;09174000300;09174;41,78820956;-3,366994973;Coordinado_IGR Poblaciones;959;MDT
4090337;09;Burgos;07;Castilla y León;Pereda;09215001500;09215;43,01520054;-3,575079352;Coordinado_IGR Poblaciones;669;MDT
4090338;09;Burgos;07;Castilla y León;Perex de Losa;09209001700;09209;42,95921943;-3,318200772;Coordinado_IGR Poblaciones;751;MDT
4090339;09;Burgos;07;Castilla y León;Pesadas de Burgos;09014000600;09014;42,76940156;-3,61785316;Detección automática;1011;MDT
4090340;09;Burgos;07;Castilla y León;Pesquera de Ebro;09905001000;09905;42,80143498;-3,720371942;Coordinado_IGR Poblaciones;647;MDT
4090341;09;Burgos;07;Castilla y León;La Piedra;09045000600;09045;42,63450865;-3,877021255;Coordinado_IGR Poblaciones;949;MDT
4090342;09;Burgos;07;Castilla y León;Piedrahíta de Muñó;09269000100;09269;42,07600196;-3,308216394;Coordinado_IGR Poblaciones;976;MDT
4090343;09;Burgos;07;Castilla y León;Pinedillo;09032000300;09032;42,00218981;-3,88642077;Coordinado_IGR Poblaciones;861;MDT
4090344;09;Burgos;07;Castilla y León;Pinillos de Esgueva;09369000100;09369;41,82179312;-3,835877017;Coordinado_IGR Poblaciones;870;MDT
4090345;09;Burgos;07;Castilla y León;Pino de Bureba;09238001200;09238;42,7054366;-3,43201145;Coordinado_IGR Poblaciones;609;MDT
4090347;09;Burgos;07;Castilla y León;Población de Arreba;09409001100;09409;42,88953753;-3,772707167;Coordinado_IGR Poblaciones;863;MDT
4090348;09;Burgos;07;Castilla y León;Población de Valdivielso;09217000600;09217;42,82050986;-3,538789362;Coordinado_IGR Poblaciones;581;MDT
4090349;09;Burgos;07;Castilla y León;Porquera del Butrón;09014000700;09014;42,80825964;-3,678368074;Coordinado_IGR Poblaciones;1010;MDT
4090350;09;Burgos;07;Castilla y León;Portilla;09054000200;09054;42,7406877;-3,080900429;Coordinado_IGR Poblaciones;585;MDT
4090351;09;Burgos;07;Castilla y León;La Prada;09412002000;09412;42,84154416;-3,271774451;Coordinado_IGR Poblaciones;664;MDT
4090352;09;Burgos;07;Castilla y León;Prádanos del Tozo;09045000700;09045;42,69642488;-3,956576364;Coordinado_IGR Poblaciones;884;MDT
4090353;09;Burgos;07;Castilla y León;Pradilla de Hoz de Arreba;09413001200;09413;42,92661247;-3,74795169;Coordinado_IGR Poblaciones;698;MDT
4090355;09;Burgos;07;Castilla y León;La Presilla;09410003800;09410;43,13118117;-3,262383256;Coordinado_IGR Poblaciones;273;MDT
4090356;09;Burgos;07;Castilla y León;Presillas;09011000800;09011;42,85380576;-3,880677482;Coordinado_IGR Poblaciones;749;MDT
4090357;09;Burgos;07;Castilla y León;Puentearenas de Valdivielso;09217000700;09217;42,84337911;-3,586737996;Coordinado_IGR Poblaciones;578;MDT
4090358;09;Burgos;07;Castilla y León;Puentedey;09216000800;09216;42,97506658;-3,685135642;Coordinado_IGR Poblaciones;643;MDT
4090359;09;Burgos;07;Castilla y León;Puras de Villafranca;09048000500;09048;42,37825556;-3,243101712;Coordinado_IGR Poblaciones;906;MDT
4090360;09;Burgos;07;Castilla y León;Quecedo de Valdivielso;09217000800;09217;42,83166741;-3,541756898;Detección automática;628;MDT
4090361;09;Burgos;07;Castilla y León;Quincoces de Yuso;09908001200;09908;42,99019172;-3,242734141;Coordinado_IGR Poblaciones;663;MDT
4090362;09;Burgos;07;Castilla y León;Quintanaloma;09905001100;09905;42,69526579;-3,673975589;Coordinado_IGR Poblaciones;997;MDT
4090363;09;Burgos;07;Castilla y León;Quintana del Pino;09398000200;09398;42,61672496;-3,816486918;Coordinado_IGR Poblaciones;930;MDT
4090364;09;Burgos;07;Castilla y León;Quintana de los Prados;09124000400;09124;43,07572447;-3,513139422;Coordinado_IGR Poblaciones;730;MDT
4090365;09;Burgos;07;Castilla y León;La Quintana de Rueda;09903001900;09903;42,96287476;-3,574521235;Coordinado_IGR Poblaciones;608;MDT
4090366;09;Burgos;07;Castilla y León;Quintana-Urria;09071000300;09071;42,56357718;-3,452241286;Coordinado_IGR Poblaciones;737;MDT
4090367;09;Burgos;07;Castilla y León;Quintana de Valdivielso;09217000900;09217;42,84186147;-3,597815828;Coordinado_IGR Poblaciones;613;MDT
4090368;09;Burgos;07;Castilla y León;Quintana María;09412002300;09412;42,7858953;-3,319392695;Coordinado_IGR Poblaciones;559;MDT
4090369;09;Burgos;07;Castilla y León;Quintana Martín Galíndez;09412002200;09412;42,79365599;-3,270144046;Detección automática;553;MDT
4090370;09;Burgos;07;Castilla y León;Quintanabaldo;09216000900;09216;42,98243891;-3,730445144;Coordinado_IGR Poblaciones;668;MDT
4090371;09;Burgos;07;Castilla y León;Quintanaentello;09413001300;09413;42,98118975;-3,813367792;Detección automática;835;MDT
4090372;09;Burgos;07;Castilla y León;Quintanalacuesta;09213001400;09213;42,86700708;-3,495650702;Coordinado_IGR Poblaciones;711;MDT
4090373;09;Burgos;07;Castilla y León;Quintanalara;09314000100;09314;42,17391435;-3,534280804;Coordinado_IGR Poblaciones;989;MDT
4090374;09;Burgos;07;Castilla y León;Quintanaloranco;09048000600;09048;42,496245;-3,221100043;Coordinado_IGR Poblaciones;753;MDT
4090375;09;Burgos;07;Castilla y León;Quintanamanvirgo;09256000400;09256;41,74686792;-3,958514513;Coordinado_IGR Poblaciones;812;MDT
4090376;09;Burgos;07;Castilla y León;Quintanaopio;09006000200;09006;42,7418474;-3,493201733;Detección automática;646;MDT
4090377;09;Burgos;07;Castilla y León;Quintanarraya;09174000400;09174;41,78708614;-3,338437983;Coordinado_IGR Poblaciones;935;MDT
4090378;09;Burgos;07;Castilla y León;Quintanarruz;09906001400;09906;42,56618975;-3,591443854;Coordinado_IGR Poblaciones;769;MDT
4090379;09;Burgos;07;Castilla y León;Quintanas de Valdelucio;09415000900;09415;42,71730927;-4,118427964;Detección automática;942;MDT
4090380;09;Burgos;07;Castilla y León;Quintanilla de los Adrianos;09903002000;09903;42,94385587;-3,545099771;Coordinado_IGR Poblaciones;637;MDT
4090381;09;Burgos;07;Castilla y León;Quintanilla Caberrojas;09323000100;09323;42,59113758;-3,439451959;Coordinado_IGR Poblaciones;692;MDT
4090382;09;Burgos;07;Castilla y León;Quintanilla Cabrera;09476000200;09476;42,16632972;-3,414311461;Coordinado_IGR Poblaciones;1155;MDT
4090383;09;Burgos;07;Castilla y León;Quintanilla de las Carretas;09338000100;09338;42,32847671;-3,80848825;Coordinado_IGR Poblaciones;822;MDT
4090384;09;Burgos;07;Castilla y León;Quintanilla-Escalada;09905001200;09905;42,80048732;-3,769716259;Coordinado_IGR Poblaciones;662;MDT
4090385;09;Burgos;07;Castilla y León;Quintanilla del Monte en Juarros;09429000100;09429;42,3985685;-3,418360904;Coordinado_IGR Poblaciones;936;MDT
4090386;09;Burgos;07;Castilla y León;Quintanilla del Monte en Rioja;09308000100;09308;42,4382711;-3,13163127;Detección automática;771;MDT
4090387;09;Burgos;07;Castilla y León;Quintanilla Pedro Abarca;09172000200;09172;42,56599802;-3,81431129;Detección automática;941;MDT
4090388;09;Burgos;07;Castilla y León;Quintanilla de Pienza;09214001300;09214;43,00119102;-3,480241621;Coordinado_IGR Poblaciones;641;MDT
4090389;09;Burgos;07;Castilla y León;Quintanilla de la Presa;09427001600;09427;42,58719926;-3,924518164;Coordinado_IGR Poblaciones;956;MDT
4090390;09;Burgos;07;Castilla y León;Quintanilla del Rebollar;09215001600;09215;43,056736;-3,624656824;Coordinado_IGR Poblaciones;696;MDT
4090391;09;Burgos;07;Castilla y León;Quintanilla de Río Fresno;09373000800;09373;42,54060862;-4,208328687;Coordinado_IGR Poblaciones;843;MDT
4090392;09;Burgos;07;Castilla y León;Quintanilla Riopico;09241000200;09241;42,35496402;-3,567849457;Coordinado_IGR Poblaciones;931;MDT
4090393;09;Burgos;07;Castilla y León;Quintanilla San Román;09413001400;09413;42,96532833;-3,87191239;Detección automática;930;MDT
4090394;09;Burgos;07;Castilla y León;Quintanilla Santa Gadea;09012000200;09012;42,96405226;-3,961592178;Coordinado_IGR Poblaciones;913;MDT
4090395;09;Burgos;07;Castilla y León;Quintanilla Sobresierra;09906001500;09906;42,57172645;-3,713014854;Coordinado_IGR Poblaciones;953;MDT
4090397;09;Burgos;07;Castilla y León;Quintanilla Somuño;09125000800;09125;42,2430919;-3,875448282;Coordinado_IGR Poblaciones;823;MDT
4090398;09;Burgos;07;Castilla y León;Quintanilla Sopeña;09214001400;09214;43,07231812;-3,463516054;Coordinado_IGR Poblaciones;714;MDT
4090399;09;Burgos;07;Castilla y León;Quintanilla de Urrilla;09414000400;09414;42,11540783;-3,199710726;Coordinado_IGR Poblaciones;1072;MDT
4090400;09;Burgos;07;Castilla y León;Quintanilla de las Viñas;09200000300;09200;42,12471119;-3,480935588;Coordinado_IGR Poblaciones;1028;MDT
4090401;09;Burgos;07;Castilla y León;Quintanilla Colina;09014000800;09014;42,83744675;-3,72248745;Coordinado_IGR Poblaciones;641;MDT
4090402;09;Burgos;07;Castilla y León;Quintanilla-Montecabezas;09213001500;09213;42,87072358;-3,291876558;Coordinado_IGR Poblaciones;736;MDT
4090403;09;Burgos;07;Castilla y León;Quintanilla de Sotoscueva;09215001700;09215;43,04819409;-3,68289038;Detección automática;753;MDT
4090404;09;Burgos;07;Castilla y León;Quintanilla Valdebodres;09215001800;09215;42,98431913;-3,671147456;Coordinado_IGR Poblaciones;654;MDT
4090405;09;Burgos;07;Castilla y León;Quisicedo;09215001900;09215;43,04966556;-3,662854492;Coordinado_IGR Poblaciones;733;MDT
4090406;09;Burgos;07;Castilla y León;Rábanos;09303000200;09303;42,32018671;-3,270415951;Detección automática;1167;MDT
4090407;09;Burgos;07;Castilla y León;Rabé de los Escuderos;09194000300;09194;41,97837558;-3,739024616;Coordinado_IGR Poblaciones;907;MDT
4090408;09;Burgos;07;Castilla y León;La Rad;09045000800;09045;42,67306008;-3,914796592;Coordinado_IGR Poblaciones;981;MDT
4090409;09;Burgos;07;Castilla y León;Ranedo-Promediano;09412002100,09412002400;09412;42,81190523;-3,24031943;Centroide calculado a partir de las coordenadas de las poblaciones que componen el EATIM;578,5;Altitud media de las poblaciones que componen el EATIM
4090410;09;Burgos;07;Castilla y León;Ranera;09255000200;09255;42,72723639;-3,298120004;Coordinado_IGR Poblaciones;722;MDT
4090411;09;Burgos;07;Castilla y León;La Rebolleda;09306000300;09306;42,73218807;-4,256017699;Coordinado_IGR Poblaciones;903;MDT
4090412;09;Burgos;07;Castilla y León;Las Rebolledas;09902000600;09902;42,45830464;-3,75952202;Detección automática;911;MDT
4090413;09;Burgos;07;Castilla y León;Rebolledillo de la Orden;09373000900;09373;42,66473385;-4,258582579;Coordinado_IGR Poblaciones;962;MDT
4090414;09;Burgos;07;Castilla y León;Rebolledo de la Torre;09306000400;09306;42,68930423;-4,22693964;Mapa;957;MDT
4090415;09;Burgos;07;Castilla y León;Rebolledo Traspeña;09175000700;09175;42,68231058;-4,133044658;Coordinado_IGR Poblaciones;983;MDT
4090416;09;Burgos;07;Castilla y León;Redondo;09215002100;09215;43,06479323;-3,607604468;Coordinado_IGR Poblaciones;767;MDT
4090417;09;Burgos;07;Castilla y León;Relloso;09908001400;09908;43,05846012;-3,234548608;Coordinado_IGR Poblaciones;785;MDT
4090418;09;Burgos;07;Castilla y León;Renedo de la Escalera;09415001000;09415;42,7214667;-4,1475752;Detección automática;937;MDT
4090419;09;Burgos;07;Castilla y León;Revenga de Muñó;09466000100;09466;42,15857437;-3,863720626;Coordinado_IGR Poblaciones;841;MDT
4090420;09;Burgos;07;Castilla y León;Revilla-Cabriada;09194000400;09194;42,00070155;-3,702888083;Coordinado_IGR Poblaciones;855;MDT
4090421;09;Burgos;07;Castilla y León;La Revilla de Herrán;09412002500;09412;42,82308297;-3,251448832;Coordinado_IGR Poblaciones;615;MDT
4090422;09;Burgos;07;Castilla y León;Revilla de Pienza;09214001500;09214;43,01362479;-3,483035577;Coordinado_IGR Poblaciones;644;MDT
4090423;09;Burgos;07;Castilla y León;Revillagodos;09056000400;09056;42,48720721;-3,401015472;Coordinado_IGR Poblaciones;820;MDT
4090424;09;Burgos;07;Castilla y León;Revillalcón;09334000200;09334;42,56146125;-3,360073372;Coordinado_IGR Poblaciones;778;MDT
4090425;09;Burgos;07;Castilla y León;Riaño;09413001500;09413;42,98809735;-3,805865168;Coordinado_IGR Poblaciones;868;MDT
4090427;09;Burgos;07;Castilla y León;La Riba de Valdelucio;09415001100;09415;42,70040682;-4,085154499;Coordinado_IGR Poblaciones;962;MDT
4090428;09;Burgos;07;Castilla y León;Ribota;09410003900;09410;43,13874721;-3,303502304;Coordinado_IGR Poblaciones;354;MDT
4090429;09;Burgos;07;Castilla y León;Río de Losa;09908001600;09908;42,94970438;-3,275351134;Coordinado_IGR Poblaciones;631;MDT
4090430;09;Burgos;07;Castilla y León;Río Quintanilla;09006000300;09006;42,73037581;-3,508329391;Investigación;697;Investigación
4090431;09;Burgos;07;Castilla y León;Riocerezo;09904000300;09904;42,44369488;-3,589680477;Coordinado_IGR Poblaciones;896;MDT
4090432;09;Burgos;07;Castilla y León;Rioparaíso;09427001700;09427;42,60190739;-4,066385104;Coordinado_IGR Poblaciones;910;MDT
4090434;09;Burgos;07;Castilla y León;Robredo de las Pueblas;09216001000;09216;43,01371195;-3,810241471;Coordinado_IGR Poblaciones;755;MDT
4090435;09;Burgos;07;Castilla y León;Robredo Temiño;09904000500;09904;42,4682019;-3,580645218;Coordinado_IGR Poblaciones;890;MDT
4090436;09;Burgos;07;Castilla y León;Rojas;09323000200;09323;42,57815487;-3,442554683;Detección automática;720;MDT
4090437;09;Burgos;07;Castilla y León;Ros;09902000700;09902;42,48453358;-3,80899571;Detección automática;889;MDT
4090438;09;Burgos;07;Castilla y León;Rosío;09209002500;09209;42,98998432;-3,402249129;Coordinado_IGR Poblaciones;662;MDT
4090439;09;Burgos;07;Castilla y León;Rozas;09216001100;09216;43,02668586;-3,731821785;Coordinado_IGR Poblaciones;717;MDT
4090440;09;Burgos;07;Castilla y León;Rublacedo de Abajo;09327000100;09327;42,55327321;-3,50208386;Mapa;788;MDT
4090441;09;Burgos;07;Castilla y León;Rublacedo de Arriba;09327000200;09327;42,53359738;-3,509680981;Coordinado_IGR Poblaciones;822;MDT
4090442;09;Burgos;07;Castilla y León;Rucandio;09328000600;09328;42,75154362;-3,541274514;Detección automática;804;MDT
4090443;09;Burgos;07;Castilla y León;Rufrancos;09412002600;09412;42,85109707;-3,281582875;Coordinado_IGR Poblaciones;681;MDT
4090444;09;Burgos;07;Castilla y León;Rupelo;09430000100;09430;42,12446657;-3,39477968;Coordinado_IGR Poblaciones;1003;MDT
4090445;09;Burgos;07;Castilla y León;Ruyales del Agua;09194000500;09194;42,03524776;-3,806079478;Coordinado_IGR Poblaciones;816;MDT
4090446;09;Burgos;07;Castilla y León;Ruyales del Páramo;09172000300;09172;42,54090991;-3,80896429;Coordinado_IGR Poblaciones;976;MDT
4090447;09;Burgos;07;Castilla y León;Salazar;09903002200;09903;42,97485854;-3,61791934;Coordinado_IGR Poblaciones;655;MDT
4090448;09;Burgos;07;Castilla y León;Salazar de Amaya;09373001000;09373;42,61730192;-4,2032453;Coordinado_IGR Poblaciones;912;MDT
4090449;09;Burgos;07;Castilla y León;Salgüero de Juarros;09177000900;09177;42,29349009;-3,489745399;Coordinado_IGR Poblaciones;971;MDT
4090450;09;Burgos;07;Castilla y León;Salinas de Rosío;09209002600;09209;42,98149504;-3,418567221;Coordinado_IGR Poblaciones;630;MDT
4090451;09;Burgos;07;Castilla y León;Salinillas de Bureba;09334000300;09334;42,55178787;-3,387326003;Detección automática;874;MDT
4090452;09;Burgos;07;Castilla y León;San Clemente del Valle;09360000200;09360;42,36645466;-3,188493545;Coordinado_IGR Poblaciones;986;MDT
4090453;09;Burgos;07;Castilla y León;San Cristóbal de Almendres;09213001700;09213;42,88807029;-3,434115195;Coordinado_IGR Poblaciones;637;MDT
4090454;09;Burgos;07;Castilla y León;San Felices del Rudrón;09395000300;09395;42,75328608;-3,803305525;Coordinado_IGR Poblaciones;687;MDT
4090455;09;Burgos;07;Castilla y León;San Juan de Ortega;09044000400;09044;42,3755173;-3,435847785;Coordinado_IGR Poblaciones;1006;MDT
4090456;09;Burgos;07;Castilla y León;San Llorente de Losa;09908001700;09908;42,96962905;-3,241432129;Coordinado_IGR Poblaciones;645;MDT
4090457;09;Burgos;07;Castilla y León;San Llorente de la Vega;09211000200;09211;42,43687657;-4,257645919;Coordinado_IGR Poblaciones;798;MDT
4090458;09;Burgos;07;Castilla y León;San Mamés de Abar;09045000900;09045;42,68123148;-4,007626026;Coordinado_IGR Poblaciones;924;MDT
4090459;09;Burgos;07;Castilla y León;San Martín de Don;09412002700;09412;42,77132925;-3,178302798;Coordinado_IGR Poblaciones;539;MDT
4090460;09;Burgos;07;Castilla y León;San Martín de Humada;09175000800;09175;42,65561776;-4,03594671;Detección automática;981;MDT
4090461;09;Burgos;07;Castilla y León;San Martín de Losa;09908001500;09908;42,95826688;-3,187196206;Coordinado_IGR Poblaciones;695;MDT
4090462;09;Burgos;07;Castilla y León;San Martín de las Ollas;09216001200;09216;42,99071765;-3,74776623;Coordinado_IGR Poblaciones;734;MDT
4090463;09;Burgos;07;Castilla y León;San Martín de Porres;09216001300;09216;43,01937661;-3,732343449;Coordinado_IGR Poblaciones;694;MDT
4090464;09;Burgos;07;Castilla y León;San Martín Zar;09109003900;09109;42,69461079;-2,726930608;Coordinado_IGR Poblaciones;653;MDT
4090465;09;Burgos;07;Castilla y León;San Medel;09074000200;09074;42,33039807;-3,600906112;Coordinado_IGR Poblaciones;896;MDT
4090466;09;Burgos;07;Castilla y León;San Millán de Juarros;09177001000;09177;42,31931648;-3,542534507;Coordinado_IGR Poblaciones;923;MDT
4090467;09;Burgos;07;Castilla y León;San Millán de San Zadornil;09192000200;09192;42,85214076;-3,139435391;Coordinado_IGR Poblaciones;587;MDT
4090468;09;Burgos;07;Castilla y León;San Pantaleón de Losa;09908001800;09908;42,93275069;-3,286232523;Coordinado_IGR Poblaciones;629;MDT
4090469;09;Burgos;07;Castilla y León;San Pantaleón del Páramo;09172000400;09172;42,56419851;-3,803414509;Coordinado_IGR Poblaciones;929;MDT
4090470;09;Burgos;07;Castilla y León;San Pedro de la Hoz;09143000400;09143;42,54315948;-3,424529631;Coordinado_IGR Poblaciones;839;MDT
4090471;09;Burgos;07;Castilla y León;San Pedro del Monte;09046000200;09046;42,41586558;-3,110191002;Coordinado_IGR Poblaciones;831;MDT
4090472;09;Burgos;07;Castilla y León;San Pedro Samuel;09259000400;09259;42,44288081;-3,877065623;Coordinado_IGR Poblaciones;883;MDT
4090473;09;Burgos;07;Castilla y León;San Pelayo;09214001600;09214;43,10662855;-3,435011156;Coordinado_IGR Poblaciones;786;MDT
4090474;09;Burgos;07;Castilla y León;San Vicente de Villamezán;09413001700;09413;42,97970996;-3,928585657;Coordinado_IGR Poblaciones;848;MDT
4090475;09;Burgos;07;Castilla y León;Sandoval de la Reina;09427001800;09427;42,55927584;-4,105714839;Coordinado_IGR Poblaciones;855;MDT
4090476;09;Burgos;07;Castilla y León;Santa Coloma del Rudrón;09361000500;09361;42,68795361;-3,876871364;Coordinado_IGR Poblaciones;754;MDT
4090477;09;Burgos;07;Castilla y León;Santa Cruz;09410004102;09410;43,11627301;-3,232990703;Coordinado_IGR Poblaciones;364;MDT
4090478;09;Burgos;07;Castilla y León;Santa Cruz de Andino;09903002300;09903;42,92345443;-3,5527269;Detección automática;624;MDT
4090479;09;Burgos;07;Castilla y León;Santa Cruz de Juarros;09177001100;09177;42,25162346;-3,472504358;Coordinado_IGR Poblaciones;1040;MDT
4090480;09;Burgos;07;Castilla y León;Santa Cruz del Tozo;09045001000;09045;42,64679781;-3,883315143;Coordinado_IGR Poblaciones;950;MDT
4090481;09;Burgos;07;Castilla y León;Santa Gadea de Alfoz;09012000300;09012;42,95530737;-3,952757764;Detección automática;894;MDT
4090482;09;Burgos;07;Castilla y León;Santa María del Llano de Tudela;09410004200;09410;43,09463628;-3,18406668;Coordinado_IGR Poblaciones;401;MDT
4090483;09;Burgos;07;Castilla y León;Santa María de Garoña;09412002800;09412;42,76490731;-3,205853782;Coordinado_IGR Poblaciones;520;MDT
4090484;09;Burgos;07;Castilla y León;Santa Olalla;09124000500;09124;43,07536573;-3,563825001;Coordinado_IGR Poblaciones;788;MDT
4090485;09;Burgos;07;Castilla y León;Santa Olalla de Valdivielso;09217001000;09217;42,82967395;-3,574533842;Coordinado_IGR Poblaciones;594;MDT
4090486;09;Burgos;07;Castilla y León;Santa Olalla del Valle;09433000200;09433;42,33836618;-3,173852073;Coordinado_IGR Poblaciones;938;MDT
4090487;09;Burgos;07;Castilla y León;Santecilla;09410004400;09410;43,15777841;-3,238340892;Coordinado_IGR Poblaciones;224;MDT
4090488;09;Burgos;07;Castilla y León;Santelices;09216001400;09216;43,00359936;-3,74225775;Coordinado_IGR Poblaciones;673;MDT
4090489;09;Burgos;07;Castilla y León;Santiago;09410004503;09410;43,0924435;-3,193805812;Coordinado_IGR Poblaciones;405;MDT
4090490;09;Burgos;07;Castilla y León;Santillán del Agua;09194000600;09194;42,03010706;-3,72294874;Detección automática;836;MDT
4090491;09;Burgos;07;Castilla y León;Santocildes;09412002900;09412;42,78727195;-3,299951581;Coordinado_IGR Poblaciones;576;MDT
4090492;09;Burgos;07;Castilla y León;Santotis;09394000400;09394;42,81620476;-3,367299617;Coordinado_IGR Poblaciones;565;MDT
4090493;09;Burgos;07;Castilla y León;Santovenia de Oca;09026000400;09026;42,35690769;-3,461453944;Coordinado_IGR Poblaciones;980;MDT
4090494;09;Burgos;07;Castilla y León;Santurde;09209002700;09209;42,98213339;-3,482239289;Coordinado_IGR Poblaciones;620;MDT
4090495;09;Burgos;07;Castilla y León;Saraso;09109004100;09109;42,71502953;-2,662738394;Coordinado_IGR Poblaciones;582;MDT
4090496;09;Burgos;07;Castilla y León;Siones;09410004600;09410;43,06723563;-3,31553892;Mapa;389;MDT
4090498;09;Burgos;07;Castilla y León;Solanas de Valdelucio;09415001200;09415;42,68476973;-4,049452476;Coordinado_IGR Poblaciones;1002;MDT
4090499;09;Burgos;07;Castilla y León;Solduengo de Bureba;09043000300;09043;42,66173306;-3,342048553;Coordinado_IGR Poblaciones;680;MDT
4090500;09;Burgos;07;Castilla y León;Soncillo;09413001800;09413;42,96984761;-3,786358615;Detección automática;839;MDT
4090501;09;Burgos;07;Castilla y León;Sopeñano;09410004700;09410;43,077187;-3,3339;Detección automática;357;MDT
4090502;09;Burgos;07;Castilla y León;Sotillo de Rioja;09308000300;09308;42,46121418;-3,089289616;Coordinado_IGR Poblaciones;690;MDT
4090503;09;Burgos;07;Castilla y León;Sotovellanos;09373001100;09373;42,59947262;-4,266167328;Coordinado_IGR Poblaciones;898;MDT
4090504;09;Burgos;07;Castilla y León;Suzana;09219001600;09219;42,70944473;-2,990331755;Coordinado_IGR Poblaciones;478;MDT
4090505;09;Burgos;07;Castilla y León;Tablada del Rudrón;09395000400;09395;42,72531542;-3,843588114;Coordinado_IGR Poblaciones;734;MDT
4090506;09;Burgos;07;Castilla y León;Tablada de Villadiego;09427001900;09427;42,5530662;-3,99759642;Coordinado_IGR Poblaciones;868;MDT
4090507;09;Burgos;07;Castilla y León;Tabliega;09189000600;09189;43,01046204;-3,458401172;Coordinado_IGR Poblaciones;682;MDT
4090508;09;Burgos;07;Castilla y León;Talamillo del Tozo;09045001100;09045;42,6497521;-3,96509186;Detección automática;990;MDT
4090509;09;Burgos;07;Castilla y León;Tañabueyes de la Sierra;09381000100;09381;42,1661668;-3,398148985;Coordinado_IGR Poblaciones;1125;MDT
4090510;09;Burgos;07;Castilla y León;Taranco;09410004800;09410;43,11115744;-3,332036752;Coordinado_IGR Poblaciones;472;MDT
4090511;09;Burgos;07;Castilla y León;Taravero;09109004300;09109;42,69116012;-2,735702456;Coordinado_IGR Poblaciones;652;MDT
4090512;09;Burgos;07;Castilla y León;Tartales de Cilla;09394000500;09394;42,79247048;-3,421304913;Coordinado_IGR Poblaciones;612;MDT
4090513;09;Burgos;07;Castilla y León;Tartales de los Montes;09217001100;09217;42,82432292;-3,487327423;Coordinado_IGR Poblaciones;744;MDT
4090514;09;Burgos;07;Castilla y León;Temiño;09904000600;09904;42,47480683;-3,549297012;Coordinado_IGR Poblaciones;899;MDT
4090515;09;Burgos;07;Castilla y León;Terminón;09238001300;09238;42,72139443;-3,451094157;Coordinado_IGR Poblaciones;591;MDT
4090516;09;Burgos;07;Castilla y León;Terradillos de Sedano;09905001400;09905;42,65126085;-3,821031436;Coordinado_IGR Poblaciones;861;MDT
4090517;09;Burgos;07;Castilla y León;Terrazos de Bureba;09043000400;09043;42,61827271;-3,360818819;Coordinado_IGR Poblaciones;660;MDT
4090518;09;Burgos;07;Castilla y León;Teza de Losa;09908001900;09908;42,9723918;-3,203315055;Coordinado_IGR Poblaciones;668;MDT
4090519;09;Burgos;07;Castilla y León;Tobes y Rahedo;09904000700;09904;42,50495067;-3,571710702;Coordinado_IGR Poblaciones;854;MDT
4090520;09;Burgos;07;Castilla y León;Tolbaños de Abajo;09414000500;09414;42,09887032;-3,138970673;Coordinado_IGR Poblaciones;1199;MDT
4090521;09;Burgos;07;Castilla y León;Tolbaños de Arriba;09414000600;09414;42,09478317;-3,103236345;Coordinado_IGR Poblaciones;1250;MDT
4090522;09;Burgos;07;Castilla y León;Torme;09903002400;09903;42,98799384;-3,563211996;Coordinado_IGR Poblaciones;598;MDT
4090523;09;Burgos;07;Castilla y León;Tornadijo;09196000200;09196;42,15514632;-3,647267329;Coordinado_IGR Poblaciones;966;MDT
4090524;09;Burgos;07;Castilla y León;Torre;09109004400;09109;42,69393912;-2,673749175;Coordinado_IGR Poblaciones;593;MDT
4090525;09;Burgos;07;Castilla y León;Torrecitores del Enebral;09032000400;09032;41,98456316;-3,855072975;Coordinado_IGR Poblaciones;869;MDT
4090526;09;Burgos;07;Castilla y León;Torres de Abajo;09413001900;09413;42,95858502;-3,792060533;Coordinado_IGR Poblaciones;874;MDT
4090527;09;Burgos;07;Castilla y León;Torres de Medina;09209002800;09209;42,945496;-3,46619714;Mapa;599;MDT
4090528;09;Burgos;07;Castilla y León;Trashaedo del Tozo;09045001200;09045;42,68184404;-3,935301543;Coordinado_IGR Poblaciones;985;MDT
4090529;09;Burgos;07;Castilla y León;Los Tremellos;09902000900;09902;42,51667242;-3,833003997;Coordinado_IGR Poblaciones;945;MDT
4090531;09;Burgos;07;Castilla y León;Treviño;09109004500;09109;42,73490457;-2,7469426;Detección automática;558;MDT
4090532;09;Burgos;07;Castilla y León;Tubilla;09903002500;09903;42,941621;-3,617412667;Coordinado_IGR Poblaciones;607;MDT
4090533;09;Burgos;07;Castilla y León;Tubilleja de Ebro;09014000900;09014;42,85224248;-3,714703457;Coordinado_IGR Poblaciones;622;MDT
4090534;09;Burgos;07;Castilla y León;Tudanca de Ebro;09014001000;09014;42,86296261;-3,70322744;Detección automática;617;MDT
4090535;09;Burgos;07;Castilla y León;Turrientes;09100000300;09100;42,41793853;-3,361501148;Coordinado_IGR Poblaciones;930;MDT
4090536;09;Burgos;07;Castilla y León;Ubierna;09906001900;09906;42,49261892;-3,69834429;Coordinado_IGR Poblaciones;881;MDT
4090537;09;Burgos;07;Castilla y León;Ungo;09410004900;09410;43,14094587;-3,264928187;Coordinado_IGR Poblaciones;250;MDT
4090538;09;Burgos;07;Castilla y León;Ura;09113000200;09113;42,01361005;-3,551021765;Coordinado_IGR Poblaciones;894;MDT
4090539;09;Burgos;07;Castilla y León;Úrbel del Castillo;09398000300;09398;42,61782501;-3,846292453;Detección automática;950;MDT
4090540;09;Burgos;07;Castilla y León;Urrez;09463000100;09463;42,27021721;-3,401688566;Coordinado_IGR Poblaciones;1147;MDT
4090541;09;Burgos;07;Castilla y León;Urria;09213001900;09213;42,84558666;-3,45412708;Detección automática;623;MDT
4090542;09;Burgos;07;Castilla y León;Uzquiano;09109004600;09109;42,74017464;-2,685484491;Coordinado_IGR Poblaciones;602;MDT
4090544;09;Burgos;07;Castilla y León;Valcabado de Roa;09256000500;09256;41,68792994;-3,992957793;Coordinado_IGR Poblaciones;882;MDT
4090545;09;Burgos;07;Castilla y León;Los Valcárceres;09427002100;09427;42,61957414;-3,93353173;Mapa;943;MDT
4090546;09;Burgos;07;Castilla y León;Valdazo;09056000500;09056;42,52463902;-3,36231379;Detección automática;782;MDT
4090547;09;Burgos;07;Castilla y León;Valdeajos de la Lora;09361000700;09361;42,74134199;-3,90969952;Detección automática;1011;MDT
4090548;09;Burgos;07;Castilla y León;Valdelateja;09905001600;09905;42,77416045;-3,768646107;Coordinado_IGR Poblaciones;660;MDT
4090549;09;Burgos;07;Castilla y León;Valdenoceda;09217001300;09217;42,84563628;-3,604608935;Coordinado_IGR Poblaciones;618;MDT
4090550;09;Burgos;07;Castilla y León;Valderías;09011000900;09011;42,86206858;-3,896601119;Detección automática;762;MDT
4090551;09;Burgos;07;Castilla y León;Valderrama;09255000300;09255;42,73196706;-3,252755201;Detección automática;630;MDT
4090552;09;Burgos;07;Castilla y León;Valhermosa;09217001400;09217;42,81918626;-3,514487408;Coordinado_IGR Poblaciones;635;MDT
4090553;09;Burgos;07;Castilla y León;Valpuesta;09050000200;09050;42,86594617;-3,124292743;Coordinado_IGR Poblaciones;634;MDT
4090554;09;Burgos;07;Castilla y León;Valtierra de Albacastro;09306000500;09306;42,68109052;-4,165369281;Coordinado_IGR Poblaciones;1011;MDT
4090555;09;Burgos;07;Castilla y León;Valtierra de Río Pisuerga;09211000500;09211;42,47610209;-4,240692667;Coordinado_IGR Poblaciones;833;MDT
4090556;09;Burgos;07;Castilla y León;Valujera;09412003100;09412;42,87071625;-3,34627582;Coordinado_IGR Poblaciones;639;MDT
4090557;09;Burgos;07;Castilla y León;Vallejimeno;09414000700;09414;42,1175143;-3,18439087;Detección automática;1074;MDT
4090558;09;Burgos;07;Castilla y León;Vallejo de Sotoscueva;09215002300;09215;43,0455783;-3,689037421;Coordinado_IGR Poblaciones;736;MDT
4090559;09;Burgos;07;Castilla y León;Vallejo;09410005001;09410;43,08477884;-3,302178368;Coordinado_IGR Poblaciones;328;MDT
4090560;09;Burgos;07;Castilla y León;Vallejuelo;09410005100;09410;43,07072491;-3,326464495;Detección automática;384;MDT
4090561;09;Burgos;07;Castilla y León;La Veguecilla;09325000200;09325;42,02118238;-3,883421791;Coordinado_IGR Poblaciones;824;MDT
4090562;09;Burgos;07;Castilla y León;Las Vesgas de Bureba;09043000500;09043;42,63535327;-3,347173649;Coordinado_IGR Poblaciones;652;MDT
4090563;09;Burgos;07;Castilla y León;Las Viadas;09412003200;09412;42,83673484;-3,259431796;Coordinado_IGR Poblaciones;703;MDT
4090564;09;Burgos;07;Castilla y León;Viergol;09410005400;09410;43,12997875;-3,207220418;Coordinado_IGR Poblaciones;473;MDT
4090565;09;Burgos;07;Castilla y León;El Vigo;09410005500;09410;43,0684096;-3,303155837;Coordinado_IGR Poblaciones;440;MDT
4090566;09;Burgos;07;Castilla y León;Vilviestre de Muñó;09125000900;09125;42,29056027;-3,933621164;Coordinado_IGR Poblaciones;832;MDT
4090567;09;Burgos;07;Castilla y León;Villabáscones;09215002400;09215;43,04843576;-3,67160602;Coordinado_IGR Poblaciones;727;MDT
4090568;09;Burgos;07;Castilla y León;Villabáscones de Bezana;09413002000;09413;42,96610455;-3,742657015;Coordinado_IGR Poblaciones;826;MDT
4090569;09;Burgos;07;Castilla y León;Villabasil;09908002000;09908;43,02980346;-3,297867778;Coordinado_IGR Poblaciones;732;MDT
4090570;09;Burgos;07;Castilla y León;Villacanes;09903002600;09903;42,94684524;-3,574648186;Coordinado_IGR Poblaciones;594;MDT
4090571;09;Burgos;07;Castilla y León;Villacián de Losa;09908002100;09908;42,96880541;-3,165800727;Coordinado_IGR Poblaciones;707;MDT
4090572;09;Burgos;07;Castilla y León;Villacienzo;09439000200;09439;42,3268518;-3,757662136;Coordinado_IGR Poblaciones;858;MDT
4090573;09;Burgos;07;Castilla y León;Villacomparada de Rueda;09903002700;09903;42,95117447;-3,556383025;Coordinado_IGR Poblaciones;611;MDT
4090574;09;Burgos;07;Castilla y León;Villaescobedo;09415001300;09415;42,74030093;-4,086802977;Coordinado_IGR Poblaciones;1042;MDT
4090575;09;Burgos;07;Castilla y León;Villaescusa del Butrón;09014001100;09014;42,76736421;-3,652396923;Coordinado_IGR Poblaciones;1013;MDT
4090576;09;Burgos;07;Castilla y León;Villaescusa la Solana;09429000200;09429;42,42639466;-3,419886351;Coordinado_IGR Poblaciones;907;MDT
4090577;09;Burgos;07;Castilla y León;Villaescusa la Sombría;09429000300;09429;42,41489161;-3,41807299;Detección automática;912;MDT
4090578;09;Burgos;07;Castilla y León;Villaescusa de Tobalina;09412003300;09412;42,79248829;-3,20918588;Detección automática;568;MDT
4090579;09;Burgos;07;Castilla y León;Villaespasa;09430000200;09430;42,09971306;-3,404489694;Detección automática;960;MDT
4090580;09;Burgos;07;Castilla y León;Villafuertes;09448000200;09448;42,17685015;-3,801546785;Coordinado_IGR Poblaciones;838;MDT
4090581;09;Burgos;07;Castilla y León;Villagutiérrez;09125001000;09125;42,3067466;-3,907254079;Coordinado_IGR Poblaciones;815;MDT
4090582;09;Burgos;07;Castilla y León;Villahernando;09427002300;09427;42,55946248;-3,969380819;Coordinado_IGR Poblaciones;887;MDT
4090583;09;Burgos;07;Castilla y León;Villahizán de Treviño;09427002400;09427;42,4778785;-4,105317443;Coordinado_IGR Poblaciones;830;MDT
4090584;09;Burgos;07;Castilla y León;Villalacre;09189000700;09189;43,02067256;-3,397884323;Coordinado_IGR Poblaciones;681;MDT
4090585;09;Burgos;07;Castilla y León;Villalaín;09903002800;09903;42,90984775;-3,582999069;Coordinado_IGR Poblaciones;650;MDT
4090586;09;Burgos;07;Castilla y León;Villalambrús de Losa;09908002200;09908;42,94536723;-3,170764128;Coordinado_IGR Poblaciones;765;MDT
4090587;09;Burgos;07;Castilla y León;Villalázara;09214001700;09214;43,03966799;-3,496278046;Coordinado_IGR Poblaciones;674;MDT
4090588;09;Burgos;07;Castilla y León;Villalba de Losa;09190000700;09190;42,93537884;-3,08782904;Mapa;666;MDT
4090589;09;Burgos;07;Castilla y León;Villalbilla Sobresierra;09906002000;09906;42,5292234;-3,659600118;Coordinado_IGR Poblaciones;905;MDT
4090590;09;Burgos;07;Castilla y León;Villalbilla de Villadiego;09427002500;09427;42,57038014;-4,00029732;Detección automática;884;MDT
4090591;09;Burgos;07;Castilla y León;Villalbos;09411000300;09411;42,44515039;-3,329667201;Coordinado_IGR Poblaciones;850;MDT
4090592;09;Burgos;07;Castilla y León;Villalibado;09427002600;09427;42,52570884;-3,975828956;Coordinado_IGR Poblaciones;867;MDT
4090593;09;Burgos;07;Castilla y León;Villalmondar;09411000400;09411;42,45252342;-3,335568912;Coordinado_IGR Poblaciones;836;MDT
4090594;09;Burgos;07;Castilla y León;Villalómez;09411000500;09411;42,42932186;-3,31253022;Detección automática;876;MDT
4090596;09;Burgos;07;Castilla y León;Villaluenga de Losa;09908002300;09908;42,96014251;-3,263657721;Coordinado_IGR Poblaciones;642;MDT
4090597;09;Burgos;07;Castilla y León;Villamartín;09215002500;09215;43,02268977;-3,684111296;Coordinado_IGR Poblaciones;798;MDT
4090598;09;Burgos;07;Castilla y León;Villamartín de Villadiego;09175000900;09175;42,66490735;-4,128408283;Coordinado_IGR Poblaciones;980;MDT
4090599;09;Burgos;07;Castilla y León;Villamayor del Río;09130000300;09130;42,4279785;-3,136487555;Coordinado_IGR Poblaciones;788;MDT
4090600;09;Burgos;07;Castilla y León;Villamediana de Lomas;09011001000;09011;42,88582371;-3,88345542;Coordinado_IGR Poblaciones;835;MDT
4090601;09;Burgos;07;Castilla y León;Villamediana de San Román;09413002100;09413;42,97006004;-3,88258267;Coordinado_IGR Poblaciones;910;MDT
4090602;09;Burgos;07;Castilla y León;Villamezán;09209003900;09209;42,96137586;-3,472969616;Coordinado_IGR Poblaciones;605;MDT
4090603;09;Burgos;07;Castilla y León;Villamiel de Muñó;09093000200;09093;42,26784026;-3,788588937;Coordinado_IGR Poblaciones;833;MDT
4090604;09;Burgos;07;Castilla y León;Villamor;09209003200;09209;42,97228069;-3,401238872;Coordinado_IGR Poblaciones;632;MDT
4090605;09;Burgos;07;Castilla y León;Villamudria;09303000300;09303;42,32996974;-3,29187676;Coordinado_IGR Poblaciones;1128;MDT
4090606;09;Burgos;07;Castilla y León;Villanasur Río de Oca;09411000600;09411;42,4374425;-3,320616881;Detección automática;862;MDT
4090607;09;Burgos;07;Castilla y León;Villandiego;09363000500;09363;42,36771405;-4,027651172;Coordinado_IGR Poblaciones;864;MDT
4090609;09;Burgos;07;Castilla y León;Villanoño;09427002700;09427;42,49169959;-4,019964425;Coordinado_IGR Poblaciones;829;MDT
4090610;09;Burgos;07;Castilla y León;Villanueva de Mena;09410005600;09410;43,09631403;-3,29115472;Coordinado_IGR Poblaciones;320;MDT
4090611;09;Burgos;07;Castilla y León;Villanueva la Blanca;09903003000;09903;42,98659619;-3,58579646;Detección automática;640;MDT
4090612;09;Burgos;07;Castilla y León;Villanueva de las Carretas;09456000100;09456;42,22553664;-3,992153931;Coordinado_IGR Poblaciones;787;MDT
4090613;09;Burgos;07;Castilla y León;Villanueva la Lastra;09903003100;09903;42,94004609;-3,524770521;Coordinado_IGR Poblaciones;591;MDT
4090614;09;Burgos;07;Castilla y León;Villanueva Matamala;09023000200;09023;42,24188001;-3,785692893;Coordinado_IGR Poblaciones;873;MDT
4090615;09;Burgos;07;Castilla y León;Villanueva de los Montes;09238001400;09238;42,75137939;-3,340750848;Coordinado_IGR Poblaciones;819;MDT
4090616;09;Burgos;07;Castilla y León;Villanueva de Odra;09427002800;09427;42,50862863;-4,11445988;Detección automática;836;MDT
4090617;09;Burgos;07;Castilla y León;Villanueva de Puerta;09427002900;09427;42,59328739;-3,963805106;Coordinado_IGR Poblaciones;925;MDT
4090618;09;Burgos;07;Castilla y León;Villanueva de Río Ubierna;09906002100;09906;42,43465487;-3,727108118;Coordinado_IGR Poblaciones;896;MDT
4090619;09;Burgos;07;Castilla y León;Villanueva Soportilla;09054000300;09054;42,74588985;-3,074282559;Coordinado_IGR Poblaciones;529;MDT
4090620;09;Burgos;07;Castilla y León;Villanueva Tobera;09109004700;09109;42,68641858;-2,765876591;Coordinado_IGR Poblaciones;572;MDT
4090621;09;Burgos;07;Castilla y León;Villaño de Losa;09908002400;09908;42,96648182;-3,123313694;Coordinado_IGR Poblaciones;790;MDT
4090622;09;Burgos;07;Castilla y León;Villapanillo;09213002300;09213;42,84629523;-3,392883163;Coordinado_IGR Poblaciones;605;MDT
4090624;09;Burgos;07;Castilla y León;Villarmero;09907000500;09907;42,39457762;-3,715841633;Coordinado_IGR Poblaciones;845;MDT
4090625;09;Burgos;07;Castilla y León;Villasante;09214001800;09214;43,06531953;-3,473927379;Investigación;705;Investigación
4090626;09;Burgos;07;Castilla y León;Villasidro;09363000600;09363;42,43778491;-4,07344666;Detección automática;827;MDT
4090627;09;Burgos;07;Castilla y León;Villasilos;09091000500;09091;42,33134547;-4,138695825;Coordinado_IGR Poblaciones;785;MDT
4090628;09;Burgos;07;Castilla y León;Villasuso;09410005800;09410;43,08482974;-3,31549051;Coordinado_IGR Poblaciones;336;MDT
4090629;09;Burgos;07;Castilla y León;Villataras;09189000800;09189;43,02757545;-3,441053799;Coordinado_IGR Poblaciones;692;MDT
4090631;09;Burgos;07;Castilla y León;Villatomil;09209003600;09209;42,96326211;-3,446586421;Coordinado_IGR Poblaciones;621;MDT
4090632;09;Burgos;07;Castilla y León;Villaute;09427003000;09427;42,54364993;-3,959429779;Coordinado_IGR Poblaciones;869;MDT
4090633;09;Burgos;07;Castilla y León;Villavedeo;09213002400;09213;42,85620764;-3,405617759;Coordinado_IGR Poblaciones;597;MDT
4090634;09;Burgos;07;Castilla y León;Villavedón;09427003100;09427;42,59214326;-4,100270163;Coordinado_IGR Poblaciones;872;MDT
4090635;09;Burgos;07;Castilla y León;Villaventín;09189000900;09189;43,02221299;-3,35478036;Detección automática;719;MDT
4090636;09;Burgos;07;Castilla y León;Villaverde-Peñahorada;09906002200;09906;42,46410086;-3,670076429;Coordinado_IGR Poblaciones;869;MDT
4090637;09;Burgos;07;Castilla y León;Villavés;09216001500;09216;42,97052902;-3,71931228;Detección automática;787;MDT
4090638;09;Burgos;07;Castilla y León;Villavieja de Muñó;09125001100;09125;42,25964807;-3,892907377;Coordinado_IGR Poblaciones;809;MDT
4090639;09;Burgos;07;Castilla y León;Villela;09306000600;09306;42,68452763;-4,28181976;Coordinado_IGR Poblaciones;868;MDT
4090640;09;Burgos;07;Castilla y León;Villorejo;09181000400;09181;42,43077469;-3,924445088;Coordinado_IGR Poblaciones;863;MDT
4090641;09;Burgos;07;Castilla y León;Villoruebo;09476000300;09476;42,16854571;-3,441442456;Detección automática;1120;MDT
4090642;09;Burgos;07;Castilla y León;Villoviado;09194000700;09194;41,98009072;-3,702186944;Coordinado_IGR Poblaciones;889;MDT
4090643;09;Burgos;07;Castilla y León;Villusto;09427003200;09427;42,5642107;-4,059326704;Coordinado_IGR Poblaciones;873;MDT
4090644;09;Burgos;07;Castilla y León;Virtus;09413002200;09413;42,98194054;-3,832741606;Coordinado_IGR Poblaciones;861;MDT
4090646;09;Burgos;07;Castilla y León;Vivanco;09410005900;09410;43,09290686;-3,35321988;Mapa;418;MDT
4090647;09;Burgos;07;Castilla y León;Vivar del Cid;09301000200;09301;42,42273111;-3,678671226;Coordinado_IGR Poblaciones;856;MDT
4090648;09;Burgos;07;Castilla y León;Vizmalo;09316000200;09316;42,16601072;-4,100178583;Coordinado_IGR Poblaciones;794;MDT
4090649;09;Burgos;07;Castilla y León;Yudego;09363000700;09363;42,36303795;-4,005006187;Coordinado_IGR Poblaciones;892;MDT
4090650;09;Burgos;07;Castilla y León;Zangández;09238001500;09238;42,7043387;-3,266070336;Coordinado_IGR Poblaciones;761;MDT
4090651;09;Burgos;07;Castilla y León;Zalduendo;09026000600;09026;42,34562469;-3,485265203;Coordinado_IGR Poblaciones;996;MDT
4090652;09;Burgos;07;Castilla y León;Zúmel;09902001000;09902;42,44864992;-3,813410559;Coordinado_IGR Poblaciones;867;MDT
4090653;09;Burgos;07;Castilla y León;Bezana;09413000300;09413;42,95820994;-3,837940314;Coordinado_IGR Poblaciones;855;MDT
4090654;09;Burgos;07;Castilla y León;La Aguilera;09018000100;09018;41,73203347;-3,770124402;Coordinado_IGR Poblaciones;828;MDT
4090655;09;Burgos;07;Castilla y León;Tapia;09427002000;09427;42,51910371;-4,075561518;Coordinado_IGR Poblaciones;856;MDT
4090656;09;Burgos;07;Castilla y León;Mahallos;09368000100;09368;42,45061651;-4,109932898;Coordinado_IGR Poblaciones;821;MDT
4090657;09;Burgos;07;Castilla y León;Piedrahíta de Juarros;09351000100;09351;42,4293817;-3,435100764;Coordinado_IGR Poblaciones;873;MDT
4090658;09;Burgos;07;Castilla y León;Armentia;09109000800;09109;42,71393454;-2,703470706;Coordinado_IGR Poblaciones;606;MDT
4090659;09;Burgos;07;Castilla y León;Ascarza;09109001000;09109;42,76133086;-2,706992574;Coordinado_IGR Poblaciones;647;MDT
4090660;09;Burgos;07;Castilla y León;Burgueta;09109001200;09109;42,7399468;-2,845343524;Coordinado_IGR Poblaciones;530;MDT
4090661;09;Burgos;07;Castilla y León;Dordoniz;09109001500;09109;42,71508832;-2,735943119;Coordinado_IGR Poblaciones;621;MDT
4090662;09;Burgos;07;Castilla y León;Grandival;09109002000;09109;42,71440182;-2,783487821;Coordinado_IGR Poblaciones;573;MDT
4090663;09;Burgos;07;Castilla y León;Ogueta;09109003100;09109;42,71216303;-2,64561109;Coordinado_IGR Poblaciones;614;MDT
4090664;09;Burgos;07;Castilla y León;Samiano;09109003600;09109;42,69207791;-2,66484166;Detección automática;593;MDT
4090665;09;Burgos;07;Castilla y León;San Vicentejo;09109004000;09109;42,7506959;-2,678093692;Coordinado_IGR Poblaciones;624;MDT
4090666;09;Burgos;07;Castilla y León;Lodoso;09259000100;09259;42,42985781;-3,82312392;Detección automática;860;MDT
4100001;10;Cáceres;11;Extremadura;Pradochano;10148000200;10148;40,00736045;-6,216101168;Coordinado_IGR Poblaciones;281;MDT
4100002;10;Cáceres;11;Extremadura;Valdeíñigos;10181000200;10181;39,9614959;-5,85726577;Detección automática;240;MDT
4100003;10;Cáceres;11;Extremadura;Valdesalor;10037000400;10037;39,3776208;-6,34863659;Detección automática;386;MDT
4100004;10;Cáceres;11;Extremadura;Navatrasierra;10213000100;10213;39,60560617;-5,242426107;Coordinado_IGR Poblaciones;727;MDT
4100009;10;Cáceres;11;Extremadura;San Gil;10148000300;10148;39,97275446;-6,246893499;Coordinado_IGR Poblaciones;284;MDT
4100010;10;Cáceres;11;Extremadura;Azabal;10050000100;10050;40,29749798;-6,299977536;Coordinado_IGR Poblaciones;458;MDT
4100012;10;Cáceres;11;Extremadura;La Moheda de Gata;10084000200;10084;40,09727;-6,62234;Detección automática;286;MDT
4110001;11;Cádiz;01;Andalucía;La Barca de la Florida;11020000300;11020;36,64717613;-5,934432001;Coordinado_IGR Poblaciones;25;MDT
4110002;11;Cádiz;01;Andalucía;Estella del Marqués;11020000800;11020;36,68354346;-6,073930881;Coordinado_IGR Poblaciones;28;MDT
4110003;11;Cádiz;01;Andalucía;Guadalcacín;11020001100;11020;36,71368718;-6,08829577;Detección automática;22;MDT
4110004;11;Cádiz;01;Andalucía;Nueva Jarilla;11020002000;11020;36,75849887;-6,0328419;Mapa;31;MDT
4110005;11;Cádiz;01;Andalucía;San Isidro del Guadalete;11020002400;11020;36,64375476;-5,988987474;Coordinado_IGR Poblaciones;26;MDT
4110006;11;Cádiz;01;Andalucía;Tahivilla;11035001700;11035;36,18400362;-5,756927478;Coordinado_IGR Poblaciones;26;MDT
4110007;11;Cádiz;01;Andalucía;El Torno;11020002900;11020;36,61975841;-5,970255357;Coordinado_IGR Poblaciones;29;MDT
4110008;11;Cádiz;01;Andalucía;Torrecera;11020003100;11020;36,60970331;-5,942226313;Coordinado_IGR Poblaciones;44;MDT
4110010;11;Cádiz;01;Andalucía;Facinas;11035001000;11035;36,14329359;-5,699679276;Coordinado_IGR Poblaciones;106;MDT
4110012;11;Cádiz;01;Andalucía;Zahara de los Atunes;11007000800;11007;36,13551857;-5,844973469;Coordinado_IGR Poblaciones;2;MDT
4120001;12;Castelló/Castellón;10;Comunitat Valenciana;Ballestar;12093000100;12093;40,66398356;0,175968994;Coordinado_IGR Poblaciones;715;MDT
4130003;13;Ciudad Real;08;Castilla-La Mancha;El Hoyo;13055000100;13055;38,40846655;-3,920356467;Coordinado_IGR Poblaciones;493;MDT
4130005;13;Ciudad Real;08;Castilla-La Mancha;El Torno;13065000500;13065;39,25358326;-4,257926273;Coordinado_IGR Poblaciones;602;MDT
4130006;13;Ciudad Real;08;Castilla-La Mancha;Cinco Casas;13005000300;13005;39,17470512;-3,236446852;Coordinado_IGR Poblaciones;653;MDT
4140001;14;Córdoba;01;Andalucía;Algallarín;14001000200;14001;38,00003269;-4,45522582;Coordinado_IGR Poblaciones;160;MDT
4140002;14;Córdoba;01;Andalucía;Encinarejo de Córdoba;14021001000;14021;37,83294631;-4,928328394;Coordinado_IGR Poblaciones;85;MDT
4140004;14;Córdoba;01;Andalucía;Castil de Campos;14055000600;14055;37,49111702;-4,142095565;Coordinado_IGR Poblaciones;675;MDT
4140006;14;Córdoba;01;Andalucía;Ochavillo del Río;14030000500;14030;37,75557504;-5,130461312;Coordinado_IGR Poblaciones;123;MDT
4160001;16;Cuenca;08;Castilla-La Mancha;Villar del Saz de Arcas;16905000200;16905;39,93340266;-2,079148217;Coordinado_IGR Poblaciones;1139;MDT
4160002;16;Cuenca;08;Castilla-La Mancha;Castillejo del Romeral;16112000400;16112;40,14588626;-2,497487421;Coordinado_IGR Poblaciones;904;MDT
4160003;16;Cuenca;08;Castilla-La Mancha;Valeria;16903000200;16903;39,81251463;-2,1470879;Coordinado_IGR Poblaciones;973;MDT
4160004;16;Cuenca;08;Castilla-La Mancha;Ribatajada;16909000400;16909;40,33757581;-2,175410115;Coordinado_IGR Poblaciones;936;MDT
4170004;17;Girona;09;Cataluña/Catalunya;L'Estartit;17199000300;17199;42,05280576;3,196661606;Coordinado_IGR Poblaciones;1;MDT
4180003;18;Granada;01;Andalucía;Mairena;18903000300;18903;37,00422809;-3,044325169;Coordinado_IGR Poblaciones;1079;MDT
4180004;18;Granada;01;Andalucía;Picena;18903000400;18903;37,00005364;-3,00585786;Coordinado_IGR Poblaciones;769;MDT
4180006;18;Granada;01;Andalucía;Bácor-Olivar;18089000100;18089;37,52969841;-2,95281415;Mapa;698;MDT
4180008;18;Granada;01;Andalucía;Ventas de Zafarraya;18013001000;18013;36,95773846;-4,119455309;Coordinado_IGR Poblaciones;904;MDT
4180011;18;Granada;01;Andalucía;Carchuna-Calahonda;18140000100,18140000700;18140;36,70146602;-3,430145613;Centroide calculado a partir de las coordenadas de las poblaciones que componen el EATIM;4;Altitud media de las poblaciones que componen el EATIM
4180012;18;Granada;01;Andalucía;El Turro;18034000200;18034;37,13433585;-3,941688961;Coordinado_IGR Poblaciones;668;MDT
4190001;19;Guadalajara;08;Castilla-La Mancha;Aldeanaueva de Atienza;19096000100;19096;41,16705336;-3,096142935;Coordinado_IGR Poblaciones;1306;MDT
4190002;19;Guadalajara;08;Castilla-La Mancha;Cuevas Labradas;19099000500;19099;40,80235781;-2,091295046;Coordinado_IGR Poblaciones;1045;MDT
4190003;19;Guadalajara;08;Castilla-La Mancha;Lebrancón;19099000600;19099;40,78681728;-2,045813761;Detección automática;1117;MDT
4190004;19;Guadalajara;08;Castilla-La Mancha;Teroleja;19099000700;19099;40,80149995;-1,945604852;Coordinado_IGR Poblaciones;1118;MDT
4190005;19;Guadalajara;08;Castilla-La Mancha;Torete;19099000900;19099;40,81509678;-2,056245963;Detección automática;963;MDT
4190006;19;Guadalajara;08;Castilla-La Mancha;Valdepinillos;19146000300;19146;41,16770647;-3,180595794;Coordinado_IGR Poblaciones;1312;MDT
4190007;19;Guadalajara;08;Castilla-La Mancha;Ventosa;19099001100;19099;40,82489456;-1,968832501;Detección automática;1034;MDT
4190008;19;Guadalajara;08;Castilla-La Mancha;Bochones;19044000300;19044;41,24817169;-2,854740357;Coordinado_IGR Poblaciones;1134;MDT
4190009;19;Guadalajara;08;Castilla-La Mancha;Cañamares;19185000100;19185;41,21003486;-2,950471739;Detección automática;1037;MDT
4190010;19;Guadalajara;08;Castilla-La Mancha;Naharros;19185000300;19185;41,16214899;-2,914735462;Detección automática;1035;MDT
4190011;19;Guadalajara;08;Castilla-La Mancha;Tordelloso;19185000400;19185;41,20634885;-2,919614288;Detección automática;1049;MDT
4190012;19;Guadalajara;08;Castilla-La Mancha;Tobillos;19033000200;19033;40,98856676;-2,152097542;Detección automática;1219;MDT
4190013;19;Guadalajara;08;Castilla-La Mancha;Moranchel;19086000700;19086;40,81759556;-2,667674421;Coordinado_IGR Poblaciones;909;MDT
4190014;19;Guadalajara;08;Castilla-La Mancha;Cendejas del Padrastro;19080000200;19080;40,99017532;-2,877153404;Coordinado_IGR Poblaciones;899;MDT
4190015;19;Guadalajara;08;Castilla-La Mancha;Chera;19227000200;19227;40,79066958;-1,772874412;Coordinado_IGR Poblaciones;1121;MDT
4190016;19;Guadalajara;08;Castilla-La Mancha;Aragosa;19168000100;19168;40,97027593;-2,712495103;Detección automática;909;MDT
4190017;19;Guadalajara;08;Castilla-La Mancha;Malacuera;19053000800;19053;40,75429093;-2,83011584;Coordinado_IGR Poblaciones;905;MDT
4190018;19;Guadalajara;08;Castilla-La Mancha;Razbona;19151000300;19151;40,85638472;-3,178365824;Coordinado_IGR Poblaciones;770;MDT
4190019;19;Guadalajara;08;Castilla-La Mancha;La Nava;19203000100;19203;41,0867473;-3,139007737;Coordinado_IGR Poblaciones;1200;MDT
4190020;19;Guadalajara;08;Castilla-La Mancha;La Loma;19235000100;19235;40,87998025;-2,277199972;Coordinado_IGR Poblaciones;964;MDT
4190021;19;Guadalajara;08;Castilla-La Mancha;Otilla;19277000100;19277;40,7391025;-1,782850119;Coordinado_IGR Poblaciones;1193;MDT
4190023;19;Guadalajara;08;Castilla-La Mancha;Gárgoles de Abajo;19086000300;19086;40,73256783;-2,625475499;Coordinado_IGR Poblaciones;818;MDT
4190024;19;Guadalajara;08;Castilla-La Mancha;Gualda;19086000500;19086;40,68012052;-2,686170579;Coordinado_IGR Poblaciones;759;MDT
4190025;19;Guadalajara;08;Castilla-La Mancha;Romancos;19053001100;19053;40,68811308;-2,884734531;Coordinado_IGR Poblaciones;897;MDT
4190026;19;Guadalajara;08;Castilla-La Mancha;Cubillejo de la Sierra;19190000200;19190;40,88559491;-1,775362912;Coordinado_IGR Poblaciones;1153;MDT
4200001;20;Gipuzkoa;16;País Vasco/Euskadi;Ereñotzu;20040000400;20040;43,24210479;-1,939790842;Coordinado_IGR Poblaciones;42;MDT
4200002;20;Gipuzkoa;16;País Vasco/Euskadi;Itziar;20029000200;20029;43,27590593;-2,330044524;Coordinado_IGR Poblaciones;270;MDT
4200003;20;Gipuzkoa;16;País Vasco/Euskadi;Igeldo;20069000300;20069;43,30832312;-2,038134749;Coordinado_IGR Poblaciones;251;MDT
4210001;21;Huelva;01;Andalucía;La Redondela;21042000800;21042;37,22222284;-7,270256702;Coordinado_IGR Poblaciones;7;MDT
4210002;21;Huelva;01;Andalucía;Tharsis;21006000300;21006;37,60228539;-7,12042513;Detección automática;257;MDT
4220001;22;Huesca;02;Aragón;Abi;22215000100;22215;42,47085293;0,43033985;Detección automática;993;MDT
4220002;22;Huesca;02;Aragón;Alastuey;22044000100;22044;42,52112377;-0,76001935;Detección automática;816;MDT
4220003;22;Huesca;02;Aragón;Almudáfar;22167000100;22167;41,64357563;0,20559206;Detección automática;175;MDT
4220004;22;Huesca;02;Aragón;Arasán;22062000100;22062;42,52448035;0,50994993;Detección automática;1253;MDT
4220005;22;Huesca;02;Aragón;Asín de Broto;22069000100;22069;42,53180506;-0,128047491;Coordinado_IGR Poblaciones;1108;MDT
4220006;22;Huesca;02;Aragón;Aso de Sobremonte;22059000100;22059;42,63173258;-0,36373809;Detección automática;1263;MDT
4220007;22;Huesca;02;Aragón;Barbaruens;22215000200;22215;42,50241017;0,39618956;Detección automática;1124;MDT
4220008;22;Huesca;02;Aragón;Besiáns;22177000100;22177;42,28261297;0,354282579;Coordinado_IGR Poblaciones;532;MDT
4220009;22;Huesca;02;Aragón;Binacúa;22209000100;22209;42,54662933;-0,698362648;Coordinado_IGR Poblaciones;765;MDT
4220010;22;Huesca;02;Aragón;Buesa;22069000400;22069;42,58466391;-0,107599112;Coordinado_IGR Poblaciones;1128;MDT
4220011;22;Huesca;02;Aragón;Antenza;22053000200;22053;42,06802817;0,55357168;Detección automática;568;MDT
4220012;22;Huesca;02;Aragón;Escarrilla;22204000100;22204;42,73682596;-0,31372294;Detección automática;1178;MDT
4220013;22;Huesca;02;Aragón;Espes;22143000500;22143;42,43884449;0,585583782;Coordinado_IGR Poblaciones;1306;MDT
4220014;22;Huesca;02;Aragón;Esposa;22006000300;22006;42,66151927;-0,624087008;Coordinado_IGR Poblaciones;980;MDT
4220015;22;Huesca;02;Aragón;Fragen;22230000100;22230;42,61198695;-0,14135081;Detección automática;1117;MDT
4220016;22;Huesca;02;Aragón;Gabás;22062000300;22062;42,48280725;0,49045748;Coordinado_IGR Poblaciones;1251;MDT
4220017;22;Huesca;02;Aragón;Gavín;22059000700;22059;42,61957518;-0,297327571;Coordinado_IGR Poblaciones;976;MDT
4220020;22;Huesca;02;Aragón;Larues;22044000500;22044;42,51644119;-0,848178864;Detección automática;741;MDT
4220021;22;Huesca;02;Aragón;Linas de Broto;22230000200;22230;42,61858687;-0,170599222;Detección automática;1234;MDT
4220022;22;Huesca;02;Aragón;Liri;22084000200;22084;42,53534181;0,506572907;Coordinado_IGR Poblaciones;1295;MDT
4220024;22;Huesca;02;Aragón;Los Molinos;22190000200;22190;42,4507708;0,202993679;Coordinado_IGR Poblaciones;825;MDT
4220025;22;Huesca;02;Aragón;Oto;22069000500;22069;42,59869795;-0,128338266;Coordinado_IGR Poblaciones;916;MDT
4220026;22;Huesca;02;Aragón;La Paúl;22119000400;22119;41,9849451;-0,786587242;Coordinado_IGR Poblaciones;315;MDT
4220027;22;Huesca;02;Aragón;Piedrafita de Jaca;22059001200;22059;42,69615543;-0,325476096;Coordinado_IGR Poblaciones;1248;MDT
4220028;22;Huesca;02;Aragón;Rañín;22113001500;22113;42,38024702;0,31197371;Detección automática;831;MDT
4220030;22;Huesca;02;Aragón;El Run;22084000400;22084;42,50332749;0,476571076;Coordinado_IGR Poblaciones;887;MDT
4220032;22;Huesca;02;Aragón;San Feliú de Veri;22062000400;22062;42,46909032;0,529637412;Coordinado_IGR Poblaciones;1428;MDT
4220034;22;Huesca;02;Aragón;San Martín de Veri;22062000500;22062;42,470442;0,510891;Detección automática;1308;MDT
4220035;22;Huesca;02;Aragón;Sandiníes;22204000400;22204;42,72346707;-0,3138968;Detección automática;1287;MDT
4220036;22;Huesca;02;Aragón;Saravillo;22182000300;22182;42,55430221;0,2582297;Detección automática;1003;MDT
4220037;22;Huesca;02;Aragón;Sarvisé;22069000600;22069;42,57841791;-0,11339936;Detección automática;864;MDT
4220038;22;Huesca;02;Aragón;Serveto;22182000400;22182;42,58129228;0,29506327;Detección automática;1307;MDT
4220039;22;Huesca;02;Aragón;Sinués;22006000400;22006;42,6534621;-0,648472452;Coordinado_IGR Poblaciones;1069;MDT
4220040;22;Huesca;02;Aragón;El Temple;22119000500;22119;41,9747764;-0,751445577;Coordinado_IGR Poblaciones;335;MDT
4220041;22;Huesca;02;Aragón;Torrelisa;22190001000;22190;42,45871321;0,186628736;Coordinado_IGR Poblaciones;899;MDT
4220042;22;Huesca;02;Aragón;Tramacastilla de Tena;22204000500;22204;42,71386474;-0,316730129;Coordinado_IGR Poblaciones;1219;MDT
4220043;22;Huesca;02;Aragón;Urmella;22062000600;22062;42,51166888;0,52962875;Detección automática;1194;MDT
4220045;22;Huesca;02;Aragón;Algayón;22225000100;22225;41,83278353;0,378785732;Coordinado_IGR Poblaciones;293;MDT
4220046;22;Huesca;02;Aragón;Fañanás;22015000200;22015;42,07574919;-0,273391897;Coordinado_IGR Poblaciones;494;MDT
4230001;23;Jaén;01;Andalucía;El Centenillo;23011000300;23011;38,33792265;-3,728776669;Coordinado_IGR Poblaciones;812;MDT
4230002;23;Jaén;01;Andalucía;El Mármol;23074000100;23074;38,0591486;-3,431950781;Coordinado_IGR Poblaciones;579;MDT
4230003;23;Jaén;01;Andalucía;La Quintería;23096000300;23096;38,0161185;-3,952104695;Coordinado_IGR Poblaciones;213;MDT
4230004;23;Jaén;01;Andalucía;La Ropera;23005000600;23005;38,05352923;-4,103209113;Coordinado_IGR Poblaciones;204;MDT
4230006;23;Jaén;01;Andalucía;Los Villares;23005000800;23005;38,02544553;-3,985498625;Coordinado_IGR Poblaciones;208;MDT
4230007;23;Jaén;01;Andalucía;Estación Linares-Baeza;23055000400;23055;38,0719441;-3,587774223;Coordinado_IGR Poblaciones;284;MDT
4230008;23;Jaén;01;Andalucía;Mures;23002000800;23002;37,42127087;-3,822210221;Coordinado_IGR Poblaciones;847;MDT
4230009;23;Jaén;01;Andalucía;Garcíez;23902000400;23902;37,87417773;-3,458384085;Coordinado_IGR Poblaciones;452;MDT
4230010;23;Jaén;01;Andalucía;La Bobadilla;23003000200;23003;37,65966579;-4,106603117;Coordinado_IGR Poblaciones;562;MDT
4240001;24;León;07;Castilla y León;Abano;24123000100;24123;42,64835329;-6,036441968;Coordinado_IGR Poblaciones;987;MDT
4240002;24;León;07;Castilla y León;Abelgas de Luna;24164000100;24164;42,88849911;-5,978737121;Coordinado_IGR Poblaciones;1282;MDT
4240003;24;León;07;Castilla y León;Acebedo;24001000100;24001;43,04073212;-5,1158706;Detección automática;1148;MDT
4240004;24;León;07;Castilla y León;Acebes del Páramo;24026000100;24026;42,44157755;-5,844577903;Coordinado_IGR Poblaciones;822;MDT
4240005;24;León;07;Castilla y León;Acebo;24100000100;24100;42,49898183;-6,457195315;Coordinado_IGR Poblaciones;1146;MDT
4240006;24;León;07;Castilla y León;La Acisa de las Arrimadas;24068000100;24068;42,80684547;-5,261057565;Coordinado_IGR Poblaciones;1084;MDT
4240007;24;León;07;Castilla y León;Adrados de Ordás;24158000100;24158;42,72939595;-5,857351196;Coordinado_IGR Poblaciones;1054;MDT
4240008;24;León;07;Castilla y León;Aguiar;24165000900;24165;42,50688599;-6,863152087;Coordinado_IGR Poblaciones;556;MDT
4240009;24;León;07;Castilla y León;Albaredos y Cruces;24011010000,24011010100,24011010200;24011;42,5960136;-7,042827272;Centroide calculado a partir de las coordenadas de las poblaciones que componen el EATIM;1221,666667;Altitud media de las poblaciones que componen el EATIM
4240010;24;León;07;Castilla y León;Albares de la Ribera;24170020100;24170;42,60729202;-6,366330081;Coordinado_IGR Poblaciones;701;MDT
4240011;24;León;07;Castilla y León;Albires;24084000100;24084;42,25232976;-5,268726201;Coordinado_IGR Poblaciones;796;MDT
4240012;24;León;07;Castilla y León;Alcaidón de la Vega;24166000100;24166;42,34008131;-5,878871047;Coordinado_IGR Poblaciones;779;MDT
4240013;24;León;07;Castilla y León;Alcedo de Alba;24134000100;24134;42,81283268;-5,619360031;Coordinado_IGR Poblaciones;1008;MDT
4240014;24;León;07;Castilla y León;Alcoba de la Ribera;24055000100;24055;42,55006785;-5,830310755;Coordinado_IGR Poblaciones;887;MDT
4240015;24;León;07;Castilla y León;Alcuetas;24203000100;24203;42,27052433;-5,433211184;Coordinado_IGR Poblaciones;836;MDT
4240016;24;León;07;Castilla y León;La Aldea del Puente;24180000100;24180;42,55160564;-5,296296899;Coordinado_IGR Poblaciones;825;MDT
4240017;24;León;07;Castilla y León;La Aldea de la Valdoncina;24189000100;24189;42,55700045;-5,671147989;Coordinado_IGR Poblaciones;870;MDT
4240018;24;León;07;Castilla y León;Aleje;24060000100;24060;42,85014319;-5,12690596;Coordinado_IGR Poblaciones;974;MDT
4240019;24;León;07;Castilla y León;Alejico;24137000100;24137;42,84805842;-5,129961048;Coordinado_IGR Poblaciones;955;MDT
4240020;24;León;07;Castilla y León;Alija de la Ribera;24227000100;24227;42,52254636;-5,533143483;Coordinado_IGR Poblaciones;799;MDT
4240021;24;León;07;Castilla y León;Almagarinos;24083000100;24083;42,66999475;-6,253202954;Coordinado_IGR Poblaciones;921;MDT
4240022;24;León;07;Castilla y León;Almázcara;24057000100;24057;42,59524065;-6,502169618;Coordinado_IGR Poblaciones;586;MDT
4240023;24;León;07;Castilla y León;Almuzara;24037000100;24037;42,95206154;-5,559445399;Coordinado_IGR Poblaciones;1139;MDT
4240024;24;León;07;Castilla y León;Altobar de la Encomienda;24117000100;24117;42,16305188;-5,81397025;Detección automática;749;MDT
4240025;24;León;07;Castilla y León;Ambasaguas de Curueño;24151000100;24151;42,71153702;-5,37543363;Coordinado_IGR Poblaciones;878;MDT
4240026;24;León;07;Castilla y León;Ambasmestas;24198000100;24198;42,66578839;-6,928554591;Coordinado_IGR Poblaciones;608;MDT
4240028;24;León;07;Castilla y León;Andarraso;24132000100;24132;42,74655048;-6,009590182;Coordinado_IGR Poblaciones;1411;MDT
4240029;24;León;07;Castilla y León;Andiñuela;24152000100;24152;42,45706557;-6,31560932;Coordinado_IGR Poblaciones;1162;MDT
4240030;24;León;07;Castilla y León;Anllares del Sil;24110000100;24110;42,8457688;-6,544261148;Coordinado_IGR Poblaciones;955;MDT
4240031;24;León;07;Castilla y León;Anllarinos;24110000200;24110;42,84267837;-6,571447876;Coordinado_IGR Poblaciones;880;MDT
4240032;24;León;07;Castilla y León;La Antigua;24005000100;24005;42,18039551;-5,689112926;Detección automática;762;MDT
4240033;24;León;07;Castilla y León;Antimio de Abajo;24105000100;24105;42,49561159;-5,61128831;Coordinado_IGR Poblaciones;825;MDT
4240034;24;León;07;Castilla y León;Antimio de Arriba;24065000100;24065;42,51503941;-5,64506435;Detección automática;850;MDT
4240035;24;León;07;Castilla y León;Antoñán del Valle;24015000100;24015;42,52380883;-5,950436268;Coordinado_IGR Poblaciones;887;MDT
4240036;24;León;07;Castilla y León;Antoñanes del Páramo;24026000200;24026;42,40365807;-5,789281728;Coordinado_IGR Poblaciones;819;MDT
4240037;24;León;07;Castilla y León;Aralla de Luna;24164000200;24164;42,90303461;-5,839839609;Coordinado_IGR Poblaciones;1231;MDT
4240038;24;León;07;Castilla y León;Arborbuena;24030000100;24030;42,62078291;-6,73775391;Detección automática;493;MDT
4240039;24;León;07;Castilla y León;Arcahueja;24175000100;24175;42,5657849;-5,498630534;Coordinado_IGR Poblaciones;843;MDT
4240040;24;León;07;Castilla y León;Arcayos;24226000100;24226;42,59228682;-5,044134137;Coordinado_IGR Poblaciones;874;MDT
4240041;24;León;07;Castilla y León;Ardón;24006000100;24006;42,43769198;-5,563497256;Detección automática;776;MDT
4240042;24;León;07;Castilla y León;Ardoncino;24065000200;24065;42,48856353;-5,644177369;Coordinado_IGR Poblaciones;839;MDT
4240043;24;León;07;Castilla y León;Arenillas de Valderaduey;24139000100;24139;42,2786894;-5,059248106;Coordinado_IGR Poblaciones;770;MDT
4240044;24;León;07;Castilla y León;Arganza;24007000100;24007;42,63921212;-6,687777904;Detección automática;595;MDT
4240045;24;León;07;Castilla y León;Argañoso;24152000200;24152;42,51303076;-6,26486657;Detección automática;1125;MDT
4240046;24;León;07;Castilla y León;Argayo;24110000300;24110;42,80933645;-6,572446235;Coordinado_IGR Poblaciones;940;MDT
4240047;24;León;07;Castilla y León;Argenteiro y Treita;24198010000;24198;42,67795516;-7,02956522;Mapa;1092;MDT
4240048;24;León;07;Castilla y León;Argovejo;24060000200;24060;42,90264589;-5,116992162;Coordinado_IGR Poblaciones;1054;MDT
4240049;24;León;07;Castilla y León;Ariego de Abajo;24132000200;24132;42,78698742;-5,964277089;Coordinado_IGR Poblaciones;1054;MDT
4240050;24;León;07;Castilla y León;Ariego de Arriba;24132000300;24132;42,79052913;-5,979337682;Coordinado_IGR Poblaciones;1101;MDT
4240051;24;León;07;Castilla y León;Arienza;24132000400;24132;42,81790232;-6,011415938;Coordinado_IGR Poblaciones;1136;MDT
4240052;24;León;07;Castilla y León;Arintero;24177000100;24177;42,94731329;-5,362731812;Coordinado_IGR Poblaciones;1316;MDT
4240053;24;León;07;Castilla y León;Arlanza;24014000100;24014;42,66384946;-6,418704339;Coordinado_IGR Poblaciones;697;MDT
4240054;24;León;07;Castilla y León;Armellada;24173000100;24173;42,55237518;-5,862457106;Coordinado_IGR Poblaciones;856;MDT
4240055;24;León;07;Castilla y León;Armunia;24089000100;24089;42,57520486;-5,589790366;Coordinado_IGR Poblaciones;824;MDT
4240056;24;León;07;Castilla y León;Arnadelo;24103000100;24103;42,55486418;-6,907718956;Coordinado_IGR Poblaciones;516;MDT
4240057;24;León;07;Castilla y León;Arnado;24103000200;24103;42,53784828;-7,012538578;Coordinado_IGR Poblaciones;664;MDT
4240058;24;León;07;Castilla y León;Audanzas del Valle;24005000200;24005;42,16863096;-5,714247913;Coordinado_IGR Poblaciones;745;MDT
4240059;24;León;07;Castilla y León;Aviados;24179000100;24179;42,85942883;-5,44367585;Coordinado_IGR Poblaciones;1122;MDT
4240060;24;León;07;Castilla y León;Azadinos;24163000100;24163;42,63643752;-5,622093063;Coordinado_IGR Poblaciones;847;MDT
4240061;24;León;07;Castilla y León;Azadón;24055000200;24055;42,63097975;-5,807473444;Coordinado_IGR Poblaciones;894;MDT
4240062;24;León;07;Castilla y León;Azares del Páramo;24176000100;24176;42,29226934;-5,830776267;Coordinado_IGR Poblaciones;781;MDT
4240063;24;León;07;Castilla y León;Baíllo;24172000100;24172;42,28428612;-6,462899618;Coordinado_IGR Poblaciones;1174;MDT
4240064;24;León;07;Castilla y León;Balboa;24009000100;24009;42,70654301;-6,924273338;Detección automática;683;MDT
4240065;24;León;07;Castilla y León;Balouta;24036000100;24036;42,8889128;-6,8051221;Detección automática;1104;MDT
4240066;24;León;07;Castilla y León;Banecidas;24156000100;24156;42,47492245;-5,095337071;Coordinado_IGR Poblaciones;866;MDT
4240067;24;León;07;Castilla y León;Banuncias;24065000300;24065;42,47253366;-5,632249032;Coordinado_IGR Poblaciones;839;MDT
4240068;24;León;07;Castilla y León;La Baña;24067000100;24067;42,26710434;-6,67392927;Coordinado_IGR Poblaciones;1042;MDT
4240069;24;León;07;Castilla y León;Bárcena de la Abadía;24070000100;24070;42,78856646;-6,630883895;Coordinado_IGR Poblaciones;695;MDT
4240071;24;León;07;Castilla y León;Bariones de la Vega;24054000100;24054;42,09339567;-5,597207502;Coordinado_IGR Poblaciones;715;MDT
4240072;24;León;07;Castilla y León;Barjas;24011000200;24011;42,61098877;-6,978234443;Detección automática;839;MDT
4240073;24;León;07;Castilla y León;Barniedo de la Reina;24020000100;24020;42,99259757;-4,892330014;Coordinado_IGR Poblaciones;1149;MDT
4240074;24;León;07;Castilla y León;Barosa;24041000100;24041;42,49866779;-6,823279592;Coordinado_IGR Poblaciones;445;MDT
4240075;24;León;07;Castilla y León;Barrientos;24182000100;24182;42,41203676;-5,972280988;Coordinado_IGR Poblaciones;809;MDT
4240076;24;León;07;Castilla y León;Barrillos de las Arrimadas;24068000200;24068;42,81018416;-5,282560211;Coordinado_IGR Poblaciones;1046;MDT
4240077;24;León;07;Castilla y León;Barrillos de Curueño;24151000200;24151;42,7196836;-5,403476671;Coordinado_IGR Poblaciones;901;MDT
4240078;24;León;07;Castilla y León;Barrio de Nuestra Señora;24151000300;24151;42,70849619;-5,380188103;Detección automática;879;MDT
4240079;24;León;07;Castilla y León;Barrio de la Puente;24101000100;24101;42,78942262;-6,158917954;Coordinado_IGR Poblaciones;1210;MDT
4240080;24;León;07;Castilla y León;Barrio de la Tercia;24901000200;24901;42,95321347;-5,636680553;Coordinado_IGR Poblaciones;1216;MDT
4240081;24;León;07;Castilla y León;Los Barrios de Gordón;24114000100;24114;42,84859858;-5,693359963;Coordinado_IGR Poblaciones;1109;MDT
4240082;24;León;07;Castilla y León;Los Barrios de Luna;24012000100;24012;42,84513628;-5,862020854;Detección automática;1031;MDT
4240083;24;León;07;Castilla y León;Los Barrios de Nistoso;24210010100;24210;42,69324876;-6,124883914;Coordinado_IGR Poblaciones;1191;MDT
4240085;24;León;07;Castilla y León;Los Bayos;24101000200;24101;42,89422021;-6,207760966;Coordinado_IGR Poblaciones;1321;MDT
4240086;24;León;07;Castilla y León;Beberino;24114000200;24114;42,86471655;-5,680838948;Coordinado_IGR Poblaciones;1017;MDT
4240087;24;León;07;Castilla y León;Bembibre;24014000200;24014;42,61480339;-6,416294996;Detección automática;649;MDT
4240088;24;León;07;Castilla y León;Benamarías;24093000100;24093;42,54350119;-6,09085479;Detección automática;913;MDT
4240089;24;León;07;Castilla y León;Benamariel;24212000100;24212;42,36143727;-5,565763774;Coordinado_IGR Poblaciones;762;MDT
4240090;24;León;07;Castilla y León;Benavides de Órbigo;24015000200;24015;42,50190766;-5,895932478;Detección automática;840;MDT
4240091;24;León;07;Castilla y León;Benazolve;24006000200;24006;42,40572451;-5,583605006;Coordinado_IGR Poblaciones;783;MDT
4240092;24;León;07;Castilla y León;Benllera;24040000100;24040;42,7708359;-5,757690935;Coordinado_IGR Poblaciones;1010;MDT
4240093;24;León;07;Castilla y León;Benuza;24016000100;24016;42,40016086;-6,709687933;Detección automática;802;MDT
4240094;24;León;07;Castilla y León;Bercianos del Páramo;24017000100;24017;42,38026223;-5,704060573;Detección automática;818;MDT
4240095;24;León;07;Castilla y León;Berlanga del Bierzo;24019000100;24019;42,72991914;-6,605203792;Detección automática;809;MDT
4240096;24;León;07;Castilla y León;Besande;24020000200;24020;42,89668958;-4,886412497;Coordinado_IGR Poblaciones;1269;MDT
4240097;24;León;07;Castilla y León;Bobia;24167000100;24167;42,78015328;-5,857248657;Coordinado_IGR Poblaciones;1084;MDT
4240098;24;León;07;Castilla y León;Boca de Huérgano;24020000300;24020;42,97396734;-4,926883298;Detección automática;1109;MDT
4240099;24;León;07;Castilla y León;Boeza;24071000100;24071;42,68429637;-6,29483012;Detección automática;842;MDT
4240100;24;León;07;Castilla y León;Boisán;24090000100;24090;42,37133706;-6,289753088;Coordinado_IGR Poblaciones;1060;MDT
4240101;24;León;07;Castilla y León;Bonella;24132000500;24132;42,79687969;-5,934654155;Coordinado_IGR Poblaciones;1156;MDT
4240102;24;León;07;Castilla y León;Bonillos;24023000100;24023;42,48948657;-6,091542344;Coordinado_IGR Poblaciones;895;MDT
4240103;24;León;07;Castilla y León;Borrenes;24022000100;24022;42,49190207;-6,725992352;Detección automática;555;MDT
4240104;24;León;07;Castilla y León;Bouzas;24115000200;24115;42,4416529;-6,50287191;Detección automática;1077;MDT
4240105;24;León;07;Castilla y León;La Braña;24198000400;24198;42,70668831;-6,964312046;Coordinado_IGR Poblaciones;910;MDT
4240106;24;León;07;Castilla y León;La Braña;24177000200;24177;42,9407175;-5,371060396;Coordinado_IGR Poblaciones;1261;MDT
4240107;24;León;07;Castilla y León;Brañuelas;24210000200;24210;42,63193513;-6,202187502;Detección automática;1045;MDT
4240108;24;León;07;Castilla y León;Brazuelo;24023000200;24023;42,49691232;-6,157401647;Detección automática;965;MDT
4240109;24;León;07;Castilla y León;Brimeda;24219000100;24219;42,48790196;-6,067082325;Coordinado_IGR Poblaciones;871;MDT
4240110;24;León;07;Castilla y León;Brugos de Fenar;24134000200;24134;42,80591815;-5,586386743;Coordinado_IGR Poblaciones;1034;MDT
4240111;24;León;07;Castilla y León;Buiza;24114000300;24114;42,89329281;-5,686677839;Coordinado_IGR Poblaciones;1119;MDT
4240112;24;León;07;Castilla y León;Burbia;24196000100;24196;42,791975;-6,774903063;Coordinado_IGR Poblaciones;890;MDT
4240113;24;León;07;Castilla y León;El Burgo Ranero;24024000100;24024;42,42361302;-5,219525751;Detección automática;878;MDT
4240114;24;León;07;Castilla y León;Burón;24025000100;24025;43,02445619;-5,051661412;Detección automática;1104;MDT
4240115;24;León;07;Castilla y León;Busdongo;24901000300;24901;42,9846289;-5,70730653;Detección automática;1234;MDT
4240116;24;León;07;Castilla y León;Busmayor;24011000400;24011;42,62708637;-7,01773003;Coordinado_IGR Poblaciones;1093;MDT
4240118;24;León;07;Castilla y León;Bustillo de Cea;24051000100;24051;42,47985954;-5,032715782;Coordinado_IGR Poblaciones;837;MDT
4240119;24;León;07;Castilla y León;Bustillo del Páramo;24026000400;24026;42,44107078;-5,791524504;Investigación;844;Investigación
4240120;24;León;07;Castilla y León;Bustos;24182000200;24182;42,37664763;-6,020170033;Coordinado_IGR Poblaciones;828;MDT
4240121;24;León;07;Castilla y León;Cabanillas;24061000100;24061;42,72790555;-5,631802943;Coordinado_IGR Poblaciones;901;MDT
4240122;24;León;07;Castilla y León;Cabanillas de San Justo;24102000100;24102;42,69348136;-6,349648251;Coordinado_IGR Poblaciones;849;MDT
4240123;24;León;07;Castilla y León;Cabañas;24188000100;24188;42,31633277;-5,533763711;Coordinado_IGR Poblaciones;747;MDT
4240124;24;León;07;Castilla y León;Cabañas de la Dornilla;24064000100;24064;42,63339003;-6,577167713;Coordinado_IGR Poblaciones;591;MDT
4240125;24;León;07;Castilla y León;Cabañas Raras;24027000900;24027;42,62018158;-6,637929311;Detección automática;558;MDT
4240126;24;León;07;Castilla y León;Cabañeros;24088000100;24088;42,1999102;-5,642409791;Coordinado_IGR Poblaciones;761;MDT
4240127;24;León;07;Castilla y León;Cabarcos;24165000100;24165;42,52084385;-6,91697755;Coordinado_IGR Poblaciones;804;MDT
4240128;24;León;07;Castilla y León;Cabeza de Campo;24165000200;24165;42,54510439;-6,880136552;Coordinado_IGR Poblaciones;484;MDT
4240129;24;León;07;Castilla y León;Caboalles de Abajo;24202000100;24202;42,95282108;-6,372194456;Coordinado_IGR Poblaciones;1038;MDT
4240130;24;León;07;Castilla y León;Caboalles de Arriba;24202000200;24202;42,94998755;-6,397449848;Coordinado_IGR Poblaciones;1078;MDT
4240131;24;León;07;Castilla y León;Cabornera;24114000400;24114;42,87340238;-5,711141956;Coordinado_IGR Poblaciones;1050;MDT
4240132;24;León;07;Castilla y León;Cabrera de Almanza;24004000200;24004;42,72340944;-5,003177769;Coordinado_IGR Poblaciones;956;MDT
4240133;24;León;07;Castilla y León;Cabreros del Río;24028000100;24028;42,4016075;-5,541342545;Detección automática;762;MDT
4240134;24;León;07;Castilla y León;Cabrillanes;24029000100;24029;42,95287941;-6,149870289;Detección automática;1248;MDT
4240135;24;León;07;Castilla y León;Cadafresnas;24059000100;24059;42,59322442;-6,905676958;Coordinado_IGR Poblaciones;984;MDT
4240136;24;León;07;Castilla y León;Caín;24116000100;24116;43,21328602;-4,905135051;Coordinado_IGR Poblaciones;457;MDT
4240137;24;León;07;Castilla y León;Calamocos;24049000100;24049;42,57550271;-6,507589752;Coordinado_IGR Poblaciones;632;MDT
4240138;24;León;07;Castilla y León;Calaveras de Abajo;24004000300;24004;42,68979117;-4,985112057;Coordinado_IGR Poblaciones;944;MDT
4240139;24;León;07;Castilla y León;Calaveras de Arriba;24004000400;24004;42,71134602;-4,96921888;Coordinado_IGR Poblaciones;977;MDT
4240140;24;León;07;Castilla y León;Caldas de Luna;24164000300;24164;42,9293851;-5,863575021;Coordinado_IGR Poblaciones;1150;MDT
4240141;24;León;07;Castilla y León;Calzada del Coto;24031000100;24031;42,38881975;-5,080163185;Detección automática;818;MDT
4240142;24;León;07;Castilla y León;Calzada de la Valdería;24046000100;24046;42,19382565;-6,007080489;Coordinado_IGR Poblaciones;820;MDT
4240143;24;León;07;Castilla y León;Calzadilla de los Hermanillos;24024000200;24024;42,43302738;-5,156962901;Coordinado_IGR Poblaciones;890;MDT
4240144;24;León;07;Castilla y León;Callejo de Ordás;24158000200;24158;42,72897943;-5,84094674;Coordinado_IGR Poblaciones;963;MDT
4240145;24;León;07;Castilla y León;Caminayo;24183000100;24183;42,87573316;-4,919531103;Coordinado_IGR Poblaciones;1257;MDT
4240146;24;León;07;Castilla y León;La Campañana;24041000200;24041;42,50642067;-6,776065193;Coordinado_IGR Poblaciones;566;MDT
4240147;24;León;07;Castilla y León;Campelo;24007000200;24007;42,64594721;-6,695149848;Coordinado_IGR Poblaciones;649;MDT
4240148;24;León;07;Castilla y León;Camplongo;24901000400;24901;42,98579016;-5,687112988;Detección automática;1208;MDT
4240149;24;León;07;Castilla y León;Campo;24037000200;24037;42,98897797;-5,580213581;Coordinado_IGR Poblaciones;1215;MDT
4240150;24;León;07;Castilla y León;Campo del Agua;24209000100;24209;42,77519138;-6,825569057;Coordinado_IGR Poblaciones;1272;MDT
4240151;24;León;07;Castilla y León;Campo de Liebre;24011000500;24011;42,62642625;-7,002203891;Coordinado_IGR Poblaciones;1151;MDT
4240152;24;León;07;Castilla y León;Campo de la Lomba;24132000600;24132;42,76469638;-5,988655498;Coordinado_IGR Poblaciones;1200;MDT
4240153;24;León;07;Castilla y León;Campo y Santibáñez;24061000200;24061;42,69210082;-5,642850903;Coordinado_IGR Poblaciones;913;MDT
4240154;24;León;07;Castilla y León;Campo de Villavidel;24033000100;24033;42,43921039;-5,528227107;Detección automática;768;MDT
4240155;24;León;07;Castilla y León;Campohermoso;24193000100;24193;42,8569846;-5,428435698;Coordinado_IGR Poblaciones;1073;MDT
4240157;24;León;07;Castilla y León;Camposalinas;24167000200;24167;42,73937923;-5,893235013;Coordinado_IGR Poblaciones;1156;MDT
4240159;24;León;07;Castilla y León;Canaleja de Torío;24222000100;24222;42,66165888;-5,518703862;Coordinado_IGR Poblaciones;877;MDT
4240160;24;León;07;Castilla y León;Canalejas;24004000500;24004;42,67091688;-4,986070196;Coordinado_IGR Poblaciones;972;MDT
4240161;24;León;07;Castilla y León;Canales;24167000300;24167;42,784711;-5,807243;Investigación;976;Investigación
4240162;24;León;07;Castilla y León;Cancela;24165000300;24165;42,50058894;-6,838601561;Coordinado_IGR Poblaciones;407;MDT
4240163;24;León;07;Castilla y León;La Cándana de Curueño;24193000200;24193;42,82701115;-5,410341437;Coordinado_IGR Poblaciones;986;MDT
4240164;24;León;07;Castilla y León;Candanedo de Boñar;24199000100;24199;42,80296584;-5,339788865;Coordinado_IGR Poblaciones;926;MDT
4240165;24;León;07;Castilla y León;Candanedo de Fenar;24134000300;24134;42,8172743;-5,559718611;Coordinado_IGR Poblaciones;1057;MDT
4240166;24;León;07;Castilla y León;Candemuela;24145000100;24145;42,98565315;-5,998579472;Coordinado_IGR Poblaciones;1198;MDT
4240167;24;León;07;Castilla y León;Candín;24036000200;24036;42,81829691;-6,727148079;Detección automática;876;MDT
4240168;24;León;07;Castilla y León;Canedo;24007000300;24007;42,6457835;-6,704723919;Coordinado_IGR Poblaciones;645;MDT
4240169;24;León;07;Castilla y León;Canseco;24037000300;24037;42,98812586;-5,526812112;Coordinado_IGR Poblaciones;1245;MDT
4240170;24;León;07;Castilla y León;Cantejeira y Pumarín;24009010000;24009;42,70681838;-6,8955592;Mapa;1087;MDT
4240171;24;León;07;Castilla y León;Cañizal de Rueda;24079000100;24079;42,62782665;-5,353678225;Coordinado_IGR Poblaciones;902;MDT
4240172;24;León;07;Castilla y León;Carande;24130000200;24130;42,94744496;-5,017800951;Coordinado_IGR Poblaciones;1123;MDT
4240173;24;León;07;Castilla y León;Carbajal de Fuentes;24074000100;24074;42,18255418;-5,457907445;Coordinado_IGR Poblaciones;798;MDT
4240174;24;León;07;Castilla y León;Carbajal de la Legua;24163000200;24163;42,65650083;-5,60615806;Detección automática;862;MDT
4240175;24;León;07;Castilla y León;Carbajal de Rueda;24079000200;24079;42,69387676;-5,184495042;Coordinado_IGR Poblaciones;894;MDT
4240176;24;León;07;Castilla y León;Carbajal de Valderaduey;24229000100;24229;42,54139471;-4,964237649;Coordinado_IGR Poblaciones;923;MDT
4240177;24;León;07;Castilla y León;Carbajosa;24175000200;24175;42,63629379;-5,473588051;Coordinado_IGR Poblaciones;903;MDT
4240178;24;León;07;Castilla y León;Cariseda;24112000100;24112;42,85674202;-6,619838607;Coordinado_IGR Poblaciones;865;MDT
4240179;24;León;07;Castilla y León;Cármenes;24037000400;24037;42,95902129;-5,573480372;Detección automática;1162;MDT
4240180;24;León;07;Castilla y León;Carracedo del Monasterio;24038000200;24038;42,57283064;-6,726777054;Coordinado_IGR Poblaciones;464;MDT
4240181;24;León;07;Castilla y León;Carral;24182000300;24182;42,4073214;-5,972372002;Coordinado_IGR Poblaciones;809;MDT
4240182;24;León;07;Castilla y León;La Carrera;24219000300;24219;42,50931449;-6,042499743;Coordinado_IGR Poblaciones;883;MDT
4240183;24;León;07;Castilla y León;Carril;24041000300;24041;42,50830927;-6,831527902;Coordinado_IGR Poblaciones;407;MDT
4240184;24;León;07;Castilla y León;Carrizal;24183000200;24183;42,77488878;-4,982855051;Coordinado_IGR Poblaciones;981;MDT
4240185;24;León;07;Castilla y León;Carrizal de Luna;24167000400;24167;42,73648256;-5,910251717;Detección automática;1159;MDT
4240186;24;León;07;Castilla y León;Carrizo de la Ribera;24039010100;24039;42,58479373;-5,831151811;Detección automática;871;MDT
4240187;24;León;07;Castilla y León;Carrocera;24040000200;24040;42,79629741;-5,743479472;Detección automática;1047;MDT
4240188;24;León;07;Castilla y León;Carucedo;24041000400;24041;42,4897662;-6,768740066;Detección automática;500;MDT
4240189;24;León;07;Castilla y León;Casares de Arbas;24901000500;24901;42,93912894;-5,778478943;Coordinado_IGR Poblaciones;1321;MDT
4240190;24;León;07;Castilla y León;Casasola de Rueda;24079000300;24079;42,59731653;-5,273185277;Coordinado_IGR Poblaciones;838;MDT
4240191;24;León;07;Castilla y León;Casasuertes;24025000200;24025;43,05976764;-4,951459145;Coordinado_IGR Poblaciones;1227;MDT
4240192;24;León;07;Castilla y León;Cascantes de Alba;24061000300;24061;42,76540888;-5,637322958;Coordinado_IGR Poblaciones;925;MDT
4240193;24;León;07;Castilla y León;Castañeiras y Fuente de Oliva;24009020100,24009020200,24009020000;24009;42,73671221;-6,95815771;Centroide calculado a partir de las coordenadas de las poblaciones que componen el EATIM;1063;Altitud media de las poblaciones que componen el EATIM
4240194;24;León;07;Castilla y León;Castellanos;24156000200;24156;42,46309535;-5,123424942;Coordinado_IGR Poblaciones;877;MDT
4240195;24;León;07;Castilla y León;Castrillino;24222000200;24222;42,65422238;-5,51066211;Detección automática;907;MDT
4240196;24;León;07;Castilla y León;Castrillo de Cabrera;24043000100;24043;42,34023308;-6,544906435;Detección automática;1069;MDT
4240197;24;León;07;Castilla y León;Castrillos de Cepeda;24214000100;24214;42,58273276;-6,017550804;Coordinado_IGR Poblaciones;925;MDT
4240199;24;León;07;Castilla y León;Castrillo de las Piedras;24182000400;24182;42,4097227;-5,99449369;Detección automática;826;MDT
4240200;24;León;07;Castilla y León;Castrillo de los Polvazares;24008000200;24008;42,46515083;-6,128815458;Coordinado_IGR Poblaciones;907;MDT
4240201;24;León;07;Castilla y León;Castrillo del Condado;24201000100;24201;42,60837023;-5,387541521;Coordinado_IGR Poblaciones;835;MDT
4240202;24;León;07;Castilla y León;Castrillo de la Ribera;24227000200;24227;42,54708085;-5,548102952;Coordinado_IGR Poblaciones;804;MDT
4240203;24;León;07;Castilla y León;Castrillo de San Pelayo;24228000100;24228;42,42752009;-5,86905684;Coordinado_IGR Poblaciones;814;MDT
4240204;24;León;07;Castilla y León;Castrillo de Valderaduey;24229000200;24229;42,58069775;-4,958986758;Coordinado_IGR Poblaciones;943;MDT
4240205;24;León;07;Castilla y León;Castrillo de la Valduerna;24044000100;24044;42,32376026;-6,134866409;Detección automática;905;MDT
4240206;24;León;07;Castilla y León;Castro de Cepeda;24123000200;24123;42,65778132;-6,027811595;Coordinado_IGR Poblaciones;1005;MDT
4240207;24;León;07;Castilla y León;Castro del Condado;24201000200;24201;42,6926459;-5,391867813;Coordinado_IGR Poblaciones;889;MDT
4240208;24;León;07;Castilla y León;El Castro y Laballos;24198020100,24198020000,24198020200;24198;42,71067364;-7,00115615;Centroide calculado a partir de las coordenadas de las poblaciones que componen el EATIM;1075,333333;Altitud media de las poblaciones que componen el EATIM
4240209;24;León;07;Castilla y León;Castro de la Lomba;24132000800;24132;42,76500054;-5,96317555;Coordinado_IGR Poblaciones;1128;MDT
4240210;24;León;07;Castilla y León;Castroañe;24226000200;24226;42,54644542;-5,054241853;Coordinado_IGR Poblaciones;876;MDT
4240211;24;León;07;Castilla y León;Castrocalbón;24046000200;24046;42,1977344;-5,984837753;Detección automática;812;MDT
4240212;24;León;07;Castilla y León;Castrocontrigo;24047000100;24047;42,18477086;-6,189666405;Detección automática;914;MDT
4240213;24;León;07;Castilla y León;Castrofuerte;24902000100;24902;42,21110875;-5,533446386;Coordinado_IGR Poblaciones;748;MDT
4240214;24;León;07;Castilla y León;Castrohinojo;24067000200;24067;42,28380677;-6,571961477;Coordinado_IGR Poblaciones;1110;MDT
4240215;24;León;07;Castilla y León;Castromudarra;24004000600;24004;42,61264039;-5,061562235;Coordinado_IGR Poblaciones;924;MDT
4240216;24;León;07;Castilla y León;Castropodame;24049000200;24049;42,58130848;-6,469577262;Detección automática;719;MDT
4240217;24;León;07;Castilla y León;Castroquilame;24122000100;24122;42,42309999;-6,744304271;Coordinado_IGR Poblaciones;427;MDT
4240218;24;León;07;Castilla y León;Castrotierra de la Valduerna;24131000100;24131;42,32836311;-5,994007633;Coordinado_IGR Poblaciones;813;MDT
4240219;24;León;07;Castilla y León;Castrovega de Valmadrigal;24190010100;24190;42,32357187;-5,286825819;Coordinado_IGR Poblaciones;810;MDT
4240220;24;León;07;Castilla y León;Cazanuecos;24005000300;24005;42,1870827;-5,701766871;Coordinado_IGR Poblaciones;762;MDT
4240221;24;León;07;Castilla y León;Cea;24051000200;24051;42,46340758;-5,012574908;Detección automática;840;MDT
4240222;24;León;07;Castilla y León;Cebanico;24052000100;24052;42,72525675;-5,025692339;Detección automática;954;MDT
4240223;24;León;07;Castilla y León;Cebrones del Río;24053000100;24053;42,25745628;-5,827102387;Detección automática;758;MDT
4240224;24;León;07;Castilla y León;Cegoñal;24183000300;24183;42,78651505;-4,939602408;Coordinado_IGR Poblaciones;1036;MDT
4240225;24;León;07;Castilla y León;Ceide y Orrios;24132000900;24132;42,78630835;-5,943558969;Detección automática;1063;MDT
4240226;24;León;07;Castilla y León;Cela;24209000200;24209;42,6836982;-6,827816934;Coordinado_IGR Poblaciones;854;MDT
4240227;24;León;07;Castilla y León;Celada;24148000100;24148;42,4277651;-6,028173846;Coordinado_IGR Poblaciones;836;MDT
4240228;24;León;07;Castilla y León;Celada de Cea;24139000200;24139;42,4279368;-4,946201988;Coordinado_IGR Poblaciones;893;MDT
4240229;24;León;07;Castilla y León;Celadilla del Páramo;24205000100;24205;42,5186212;-5,80441641;Coordinado_IGR Poblaciones;875;MDT
4240230;24;León;07;Castilla y León;Cembranos;24065000400;24065;42,48423108;-5,584850478;Coordinado_IGR Poblaciones;807;MDT
4240231;24;León;07;Castilla y León;Cerezal de la Guzpeña;24118000100;24118;42,77838179;-5,0055075;Coordinado_IGR Poblaciones;1015;MDT
4240232;24;León;07;Castilla y León;Cerezales del Condado;24201000300;24201;42,71386875;-5,357881412;Coordinado_IGR Poblaciones;876;MDT
4240233;24;León;07;Castilla y León;Cerulleda;24177000300;24177;43,00041955;-5,425717835;Coordinado_IGR Poblaciones;1250;MDT
4240234;24;León;07;Castilla y León;Cifuentes de Rueda;24079000400;24079;42,60570319;-5,258895828;Coordinado_IGR Poblaciones;843;MDT
4240235;24;León;07;Castilla y León;Ciguera;24060000300;24060;42,96275515;-5,147263931;Coordinado_IGR Poblaciones;1137;MDT
4240236;24;León;07;Castilla y León;Cillanueva;24006000300;24006;42,46907402;-5,61539519;Detección automática;816;MDT
4240237;24;León;07;Castilla y León;Cimanes del Tejar;24055000300;24055;42,61733979;-5,806781536;Detección automática;895;MDT
4240238;24;León;07;Castilla y León;Ciñera;24114000500;24114;42,88450046;-5,636914794;Coordinado_IGR Poblaciones;1057;MDT
4240239;24;León;07;Castilla y León;Cirujales;24132001000;24132;42,78333564;-6,080150622;Coordinado_IGR Poblaciones;1111;MDT
4240240;24;León;07;Castilla y León;Cistierna;24056000100;24056;42,80314264;-5,125744041;Detección automática;944;MDT
4240241;24;León;07;Castilla y León;Cobrana;24057000200;24057;42,62583199;-6,496644685;Coordinado_IGR Poblaciones;735;MDT
4240242;24;León;07;Castilla y León;Codornillos;24031000200;24031;42,40248766;-5,053632003;Coordinado_IGR Poblaciones;821;MDT
4240243;24;León;07;Castilla y León;Cofiñal;24121000100;24121;43,03093856;-5,26835245;Coordinado_IGR Poblaciones;1171;MDT
4240244;24;León;07;Castilla y León;Cogorderos;24214000200;24214;42,54371144;-6,028356388;Coordinado_IGR Poblaciones;900;MDT
4240245;24;León;07;Castilla y León;Coladilla;24194000100;24194;42,88417206;-5,557567187;Coordinado_IGR Poblaciones;1102;MDT
4240246;24;León;07;Castilla y León;Colinas del Campo de Martín Moro;24083000200;24083;42,76908573;-6,292538344;Coordinado_IGR Poblaciones;1067;MDT
4240247;24;León;07;Castilla y León;Columbrianos;24115000500;24115;42,57546121;-6,612183497;Coordinado_IGR Poblaciones;521;MDT
4240248;24;León;07;Castilla y León;Combarros;24023000300;24023;42,51838087;-6,126027718;Coordinado_IGR Poblaciones;970;MDT
4240249;24;León;07;Castilla y León;Concejo de Valdeón;24116010000;24116;43,1512345;-4,91784068;Mapa;924;MDT
4240251;24;León;07;Castilla y León;Congosto;24057000300;24057;42,61825967;-6,519306312;Detección automática;691;MDT
4240252;24;León;07;Castilla y León;Corbillos de los Oteros;24058000100;24058;42,40776561;-5,458063484;Detección automática;791;MDT
4240253;24;León;07;Castilla y León;Corbillos de la Sobarriba;24175000300;24175;42,58143064;-5,513930349;Coordinado_IGR Poblaciones;865;MDT
4240254;24;León;07;Castilla y León;Corcos;24052000200;24052;42,69259906;-5,083951674;Coordinado_IGR Poblaciones;1030;MDT
4240255;24;León;07;Castilla y León;Corniero;24060000400;24060;42,91244657;-5,173461333;Coordinado_IGR Poblaciones;1095;MDT
4240256;24;León;07;Castilla y León;Cornombre;24132001100;24132;42,82656608;-6,037869051;Coordinado_IGR Poblaciones;1286;MDT
4240257;24;León;07;Castilla y León;Corporales;24011000600;24011;42,59880206;-6,968548159;Coordinado_IGR Poblaciones;908;MDT
4240258;24;León;07;Castilla y León;Corporales;24172000200;24172;42,30967538;-6,456023147;Coordinado_IGR Poblaciones;1232;MDT
4240259;24;León;07;Castilla y León;El Corral de las Arrimadas;24068000300;24068;42,81364169;-5,29914497;Detección automática;1033;MDT
4240260;24;León;07;Castilla y León;Corrales y Peñacaira;24011020100;24011;42,60210665;-6,94036104;Coordinado_IGR Poblaciones;1084;MDT
4240261;24;León;07;Castilla y León;Correcillas;24179000200;24179;42,88561737;-5,45376024;Coordinado_IGR Poblaciones;1287;MDT
4240262;24;León;07;Castilla y León;Cortiguera;24027000300;24027;42,60394352;-6,628395789;Coordinado_IGR Poblaciones;535;MDT
4240263;24;León;07;Castilla y León;Corullón;24059000200;24059;42,58100987;-6,818591664;Detección automática;518;MDT
4240264;24;León;07;Castilla y León;Cospedal de Babia;24145000200;24145;42,97299244;-6,051965825;Coordinado_IGR Poblaciones;1285;MDT
4240265;24;León;07;Castilla y León;Crémenes;24060000500;24060;42,90143167;-5,145024316;Detección automática;996;MDT
4240266;24;León;07;Castilla y León;Cuadros;24061000400;24061;42,71053443;-5,638917657;Detección automática;900;MDT
4240267;24;León;07;Castilla y León;Cubillas de Arbas;24901000600;24901;42,92875507;-5,806088611;Coordinado_IGR Poblaciones;1309;MDT
4240268;24;León;07;Castilla y León;Cubillas de Rueda;24063000100;24063;42,65628462;-5,176745867;Detección automática;881;MDT
4240269;24;León;07;Castilla y León;Cubillinos-Posadina;24064010000;24064;42,63246624;-6,56110584;Mapa;608;MDT
4240270;24;León;07;Castilla y León;Cubillos del Sil;24064000300;24064;42,6252261;-6,563529878;Detección automática;584;MDT
4240271;24;León;07;Castilla y León;Cuénabres;24025000300;24025;43,06613758;-4,988519576;Coordinado_IGR Poblaciones;1190;MDT
4240272;24;León;07;Castilla y León;La Cuesta;24172000300;24172;42,25906574;-6,421533421;Coordinado_IGR Poblaciones;1178;MDT
4240273;24;León;07;Castilla y León;La Cueta;24029000200;24029;43,01375342;-6,187243024;Coordinado_IGR Poblaciones;1446;MDT
4240274;24;León;07;Castilla y León;Cueto;24143000100;24143;42,63323869;-6,654898312;Coordinado_IGR Poblaciones;582;MDT
4240275;24;León;07;Castilla y León;Cuevas;24182000500;24182;42,41768078;-6,034411472;Coordinado_IGR Poblaciones;840;MDT
4240276;24;León;07;Castilla y León;Cuevas del Sil;24109000200;24109;42,89337289;-6,397069539;Coordinado_IGR Poblaciones;891;MDT
4240277;24;León;07;Castilla y León;Cuevas de Viñayo;24040000300;24040;42,8163243;-5,7529119;Detección automática;1159;MDT
4240278;24;León;07;Castilla y León;Culebros;24210000300;24210;42,64216722;-6,10330944;Coordinado_IGR Poblaciones;1017;MDT
4240279;24;León;07;Castilla y León;Cunas;24172000400;24172;42,25416846;-6,38077536;Coordinado_IGR Poblaciones;1176;MDT
4240280;24;León;07;Castilla y León;Curillas;24182000600;24182;42,374849;-6,075850752;Coordinado_IGR Poblaciones;890;MDT
4240281;24;León;07;Castilla y León;Curueña;24132001200;24132;42,8354619;-5,983411683;Coordinado_IGR Poblaciones;1335;MDT
4240282;24;León;07;Castilla y León;Chandevillar y Ruideferros;24009030200,24009030100,24009030000;24009;42,72259779;-6,929629276;Centroide calculado a partir de las coordenadas de las poblaciones que componen el EATIM;945,6666667;Altitud media de las poblaciones que componen el EATIM
4240283;24;León;07;Castilla y León;La Chana;24022000200;24022;42,48107854;-6,724047602;Coordinado_IGR Poblaciones;616;MDT
4240284;24;León;07;Castilla y León;Chana de Somoza;24090000300;24090;42,39683072;-6,342783035;Coordinado_IGR Poblaciones;1171;MDT
4240285;24;León;07;Castilla y León;Chano;24112000200;24112;42,88234499;-6,66882661;Detección automática;987;MDT
4240286;24;León;07;Castilla y León;Chozas de Abajo;24065000500;24065;42,50840867;-5,686831183;Detección automática;883;MDT
4240287;24;León;07;Castilla y León;Chozas de Arriba;24065000600;24065;42,52112262;-5,701358545;Coordinado_IGR Poblaciones;892;MDT
4240288;24;León;07;Castilla y León;Dehesas;24115000900;24115;42,52730622;-6,680683461;Coordinado_IGR Poblaciones;466;MDT
4240289;24;León;07;Castilla y León;Destriana;24066000100;24066;42,32656792;-6,092928447;Detección automática;876;MDT
4240290;24;León;07;Castilla y León;La Devesa de Boñar;24199000200;24199;42,82227025;-5,29995404;Detección automática;997;MDT
4240291;24;León;07;Castilla y León;Devesa de Curueño;24151000400;24151;42,70207597;-5,371986613;Coordinado_IGR Poblaciones;871;MDT
4240292;24;León;07;Castilla y León;Donillas;24123000300;24123;42,63718449;-6,060024893;Coordinado_IGR Poblaciones;964;MDT
4240293;24;León;07;Castilla y León;Dragonte;24059000300;24059;42,60636641;-6,862089459;Coordinado_IGR Poblaciones;940;MDT
4240294;24;León;07;Castilla y León;Encinedo;24067000300;24067;42,27151828;-6,59448364;Mapa;997;MDT
4240296;24;León;07;Castilla y León;Escuredo;24123000400;24123;42,69156639;-5,946191003;Coordinado_IGR Poblaciones;1137;MDT
4240297;24;León;07;Castilla y León;Espanillo;24007000400;24007;42,67668728;-6,704290637;Coordinado_IGR Poblaciones;554;MDT
4240298;24;León;07;Castilla y León;Los Espejos de la Reina;24020000400;24020;42,99042363;-4,899741105;Coordinado_IGR Poblaciones;1142;MDT
4240299;24;León;07;Castilla y León;Espina de Tremor;24083000300;24083;42,72664244;-6,154468658;Coordinado_IGR Poblaciones;1222;MDT
4240300;24;León;07;Castilla y León;Espinareda de Ancares;24036000300;24036;42,83230872;-6,723388642;Coordinado_IGR Poblaciones;946;MDT
4240301;24;León;07;Castilla y León;Espinosa de Almanza;24004000700;24004;42,69510792;-5,003719478;Coordinado_IGR Poblaciones;939;MDT
4240302;24;León;07;Castilla y León;Espinosa de la Ribera;24133000100;24133;42,69776688;-5,813702652;Coordinado_IGR Poblaciones;938;MDT
4240303;24;León;07;Castilla y León;Estébanez de la Calzada;24223000100;24223;42,44009886;-5,941892571;Coordinado_IGR Poblaciones;834;MDT
4240304;24;León;07;Castilla y León;La Faba;24198030200;24198;42,68526989;-7,00992604;Detección automática;920;MDT
4240305;24;León;07;Castilla y León;Fabero;24070000200;24070;42,76583492;-6,627799158;Detección automática;684;MDT
4240306;24;León;07;Castilla y León;Fáfilas;24203000200;24203;42,25411054;-5,466551107;Coordinado_IGR Poblaciones;818;MDT
4240308;24;León;07;Castilla y León;Faro;24112000300;24112;42,86238141;-6,59613452;Detección automática;994;MDT
4240309;24;León;07;Castilla y León;Fasgar;24101000300;24101;42,80857601;-6,222876157;Coordinado_IGR Poblaciones;1310;MDT
4240310;24;León;07;Castilla y León;Felechares de la Valdería;24046000300;24046;42,19306288;-6,043400373;Coordinado_IGR Poblaciones;836;MDT
4240311;24;León;07;Castilla y León;Felmín;24037000500;24037;42,91853301;-5,54038109;Coordinado_IGR Poblaciones;1089;MDT
4240312;24;León;07;Castilla y León;Ferradillo;24119000100;24119;42,46561192;-6,656372309;Coordinado_IGR Poblaciones;1260;MDT
4240313;24;León;07;Castilla y León;Ferral del Bernesga;24142000400;24142;42,61559115;-5,658864923;Coordinado_IGR Poblaciones;919;MDT
4240314;24;León;07;Castilla y León;Ferreras;24123000500;24123;42,63969527;-5,94988936;Detección automática;983;MDT
4240315;24;León;07;Castilla y León;Ferreras del Puerto;24183000500;24183;42,86431496;-5,05424038;Detección automática;1274;MDT
4240316;24;León;07;Castilla y León;Filiel;24090000400;24090;42,37871897;-6,333806947;Coordinado_IGR Poblaciones;1124;MDT
4240317;24;León;07;Castilla y León;Finolledo;24064000400;24064;42,65567634;-6,559393326;Coordinado_IGR Poblaciones;693;MDT
4240318;24;León;07;Castilla y León;La Flecha de Torío;24076000200;24076;42,74015471;-5,521013674;Coordinado_IGR Poblaciones;910;MDT
4240319;24;León;07;Castilla y León;Fojedo del Páramo;24205000200;24205;42,50188995;-5,739516994;Coordinado_IGR Poblaciones;886;MDT
4240321;24;León;07;Castilla y León;Folgoso de la Ribera;24071000200;24071;42,64236228;-6,321837731;Detección automática;764;MDT
4240322;24;León;07;Castilla y León;Folledo;24114000600;24114;42,89678384;-5,723627458;Coordinado_IGR Poblaciones;1268;MDT
4240323;24;León;07;Castilla y León;Folloso;24132001300;24132;42,7707744;-6,016762954;Coordinado_IGR Poblaciones;1248;MDT
4240325;24;León;07;Castilla y León;Fonfría;24170000300;24170;42,54170959;-6,32611438;Coordinado_IGR Poblaciones;1272;MDT
4240326;24;León;07;Castilla y León;Fontanil de los Oteros;24097000100;24097;42,36195536;-5,387336558;Coordinado_IGR Poblaciones;819;MDT
4240327;24;León;07;Castilla y León;Fontanos de Torío;24076000300;24076;42,75584656;-5,539845176;Coordinado_IGR Poblaciones;1078;MDT
4240328;24;León;07;Castilla y León;Fontecha;24187000100;24187;42,44069918;-5,68915129;Coordinado_IGR Poblaciones;839;MDT
4240329;24;León;07;Castilla y León;Fontoria;24070000300;24070;42,76081013;-6,65460409;Coordinado_IGR Poblaciones;732;MDT
4240330;24;León;07;Castilla y León;Fontoria de Cepeda;24214000300;24214;42,51786524;-6,040898804;Coordinado_IGR Poblaciones;887;MDT
4240331;24;León;07;Castilla y León;Fontún de la Tercia;24901000700;24901;42,94190009;-5,646107075;Coordinado_IGR Poblaciones;1154;MDT
4240332;24;León;07;Castilla y León;Formigones;24158000300;24158;42,75737315;-5,842704273;Coordinado_IGR Poblaciones;1126;MDT
4240333;24;León;07;Castilla y León;Forna;24067000400;24067;42,28063774;-6,632035341;Coordinado_IGR Poblaciones;1225;MDT
4240334;24;León;07;Castilla y León;Fresnedelo;24112000400;24112;42,82868728;-6,63426597;Detección automática;956;MDT
4240335;24;León;07;Castilla y León;Fresnedo de Valdellorma;24068000500;24068;42,79557065;-5,22765382;Coordinado_IGR Poblaciones;1043;MDT
4240336;24;León;07;Castilla y León;Fresnellino del Monte;24006000400;24006;42,44245664;-5,620115842;Coordinado_IGR Poblaciones;817;MDT
4240337;24;León;07;Castilla y León;Fresno del Camino;24189000200;24189;42,56404296;-5,653176833;Coordinado_IGR Poblaciones;874;MDT
4240338;24;León;07;Castilla y León;Fresno de la Valduerna;24216000100;24216;42,33178141;-6,01230441;Coordinado_IGR Poblaciones;822;MDT
4240339;24;León;07;Castilla y León;Friera;24165000400;24165;42,51589092;-6,835902809;Coordinado_IGR Poblaciones;403;MDT
4240340;24;León;07;Castilla y León;Fuentes de Carbajal;24074000200;24074;42,17727253;-5,44634306;Detección automática;806;MDT
4240341;24;León;07;Castilla y León;Fuentes de los Oteros;24107000100;24107;42,34881995;-5,416157353;Coordinado_IGR Poblaciones;824;MDT
4240342;24;León;07;Castilla y León;Fuentes de Peñacorada;24056000200;24056;42,83529435;-5,090772593;Coordinado_IGR Poblaciones;1151;MDT
4240343;24;León;07;Castilla y León;Fuentesnuevas;24115001200;24115;42,57372706;-6,640017721;Coordinado_IGR Poblaciones;506;MDT
4240344;24;León;07;Castilla y León;Gallegos de Curueño;24151000500;24151;42,73676565;-5,407776579;Coordinado_IGR Poblaciones;908;MDT
4240345;24;León;07;Castilla y León;Galleguillos de Campos;24139000300;24139;42,30555395;-5,066570242;Coordinado_IGR Poblaciones;783;MDT
4240346;24;León;07;Castilla y León;El Ganso;24023000400;24023;42,46253841;-6,207783984;Coordinado_IGR Poblaciones;1014;MDT
4240347;24;León;07;Castilla y León;Garaño;24167000500;24167;42,79244798;-5,811154622;Coordinado_IGR Poblaciones;983;MDT
4240348;24;León;07;Castilla y León;Garfín;24079000500;24079;42,67737353;-5,2459111;Coordinado_IGR Poblaciones;906;MDT
4240349;24;León;07;Castilla y León;Garrafe de Torío;24076000400;24076;42,73101561;-5,524326917;Detección automática;908;MDT
4240350;24;León;07;Castilla y León;Garueña;24132001400;24132;42,80124185;-6,060280934;Coordinado_IGR Poblaciones;1110;MDT
4240351;24;León;07;Castilla y León;Gavilanes de Órbigo;24173000200;24173;42,51731667;-5,881865587;Coordinado_IGR Poblaciones;839;MDT
4240352;24;León;07;Castilla y León;Genestacio de la Vega;24124000100;24124;42,19150592;-5,856579691;Coordinado_IGR Poblaciones;744;MDT
4240353;24;León;07;Castilla y León;Genestosa;24145000300;24145;43,00584837;-6,010032137;Coordinado_IGR Poblaciones;1230;MDT
4240354;24;León;07;Castilla y León;Genícera;24037000600;24037;42,95197318;-5,493690686;Coordinado_IGR Poblaciones;1245;MDT
4240355;24;León;07;Castilla y León;Geras;24114000700;24114;42,89412586;-5,767303778;Coordinado_IGR Poblaciones;1136;MDT
4240356;24;León;07;Castilla y León;Gestoso;24103000400;24103;42,5476637;-7,037552285;Coordinado_IGR Poblaciones;942;MDT
4240357;24;León;07;Castilla y León;Gete;24037000700;24037;42,93073786;-5,555137002;Coordinado_IGR Poblaciones;1135;MDT
4240358;24;León;07;Castilla y León;Getino;24037000800;24037;42,93598384;-5,54452175;Coordinado_IGR Poblaciones;1145;MDT
4240359;24;León;07;Castilla y León;Gigosos de los Oteros;24062000200;24062;42,38033938;-5,514324752;Coordinado_IGR Poblaciones;766;MDT
4240360;24;León;07;Castilla y León;Golpejar de la Sobarriba;24175000400;24175;42,60040484;-5,514817462;Coordinado_IGR Poblaciones;914;MDT
4240361;24;León;07;Castilla y León;Golpejar de la Tercia;24901000800;24901;42,95287659;-5,653439101;Coordinado_IGR Poblaciones;1180;MDT
4240362;24;León;07;Castilla y León;Gradefes;24079000600;24079;42,62384955;-5,226328553;Detección automática;852;MDT
4240363;24;León;07;Castilla y León;Grajal de Ribera;24005000400;24005;42,17531444;-5,674111351;Coordinado_IGR Poblaciones;760;MDT
4240364;24;León;07;Castilla y León;Grajalejo de las Matas;24217000100;24217;42,40103485;-5,343152897;Coordinado_IGR Poblaciones;832;MDT
4240365;24;León;07;Castilla y León;La Granja de San Vicente;24170000400;24170;42,60897948;-6,29177948;Coordinado_IGR Poblaciones;888;MDT
4240366;24;León;07;Castilla y León;Las Grañeras;24024000300;24024;42,39726759;-5,21418732;Coordinado_IGR Poblaciones;867;MDT
4240368;24;León;07;Castilla y León;Grulleros;24197000100;24197;42,50404164;-5,55028152;Detección automática;786;MDT
4240369;24;León;07;Castilla y León;Gualtares de Órbigo;24015000300;24015;42,48674712;-5,897584122;Coordinado_IGR Poblaciones;828;MDT
4240370;24;León;07;Castilla y León;Guímara;24112000500;24112;42,89917817;-6,689915158;Coordinado_IGR Poblaciones;1060;MDT
4240371;24;León;07;Castilla y León;Güimil;24011030100;24011;42,61102112;-6,946334103;Coordinado_IGR Poblaciones;861;MDT
4240372;24;León;07;Castilla y León;Guisatecha;24132001500;24132;42,78560188;-6,008125711;Coordinado_IGR Poblaciones;1055;MDT
4240373;24;León;07;Castilla y León;Gusendos de los Oteros;24081000100;24081;42,37951885;-5,430274168;Detección automática;799;MDT
4240374;24;León;07;Castilla y León;Herrerías;24198000800;24198;42,67052833;-6,98062068;Detección automática;677;MDT
4240375;24;León;07;Castilla y León;Herreros de Jamuz;24125000100;24125;42,26184507;-5,984549895;Coordinado_IGR Poblaciones;796;MDT
4240376;24;León;07;Castilla y León;Herreros de Rueda;24063000200;24063;42,60741854;-5,185664979;Coordinado_IGR Poblaciones;889;MDT
4240377;24;León;07;Castilla y León;Hervededo;24034000200;24034;42,60350585;-6,655072272;Coordinado_IGR Poblaciones;517;MDT
4240378;24;León;07;Castilla y León;Horcadas;24130000400;24130;42,94180571;-5,044900061;Coordinado_IGR Poblaciones;1118;MDT
4240379;24;León;07;Castilla y León;Hornija;24059000400;24059;42,57383949;-6,866844151;Coordinado_IGR Poblaciones;774;MDT
4240380;24;León;07;Castilla y León;Horta;24059000500;24059;42,57244483;-6,79903964;Coordinado_IGR Poblaciones;459;MDT
4240382;24;León;07;Castilla y León;Huerga de Garaballes;24166000900;24166;42,33995756;-5,900323292;Coordinado_IGR Poblaciones;779;MDT
4240383;24;León;07;Castilla y León;Huerga de Frailes;24228000300;24228;42,38961529;-5,84565786;Coordinado_IGR Poblaciones;805;MDT
4240384;24;León;07;Castilla y León;Huerga del Río;24039000200;24039;42,56126159;-5,843966913;Coordinado_IGR Poblaciones;859;MDT
4240385;24;León;07;Castilla y León;Huergas de Babia;24029000300;24029;42,9560452;-6,092891658;Coordinado_IGR Poblaciones;1216;MDT
4240386;24;León;07;Castilla y León;Huergas de Gordón;24114000800;24114;42,84341296;-5,654548634;Coordinado_IGR Poblaciones;997;MDT
4240387;24;León;07;Castilla y León;Igüeña;24083000400;24083;42,72769871;-6,278153835;Detección automática;910;MDT
4240388;24;León;07;Castilla y León;Inicio;24132001600;24132;42,75602208;-5,962243321;Coordinado_IGR Poblaciones;1014;MDT
4240389;24;León;07;Castilla y León;Irede de Luna;24012000200;24012;42,84602745;-5,906507273;Coordinado_IGR Poblaciones;1199;MDT
4240390;24;León;07;Castilla y León;Irián;24167000600;24167;42,73161149;-5,897781871;Coordinado_IGR Poblaciones;1160;MDT
4240391;24;León;07;Castilla y León;Iruela;24172000500;24172;42,26253174;-6,502287035;Coordinado_IGR Poblaciones;1203;MDT
4240392;24;León;07;Castilla y León;Isoba;24121000200;24121;43,05509905;-5,325761123;Coordinado_IGR Poblaciones;1358;MDT
4240393;24;León;07;Castilla y León;Izagre;24084000200;24084;42,2233625;-5,258237765;Detección automática;783;MDT
4240394;24;León;07;Castilla y León;Jabares de los Oteros;24028000200;24028;42,41350731;-5,510701222;Coordinado_IGR Poblaciones;769;MDT
4240395;24;León;07;Castilla y León;Jiménez de Jamuz;24154000100;24154;42,2658789;-5,929686288;Coordinado_IGR Poblaciones;774;MDT
4240396;24;León;07;Castilla y León;Joara;24139000400;24139;42,42429178;-4,968364781;Coordinado_IGR Poblaciones;852;MDT
4240397;24;León;07;Castilla y León;Joarilla de las Matas;24086000100;24086;42,28805128;-5,177959089;Detección automática;791;MDT
4240398;24;León;07;Castilla y León;Lago de Babia;24029000400;24029;42,96946527;-6,179240598;Coordinado_IGR Poblaciones;1345;MDT
4240399;24;León;07;Castilla y León;Lago de Carucedo;24041000500;24041;42,49320207;-6,788902986;Coordinado_IGR Poblaciones;525;MDT
4240400;24;León;07;Castilla y León;Lago de Omaña;24167000700;24167;42,78712427;-5,916765474;Coordinado_IGR Poblaciones;1127;MDT
4240401;24;León;07;Castilla y León;Laguna Dalga;24087000100;24087;42,33174218;-5,752738396;Detección automática;797;MDT
4240402;24;León;07;Castilla y León;La Laguna y Cernada;24198040000,24198040100,24198040200;24198;42,69972575;-7,026369503;Centroide calculado a partir de las coordenadas de las poblaciones que componen el EATIM;1143,333333;Altitud media de las poblaciones que componen el EATIM
4240403;24;León;07;Castilla y León;Lagunas de Somoza;24185000100;24185;42,38161339;-6,192365359;Coordinado_IGR Poblaciones;1034;MDT
4240404;24;León;07;Castilla y León;Laíz de las Arrimadas;24068000600;24068;42,81561156;-5,31756525;Detección automática;997;MDT
4240405;24;León;07;Castilla y León;Langre;24019000200;24019;42,73501257;-6,565816564;Coordinado_IGR Poblaciones;896;MDT
4240406;24;León;07;Castilla y León;Lario;24025000400;24025;43,04017183;-5,093260882;Coordinado_IGR Poblaciones;1142;MDT
4240407;24;León;07;Castilla y León;Lavandera;24037000900;24037;42,94980825;-5,513766749;Coordinado_IGR Poblaciones;1196;MDT
4240408;24;León;07;Castilla y León;Lazado;24101000400;24101;42,85718758;-6,165486473;Coordinado_IGR Poblaciones;1282;MDT
4240409;24;León;07;Castilla y León;Librán;24169000100;24169;42,72842282;-6,503566085;Coordinado_IGR Poblaciones;783;MDT
4240410;24;León;07;Castilla y León;Liegos;24001000200;24001;43,02456655;-5,075837292;Coordinado_IGR Poblaciones;1128;MDT
4240411;24;León;07;Castilla y León;Lillo del Bierzo;24070000400;24070;42,78214988;-6,612838037;Coordinado_IGR Poblaciones;779;MDT
4240412;24;León;07;Castilla y León;Lindoso;24198001200;24198;42,6672329;-7,002328349;Coordinado_IGR Poblaciones;999;MDT
4240413;24;León;07;Castilla y León;Lois;24060000700;24060;42,98358577;-5,147190313;Coordinado_IGR Poblaciones;1236;MDT
4240414;24;León;07;Castilla y León;Lomba;24016000200;24016;42,35994959;-6,675664406;Coordinado_IGR Poblaciones;979;MDT
4240416;24;León;07;Castilla y León;Lorenzana;24061000500;24061;42,66891947;-5,63198104;Coordinado_IGR Poblaciones;878;MDT
4240417;24;León;07;Castilla y León;Losada;24014000400;24014;42,66367278;-6,443155895;Coordinado_IGR Poblaciones;735;MDT
4240418;24;León;07;Castilla y León;Losadilla;24067000500;24067;42,26377897;-6,624462631;Coordinado_IGR Poblaciones;1030;MDT
4240419;24;León;07;Castilla y León;La Losilla y San Adrián;24199000300;24199;42,83725917;-5,3158047;Detección automática;960;MDT
4240420;24;León;07;Castilla y León;Lucillo;24090000500;24090;42,41020613;-6,30432595;Detección automática;1219;MDT
4240421;24;León;07;Castilla y León;Luengos de los Oteros;24160000100;24160;42,44946189;-5,395990558;Coordinado_IGR Poblaciones;807;MDT
4240422;24;León;07;Castilla y León;Lugán;24199000400;24199;42,77051604;-5,336848085;Coordinado_IGR Poblaciones;908;MDT
4240423;24;León;07;Castilla y León;Lugueros;24177000400;24177;42,97298322;-5,412576358;Detección automática;1179;MDT
4240424;24;León;07;Castilla y León;Lumajo;24202000300;24202;42,98290963;-6,257484693;Coordinado_IGR Poblaciones;1361;MDT
4240425;24;León;07;Castilla y León;Lumeras;24036000400;24036;42,79395381;-6,670696034;Coordinado_IGR Poblaciones;915;MDT
4240426;24;León;07;Castilla y León;Lusio;24103000600;24103;42,51685393;-6,97426314;Coordinado_IGR Poblaciones;762;MDT
4240427;24;León;07;Castilla y León;Luyego de Somoza;24091000100;24091;42,3757705;-6,23805602;Mapa;1066;MDT
4240428;24;León;07;Castilla y León;La Llama de la Guzpeña;24118000200;24118;42,77263338;-5,037380795;Coordinado_IGR Poblaciones;1055;MDT
4240429;24;León;07;Castilla y León;Llamas de Cabrera;24016000300;24016;42,40010923;-6,62869737;Detección automática;902;MDT
4240430;24;León;07;Castilla y León;Llamas de Laciana;24202000400;24202;42,92950435;-6,323304086;Coordinado_IGR Poblaciones;990;MDT
4240431;24;León;07;Castilla y León;Llamas de la Ribera;24092000100;24092;42,63562951;-5,825632876;Detección automática;896;MDT
4240432;24;León;07;Castilla y León;Llamas de Rueda;24063000300;24063;42,63049103;-5,139717428;Coordinado_IGR Poblaciones;930;MDT
4240433;24;León;07;Castilla y León;Llamazares;24177000500;24177;42,96760497;-5,444406337;Coordinado_IGR Poblaciones;1242;MDT
4240434;24;León;07;Castilla y León;Llamera;24199000500;24199;42,83723913;-5,348754019;Coordinado_IGR Poblaciones;1020;MDT
4240435;24;León;07;Castilla y León;Llánaves de la Reina;24020000500;24020;43,0540579;-4,800486655;Coordinado_IGR Poblaciones;1380;MDT
4240436;24;León;07;Castilla y León;Llanos de Alba;24134000400;24134;42,80554768;-5,643429909;Coordinado_IGR Poblaciones;965;MDT
4240437;24;León;07;Castilla y León;Llombera;24114000900;24114;42,84302685;-5,591892473;Coordinado_IGR Poblaciones;1246;MDT
4240438;24;León;07;Castilla y León;Magaz de Abajo;24034000300;24034;42,60046453;-6,681078339;Coordinado_IGR Poblaciones;512;MDT
4240439;24;León;07;Castilla y León;Magaz de Arriba;24007000500;24007;42,61367256;-6,679290051;Coordinado_IGR Poblaciones;560;MDT
4240440;24;León;07;Castilla y León;Magaz de Cepeda;24093000200;24093;42,54212524;-6,0767752;Detección automática;902;MDT
4240441;24;León;07;Castilla y León;La Majua;24145000400;24145;42,97991015;-6,024271973;Coordinado_IGR Poblaciones;1245;MDT
4240442;24;León;07;Castilla y León;Malillos de los Oteros;24160000200;24160;42,4422552;-5,42298869;Coordinado_IGR Poblaciones;800;MDT
4240443;24;León;07;Castilla y León;La Maluenga;24152000400;24152;42,50030235;-6,284361753;Coordinado_IGR Poblaciones;1233;MDT
4240444;24;León;07;Castilla y León;Mallo de Luna;24012000300;24012;42,87286157;-5,88878107;Coordinado_IGR Poblaciones;1128;MDT
4240445;24;León;07;Castilla y León;Mancilleros;24227000300;24227;42,51053252;-5,491957188;Coordinado_IGR Poblaciones;792;MDT
4240446;24;León;07;Castilla y León;Mansilla Mayor;24095000100;24095;42,50943973;-5,443537634;Detección automática;790;MDT
4240447;24;León;07;Castilla y León;Mansilla del Páramo;24174000100;24174;42,38684677;-5,790453518;Coordinado_IGR Poblaciones;811;MDT
4240448;24;León;07;Castilla y León;Manzanal del Puerto;24210000400;24210;42,59114787;-6,222019551;Coordinado_IGR Poblaciones;1144;MDT
4240449;24;León;07;Castilla y León;Manzaneda;24172000600;24172;42,26081298;-6,318279084;Coordinado_IGR Poblaciones;1101;MDT
4240450;24;León;07;Castilla y León;Manzaneda de Omaña;24132001700;24132;42,81944123;-6,047651913;Coordinado_IGR Poblaciones;1173;MDT
4240451;24;León;07;Castilla y León;Manzaneda de Torío;24076000500;24076;42,75186903;-5,506207454;Coordinado_IGR Poblaciones;933;MDT
4240452;24;León;07;Castilla y León;Marialba de la Ribera;24227000400;24227;42,53407909;-5,542976762;Coordinado_IGR Poblaciones;801;MDT
4240453;24;León;07;Castilla y León;Marne;24227000500;24227;42,53128676;-5,469545784;Coordinado_IGR Poblaciones;800;MDT
4240454;24;León;07;Castilla y León;Marrubio;24043000200;24043;42,32393177;-6,538133818;Coordinado_IGR Poblaciones;897;MDT
4240455;24;León;07;Castilla y León;Marzán;24132001800;24132;42,78025092;-6,107773734;Coordinado_IGR Poblaciones;1149;MDT
4240456;24;León;07;Castilla y León;La Mata de la Bérbula;24179000300;24179;42,86627472;-5,410458666;Coordinado_IGR Poblaciones;1073;MDT
4240457;24;León;07;Castilla y León;La Mata de Curueño;24151000600;24151;42,77785293;-5,412136982;Coordinado_IGR Poblaciones;941;MDT
4240458;24;León;07;Castilla y León;La Mata de Monteagudo;24183000600;24183;42,83817586;-5,047212874;Coordinado_IGR Poblaciones;1128;MDT
4240459;24;León;07;Castilla y León;La Mata del Páramo;24150000100;24150;42,42301988;-5,738675864;Coordinado_IGR Poblaciones;835;MDT
4240460;24;León;07;Castilla y León;La Mata de la Riba;24199000600;24199;42,8527558;-5,341570162;Coordinado_IGR Poblaciones;977;MDT
4240461;24;León;07;Castilla y León;Matachana;24049000300;24049;42,60424199;-6,43970025;Detección automática;659;MDT
4240462;24;León;07;Castilla y León;Matalavilla;24109000300;24109;42,84778783;-6,427849906;Coordinado_IGR Poblaciones;1003;MDT
4240463;24;León;07;Castilla y León;Matalobos del Páramo;24026000600;24026;42,41756882;-5,815876222;Coordinado_IGR Poblaciones;822;MDT
4240464;24;León;07;Castilla y León;Mataluenga;24104000100;24104;42,67558988;-5,832844314;Coordinado_IGR Poblaciones;912;MDT
4240465;24;León;07;Castilla y León;Matallana de Torío;24098000100;24098;42,86767519;-5,521993349;Coordinado_IGR Poblaciones;1015;MDT
4240466;24;León;07;Castilla y León;Matallana de Valmadrigal;24153000100;24153;42,36027706;-5,331737683;Coordinado_IGR Poblaciones;820;MDT
4240467;24;León;07;Castilla y León;Matanza;24182000700;24182;42,39189254;-6,045169529;Coordinado_IGR Poblaciones;851;MDT
4240468;24;León;07;Castilla y León;Matanza de los Oteros;24099000100;24099;42,23971422;-5,376550674;Detección automática;830;MDT
4240469;24;León;07;Castilla y León;Matavenero y Poibueno;24170000500;24170;42,53705286;-6,371874864;Coordinado_IGR Poblaciones;1010;MDT
4240471;24;León;07;Castilla y León;Matueca de Torío;24076000600;24076;42,77165274;-5,510770182;Coordinado_IGR Poblaciones;936;MDT
4240472;24;León;07;Castilla y León;Las Médulas;24041000600;24041;42,45755961;-6,768099196;Coordinado_IGR Poblaciones;734;MDT
4240473;24;León;07;Castilla y León;Meizara;24065000700;24065;42,45133806;-5,693001428;Coordinado_IGR Poblaciones;843;MDT
4240474;24;León;07;Castilla y León;Melezna;24059000600;24059;42,57480662;-6,900337411;Coordinado_IGR Poblaciones;649;MDT
4240475;24;León;07;Castilla y León;Mellanzos;24079000700;24079;42,5939948;-5,328535956;Coordinado_IGR Poblaciones;907;MDT
4240476;24;León;07;Castilla y León;Mena de Babia;24029000500;24029;42,94673202;-6,137629874;Coordinado_IGR Poblaciones;1259;MDT
4240477;24;León;07;Castilla y León;Meroy;24029000600;24029;42,9755694;-6,218208189;Coordinado_IGR Poblaciones;1274;MDT
4240478;24;León;07;Castilla y León;La Milla del Páramo;24026000700;24026;42,46821049;-5,799416488;Coordinado_IGR Poblaciones;855;MDT
4240479;24;León;07;Castilla y León;La Milla del Río;24039000300;24039;42,57058291;-5,846567453;Coordinado_IGR Poblaciones;865;MDT
4240480;24;León;07;Castilla y León;Millaro;24901000900;24901;42,97841134;-5,645049523;Coordinado_IGR Poblaciones;1374;MDT
4240481;24;León;07;Castilla y León;Miñambres de la Valduerna;24216000200;24216;42,31229989;-5,975553634;Coordinado_IGR Poblaciones;801;MDT
4240482;24;León;07;Castilla y León;Modino;24056000300;24056;42,75874937;-5,152657965;Coordinado_IGR Poblaciones;916;MDT
4240483;24;León;07;Castilla y León;Moldes y Hermide;24011040200;24011;42,63327783;-6,962322465;Coordinado_IGR Poblaciones;911;MDT
4240484;24;León;07;Castilla y León;Molinaferrera;24090000600;24090;42,39465907;-6,366373357;Coordinado_IGR Poblaciones;1121;MDT
4240485;24;León;07;Castilla y León;Molinaseca;24100000400;24100;42,53839297;-6,51987498;Detección automática;580;MDT
4240486;24;León;07;Castilla y León;Mondreganes;24052000300;24052;42,69706811;-5,021201205;Coordinado_IGR Poblaciones;918;MDT
4240487;24;León;07;Castilla y León;Montealegre;24210000500;24210;42,59165686;-6,271880652;Coordinado_IGR Poblaciones;1008;MDT
4240488;24;León;07;Castilla y León;Montejos del Camino;24189000300;24189;42,58458387;-5,689158633;Coordinado_IGR Poblaciones;920;MDT
4240490;24;León;07;Castilla y León;Montes de Valdueza;24115001500;24115;42,4467895;-6,571058538;Coordinado_IGR Poblaciones;996;MDT
4240491;24;León;07;Castilla y León;Montrondo;24101000500;24101;42,85104222;-6,210782836;Coordinado_IGR Poblaciones;1283;MDT
4240492;24;León;07;Castilla y León;Montuerto;24179000400;24179;42,88563641;-5,393248999;Coordinado_IGR Poblaciones;1056;MDT
4240493;24;León;07;Castilla y León;Moñón;24198001300;24198;42,67919308;-6,935049164;Coordinado_IGR Poblaciones;815;MDT
4240494;24;León;07;Castilla y León;Mora de Luna;24012000400;24012;42,82075016;-5,845601552;Coordinado_IGR Poblaciones;1012;MDT
4240495;24;León;07;Castilla y León;Moral de Órbigo;24224000100;24224;42,48250293;-5,909928296;Coordinado_IGR Poblaciones;851;MDT
4240496;24;León;07;Castilla y León;Moral de Valcarce;24171000100;24171;42,60622355;-6,896209219;Coordinado_IGR Poblaciones;932;MDT
4240497;24;León;07;Castilla y León;Morales del Arcediano;24161000100;24161;42,42072073;-6,097769691;Coordinado_IGR Poblaciones;864;MDT
4240498;24;León;07;Castilla y León;Moreda;24196000400;24196;42,72690344;-6,727237739;Coordinado_IGR Poblaciones;757;MDT
4240499;24;León;07;Castilla y León;Morgovejo;24183000800;24183;42,84512404;-4,959520035;Coordinado_IGR Poblaciones;1031;MDT
4240500;24;León;07;Castilla y León;Morilla de los Oteros;24107000200;24107;42,35046202;-5,498630037;Coordinado_IGR Poblaciones;776;MDT
4240501;24;León;07;Castilla y León;Morla de la Valdería;24047000200;24047;42,2444091;-6,269035623;Coordinado_IGR Poblaciones;1015;MDT
4240502;24;León;07;Castilla y León;Morriondo;24123000600;24123;42,64252895;-5,966219276;Coordinado_IGR Poblaciones;1013;MDT
4240503;24;León;07;Castilla y León;Moscas del Páramo;24136000100;24136;42,25207037;-5,804623393;Coordinado_IGR Poblaciones;773;MDT
4240504;24;León;07;Castilla y León;Mosteiros;24011001200;24011;42,59390969;-6,951757846;Coordinado_IGR Poblaciones;924;MDT
4240505;24;León;07;Castilla y León;Mozóndiga;24065000800;24065;42,46892529;-5,709267034;Coordinado_IGR Poblaciones;856;MDT
4240506;24;León;07;Castilla y León;Mozos de Cea;24229000300;24229;42,54077404;-5,00807072;Coordinado_IGR Poblaciones;890;MDT
4240507;24;León;07;Castilla y León;Las Muñecas;24183000900;24183;42,85272881;-5,027754022;Coordinado_IGR Poblaciones;1090;MDT
4240508;24;León;07;Castilla y León;Las Murias de Babia;24029000700;24029;42,95711985;-6,162137451;Coordinado_IGR Poblaciones;1280;MDT
4240509;24;León;07;Castilla y León;Murias de Paredes;24101000600;24101;42,84998637;-6,191294639;Detección automática;1253;MDT
4240510;24;León;07;Castilla y León;Murias de Pedredo;24152000500;24152;42,43401044;-6,201716404;Coordinado_IGR Poblaciones;951;MDT
4240511;24;León;07;Castilla y León;Murias de Ponjos;24184000100;24184;42,71967531;-6,077578793;Coordinado_IGR Poblaciones;1194;MDT
4240512;24;León;07;Castilla y León;Murias de Rechivaldo;24008000300;24008;42,46033004;-6,105904518;Coordinado_IGR Poblaciones;884;MDT
4240513;24;León;07;Castilla y León;Narayola;24034000400;24034;42,57907101;-6,694897069;Coordinado_IGR Poblaciones;478;MDT
4240514;24;León;07;Castilla y León;Naredo de Fenar;24098000200;24098;42,82815867;-5,524154197;Coordinado_IGR Poblaciones;995;MDT
4240515;24;León;07;Castilla y León;Nava de los Caballeros;24079000800;24079;42,62402568;-5,244757357;Coordinado_IGR Poblaciones;855;MDT
4240516;24;León;07;Castilla y León;Nava de los Oteros;24058000200;24058;42,39369882;-5,465013493;Coordinado_IGR Poblaciones;783;MDT
4240517;24;León;07;Castilla y León;Navafría;24175000500;24175;42,60307275;-5,450571272;Coordinado_IGR Poblaciones;858;MDT
4240518;24;León;07;Castilla y León;Navatejera;24222000300;24222;42,62732569;-5,564482124;Coordinado_IGR Poblaciones;868;MDT
4240519;24;León;07;Castilla y León;Navianos de la Vega;24003000200;24003;42,18713447;-5,824918977;Coordinado_IGR Poblaciones;742;MDT
4240521;24;León;07;Castilla y León;Noceda;24102000200;24102;42,71260771;-6,399214443;Detección automática;835;MDT
4240522;24;León;07;Castilla y León;Noceda de Cabrera;24043000300;24043;42,3458719;-6,515880917;Coordinado_IGR Poblaciones;1156;MDT
4240523;24;León;07;Castilla y León;Nocedo de Curueño;24179000500;24179;42,89380382;-5,399159136;Coordinado_IGR Poblaciones;1063;MDT
4240524;24;León;07;Castilla y León;Nocedo de Gordón;24114001000;24114;42,8345084;-5,660609048;Coordinado_IGR Poblaciones;993;MDT
4240525;24;León;07;Castilla y León;Nogales de Mansilla;24095000200;24095;42,50883823;-5,46286731;Coordinado_IGR Poblaciones;787;MDT
4240526;24;León;07;Castilla y León;Nogar;24043000400;24043;42,29893161;-6,508887931;Coordinado_IGR Poblaciones;813;MDT
4240527;24;León;07;Castilla y León;Nogarejas;24047000300;24047;42,18804962;-6,140811012;Coordinado_IGR Poblaciones;883;MDT
4240528;24;León;07;Castilla y León;La Nora del Río;24003000300;24003;42,16600222;-5,825801252;Coordinado_IGR Poblaciones;740;MDT
4240529;24;León;07;Castilla y León;Oceja de Valdellorma;24068000700;24068;42,81436782;-5,204542376;Coordinado_IGR Poblaciones;1096;MDT
4240530;24;León;07;Castilla y León;Ocejo de la Peña;24056000400;24056;42,86497722;-5,084616133;Coordinado_IGR Poblaciones;1142;MDT
4240531;24;León;07;Castilla y León;Ocero;24143000200;24143;42,70333957;-6,629361642;Coordinado_IGR Poblaciones;854;MDT
4240532;24;León;07;Castilla y León;Odollo;24043000500;24043;42,34695086;-6,59146048;Coordinado_IGR Poblaciones;856;MDT
4240533;24;León;07;Castilla y León;Oencia;24103010200;24103;42,54863375;-6,970381138;Detección automática;892;MDT
4240534;24;León;07;Castilla y León;Olleros de Alba;24134000500;24134;42,79997188;-5,697624715;Coordinado_IGR Poblaciones;1097;MDT
4240535;24;León;07;Castilla y León;Olleros de Sabero;24137000200;24137;42,83018038;-5,183206879;Coordinado_IGR Poblaciones;1073;MDT
4240536;24;León;07;Castilla y León;Las Omañas;24104000200;24104;42,67963805;-5,870310004;Detección automática;934;MDT
4240537;24;León;07;Castilla y León;Omañón;24132001900;24132;42,805597;-6,099713148;Coordinado_IGR Poblaciones;1127;MDT
4240538;24;León;07;Castilla y León;La Omañuela;24132010100;24132;42,7776502;-5,989318522;Coordinado_IGR Poblaciones;1048;MDT
4240539;24;León;07;Castilla y León;Onamio;24100000500;24100;42,55830175;-6,499394446;Coordinado_IGR Poblaciones;729;MDT
4240540;24;León;07;Castilla y León;Oncina de la Valdoncina;24189000400;24189;42,5518977;-5,661297945;Coordinado_IGR Poblaciones;868;MDT
4240541;24;León;07;Castilla y León;Onzonilla;24105000200;24105;42,5247586;-5,582380741;Investigación;806;Investigación
4240542;24;León;07;Castilla y León;Orallo;24202000500;24202;42,96912996;-6,354445075;Coordinado_IGR Poblaciones;1096;MDT
4240543;24;León;07;Castilla y León;Orellán;24022000300;24022;42,46571529;-6,748181382;Coordinado_IGR Poblaciones;775;MDT
4240544;24;León;07;Castilla y León;Orones;24021001000;24021;42,96335636;-5,237215713;Coordinado_IGR Poblaciones;1146;MDT
4240545;24;León;07;Castilla y León;Orzonaga;24098000300;24098;42,85198231;-5,541206159;Coordinado_IGR Poblaciones;1026;MDT
4240546;24;León;07;Castilla y León;Oterico;24132002100;24132;42,77621304;-5,923517244;Coordinado_IGR Poblaciones;1039;MDT
4240547;24;León;07;Castilla y León;Otero;24115001600;24115;42,53439256;-6,594441672;Coordinado_IGR Poblaciones;574;MDT
4240548;24;León;07;Castilla y León;Otero;24206000200;24206;42,56549711;-6,782302383;Coordinado_IGR Poblaciones;571;MDT
4240549;24;León;07;Castilla y León;Otero de Curueño;24179000600;24179;42,85642355;-5,394723027;Coordinado_IGR Poblaciones;1031;MDT
4240550;24;León;07;Castilla y León;Otero de las Dueñas;24040000400;24040;42,78674033;-5,770676308;Coordinado_IGR Poblaciones;1001;MDT
4240551;24;León;07;Castilla y León;Otero de Escarpizo;24219000400;24219;42,51570673;-6,061011626;Coordinado_IGR Poblaciones;884;MDT
4240552;24;León;07;Castilla y León;Otero de Naraguantes;24070000500;24070;42,76630851;-6,609075641;Coordinado_IGR Poblaciones;809;MDT
4240553;24;León;07;Castilla y León;El Otero de Valdetuéjar;24183001000;24183;42,83030576;-5,017038856;Coordinado_IGR Poblaciones;1034;MDT
4240554;24;León;07;Castilla y León;Oteruelo de la Valdoncina;24089000300;24089;42,58128878;-5,603980985;Coordinado_IGR Poblaciones;860;MDT
4240555;24;León;07;Castilla y León;Oteruelo de la Valduerna;24161000200;24161;42,42006164;-6,08872476;Coordinado_IGR Poblaciones;861;MDT
4240556;24;León;07;Castilla y León;Oteruelo de la Vega;24166000400;24166;42,36243451;-5,88259837;Detección automática;786;MDT
4240557;24;León;07;Castilla y León;Pajares de los Oteros;24107000300;24107;42,32842947;-5,471691917;Detección automática;791;MDT
4240558;24;León;07;Castilla y León;Palacio de Torío;24076000700;24076;42,71002666;-5,515003057;Coordinado_IGR Poblaciones;891;MDT
4240559;24;León;07;Castilla y León;Palacio de Valdellorma;24068000800;24068;42,77581207;-5,228734671;Coordinado_IGR Poblaciones;1013;MDT
4240560;24;León;07;Castilla y León;Palacios de Fontecha;24187000200;24187;42,41817374;-5,660388062;Coordinado_IGR Poblaciones;829;MDT
4240561;24;León;07;Castilla y León;Palacios de Jamuz;24125000200;24125;42,25091788;-6,076861674;Coordinado_IGR Poblaciones;832;MDT
4240562;24;León;07;Castilla y León;Palacios de Rueda;24063000400;24063;42,69317565;-5,156586231;Coordinado_IGR Poblaciones;903;MDT
4240563;24;León;07;Castilla y León;Palacios del Sil;24109000600;24109;42,8771975;-6,43492413;Mapa;871;MDT
4240564;24;León;07;Castilla y León;Palaciosmil;24123000700;24123;42,66489325;-6,062433153;Coordinado_IGR Poblaciones;1028;MDT
4240565;24;León;07;Castilla y León;Paladín;24184000200;24184;42,71956046;-5,919220881;Coordinado_IGR Poblaciones;975;MDT
4240566;24;León;07;Castilla y León;Palanquinos;24218000100;24218;42,45688513;-5,506157521;Coordinado_IGR Poblaciones;774;MDT
4240567;24;León;07;Castilla y León;Palazuelo de Boñar;24199000700;24199;42,83488288;-5,331626924;Coordinado_IGR Poblaciones;946;MDT
4240568;24;León;07;Castilla y León;Palazuelo de Eslonza;24225000100;24225;42,56499733;-5,394734933;Coordinado_IGR Poblaciones;829;MDT
4240569;24;León;07;Castilla y León;Palazuelo de Órbigo;24173000300;24173;42,5268188;-5,881288934;Coordinado_IGR Poblaciones;848;MDT
4240570;24;León;07;Castilla y León;Palazuelo de Torío;24076000800;24076;42,70636471;-5,531286885;Coordinado_IGR Poblaciones;891;MDT
4240571;24;León;07;Castilla y León;Pallide;24129000100;24129;42,95689505;-5,222607342;Coordinado_IGR Poblaciones;1145;MDT
4240572;24;León;07;Castilla y León;Parada de Soto;24171000200;24171;42,62855908;-6,88946913;Coordinado_IGR Poblaciones;709;MDT
4240573;24;León;07;Castilla y León;Paradaseca;24209000400;24209;42,68168865;-6,802351392;Coordinado_IGR Poblaciones;724;MDT
4240574;24;León;07;Castilla y León;Paradasolana;24100000600;24100;42,53856009;-6,45833929;Detección automática;771;MDT
4240575;24;León;07;Castilla y León;Paradela de Muces;24119000200;24119;42,4792217;-6,708746346;Coordinado_IGR Poblaciones;791;MDT
4240576;24;León;07;Castilla y León;Paradela del Río;24206010200;24206;42,53361745;-6,78427545;Coordinado_IGR Poblaciones;423;MDT
4240577;24;León;07;Castilla y León;Paradilla de Gordón;24114001100;24114;42,88351623;-5,736328175;Coordinado_IGR Poblaciones;1237;MDT
4240578;24;León;07;Castilla y León;Paradilla de la Sobarriba;24175000600;24175;42,57595051;-5,466501905;Coordinado_IGR Poblaciones;832;MDT
4240579;24;León;07;Castilla y León;Paradiña;24209000500;24209;42,67928837;-6,754858747;Detección automática;757;MDT
4240580;24;León;07;Castilla y León;Páramo del Sil;24110000400;24110;42,81972502;-6,488710318;Detección automática;872;MDT
4240581;24;León;07;Castilla y León;Pardamaza;24169000300;24169;42,7564014;-6,465586354;Coordinado_IGR Poblaciones;1076;MDT
4240582;24;León;07;Castilla y León;Pardavé;24098000400;24098;42,80688668;-5,505085862;Coordinado_IGR Poblaciones;955;MDT
4240583;24;León;07;Castilla y León;Pardesivil;24151000700;24151;42,79070037;-5,414880626;Coordinado_IGR Poblaciones;959;MDT
4240584;24;León;07;Castilla y León;Pedredo;24152000600;24152;42,44609863;-6,201658315;Coordinado_IGR Poblaciones;969;MDT
4240585;24;León;07;Castilla y León;Pedregal;24104000300;24104;42,67052878;-5,843962295;Coordinado_IGR Poblaciones;919;MDT
4240586;24;León;07;Castilla y León;Pedrosa;24037001000;24037;42,94958577;-5,529133611;Coordinado_IGR Poblaciones;1170;MDT
4240588;24;León;07;Castilla y León;Pedrún de Torío;24076000900;24076;42,78659882;-5,498101727;Coordinado_IGR Poblaciones;960;MDT
4240589;24;León;07;Castilla y León;Pendilla;24901001000;24901;43,02536656;-5,703395034;Coordinado_IGR Poblaciones;1323;MDT
4240590;24;León;07;Castilla y León;Penoselo;24196000500;24196;42,75841632;-6,754160209;Coordinado_IGR Poblaciones;923;MDT
4240591;24;León;07;Castilla y León;Peñalba de los Cilleros;24029000800;24029;42,93403881;-6,14825452;Detección automática;1312;MDT
4240592;24;León;07;Castilla y León;Peñalba de Santiago;24115001900;24115;42,42725076;-6,54064003;Detección automática;1101;MDT
4240593;24;León;07;Castilla y León;Peranzanes;24112000600;24112;42,87750323;-6,633631337;Detección automática;956;MDT
4240594;24;León;07;Castilla y León;Pereda;24036000500;24036;42,82453707;-6,743301962;Coordinado_IGR Poblaciones;927;MDT
4240595;24;León;07;Castilla y León;Peredilla;24114001200;24114;42,82548463;-5,641792949;Coordinado_IGR Poblaciones;975;MDT
4240596;24;León;07;Castilla y León;Pereje;24171000400;24171;42,62616833;-6,844082209;Coordinado_IGR Poblaciones;539;MDT
4240597;24;León;07;Castilla y León;Pesquera;24056000500;24056;42,73028401;-5,15623181;Coordinado_IGR Poblaciones;901;MDT
4240598;24;León;07;Castilla y León;Piedrafita;24037001100;24037;43,00922053;-5,594612459;Coordinado_IGR Poblaciones;1278;MDT
4240599;24;León;07;Castilla y León;Piedrafita de Babia;24029000900;24029;42,95187024;-6,192133762;Coordinado_IGR Poblaciones;1271;MDT
4240600;24;León;07;Castilla y León;Piedralba;24161000300;24161;42,4245278;-6,072715145;Coordinado_IGR Poblaciones;856;MDT
4240601;24;León;07;Castilla y León;Piedras Albas;24090000700;24090;42,41877262;-6,368425858;Coordinado_IGR Poblaciones;1281;MDT
4240602;24;León;07;Castilla y León;Piedrasecha;24040000500;24040;42,82424929;-5,77895298;Detección automática;1181;MDT
4240603;24;León;07;Castilla y León;Pieros;24030000300;24030;42,60599683;-6,748998216;Coordinado_IGR Poblaciones;527;MDT
4240604;24;León;07;Castilla y León;Pinilla de la Valdería;24047000400;24047;42,19328997;-6,086154928;Coordinado_IGR Poblaciones;853;MDT
4240605;24;León;07;Castilla y León;Pinos;24145000500;24145;42,98167935;-5,979633498;Coordinado_IGR Poblaciones;1245;MDT
4240606;24;León;07;Castilla y León;Piornedo;24037001200;24037;43,00305147;-5,584618751;Coordinado_IGR Poblaciones;1244;MDT
4240607;24;León;07;Castilla y León;Pobladura del Bernesga;24163000300;24163;42,65797635;-5,640088248;Coordinado_IGR Poblaciones;891;MDT
4240608;24;León;07;Castilla y León;Pobladura de Fontecha;24187000300;24187;42,43347271;-5,674617103;Coordinado_IGR Poblaciones;835;MDT
4240609;24;León;07;Castilla y León;Pobladura de Luna;24164000400;24164;42,91906672;-5,928872072;Coordinado_IGR Poblaciones;1151;MDT
4240610;24;León;07;Castilla y León;Pobladura de los Oteros;24107000400;24107;42,35323926;-5,473578601;Coordinado_IGR Poblaciones;792;MDT
4240611;24;León;07;Castilla y León;Pobladura de las Regueras;24083000600;24083;42,69723364;-6,230264522;Coordinado_IGR Poblaciones;903;MDT
4240612;24;León;07;Castilla y León;Pobladura de la Sierra;24090000800;24090;42,41954106;-6,44852286;Coordinado_IGR Poblaciones;1262;MDT
4240613;24;León;07;Castilla y León;Pobladura de Somoza;24209000600;24209;42,64895709;-6,77683819;Coordinado_IGR Poblaciones;934;MDT
4240614;24;León;07;Castilla y León;Pobladura de Yuso;24047000500;24047;42,19296865;-6,073450208;Coordinado_IGR Poblaciones;848;MDT
4240615;24;León;07;Castilla y León;La Pola de Gordón;24114001300;24114;42,85485566;-5,670264289;Detección automática;1003;MDT
4240616;24;León;07;Castilla y León;Poladura de la Tercia;24901001100;24901;42,94560313;-5,721375633;Coordinado_IGR Poblaciones;1229;MDT
4240617;24;León;07;Castilla y León;Polvoredo;24025000500;24025;43,05450098;-5,096719955;Coordinado_IGR Poblaciones;1202;MDT
4240618;24;León;07;Castilla y León;Pombriego;24016000400;24016;42,42360665;-6,703421132;Coordinado_IGR Poblaciones;465;MDT
4240619;24;León;07;Castilla y León;Ponjos;24184000300;24184;42,72533526;-6,03229032;Detección automática;1116;MDT
4240620;24;León;07;Castilla y León;Pontedo;24037001300;24037;42,97381431;-5,564554431;Coordinado_IGR Poblaciones;1178;MDT
4240621;24;León;07;Castilla y León;Porcarizas;24209000700;24209;42,7597632;-6,828557415;Coordinado_IGR Poblaciones;996;MDT
4240622;24;León;07;Castilla y León;Porqueros;24093000300;24093;42,59979864;-6,110212004;Coordinado_IGR Poblaciones;959;MDT
4240623;24;León;07;Castilla y León;Portela de Aguiar;24165000500;24165;42,50591616;-6,873783467;Coordinado_IGR Poblaciones;622;MDT
4240624;24;León;07;Castilla y León;La Portela de Valcarce;24198001400;24198;42,65994834;-6,920389274;Coordinado_IGR Poblaciones;599;MDT
4240625;24;León;07;Castilla y León;Portilla de Luna;24012000500;24012;42,83304863;-5,809665864;Coordinado_IGR Poblaciones;1181;MDT
4240626;24;León;07;Castilla y León;Portilla de la Reina;24020000600;24020;43,04165877;-4,851713665;Coordinado_IGR Poblaciones;1220;MDT
4240627;24;León;07;Castilla y León;Posada de Omaña;24101000700;24101;42,79790775;-6,185064935;Coordinado_IGR Poblaciones;1241;MDT
4240628;24;León;07;Castilla y León;Posada y Torre de la Valduerna;24216000300;24216;42,30856326;-6,020756318;Coordinado_IGR Poblaciones;830;MDT
4240629;24;León;07;Castilla y León;Posadilla de la Vega;24144000200;24144;42,40096066;-5,944059977;Coordinado_IGR Poblaciones;803;MDT
4240630;24;León;07;Castilla y León;Pozos;24172000700;24172;42,28013385;-6,32770687;Coordinado_IGR Poblaciones;1181;MDT
4240631;24;León;07;Castilla y León;Pozuelo del Páramo;24117000200;24117;42,17051342;-5,771701627;Detección automática;758;MDT
4240633;24;León;07;Castilla y León;Pradela;24171000500;24171;42,66103048;-6,864547195;Coordinado_IGR Poblaciones;932;MDT
4240634;24;León;07;Castilla y León;Pradilla;24169000400;24169;42,65851887;-6,532664482;Coordinado_IGR Poblaciones;789;MDT
4240635;24;León;07;Castilla y León;Prado de la Guzpeña;24118000300;24118;42,78360531;-5,02528446;Mapa;1046;MDT
4240636;24;León;07;Castilla y León;Prado de la Somoza;24209000800;24209;42,70272046;-6,752061038;Coordinado_IGR Poblaciones;715;MDT
4240637;24;León;07;Castilla y León;Pradorrey-Requejo;24023010000;24023;42,49498391;-6,12012041;Mapa;927;MDT
4240638;24;León;07;Castilla y León;Priaranza del Bierzo;24119000300;24119;42,50897362;-6,671928262;Detección automática;513;MDT
4240639;24;León;07;Castilla y León;Priaranza de la Valduerna;24091000200;24091;42,33268536;-6,199334621;Coordinado_IGR Poblaciones;960;MDT
4240640;24;León;07;Castilla y León;Primajas;24129000200;24129;42,92961184;-5,191615169;Coordinado_IGR Poblaciones;1204;MDT
4240641;24;León;07;Castilla y León;Prioro;24120000100;24120;42,89339609;-4,96212701;Mapa;1120;MDT
4240642;24;León;07;Castilla y León;Puebla de Lillo;24121010100;24121;43,00635166;-5,272851776;Detección automática;1135;MDT
4240643;24;León;07;Castilla y León;Puente de Alba;24134000600;24134;42,81988356;-5,629710232;Coordinado_IGR Poblaciones;963;MDT
4240644;24;León;07;Castilla y León;Puente Almuhey;24183001100;24183;42,78806177;-4,96945803;Investigación;1000;Mapa
4240645;24;León;07;Castilla y León;Puente de Domingo Flórez;24122000200;24122;42,41101039;-6,819911613;Detección automática;370;MDT
4240646;24;León;07;Castilla y León;Puente de Órbigo;24082000200;24082;42,46392415;-5,876924741;Coordinado_IGR Poblaciones;826;MDT
4240647;24;León;07;Castilla y León;Quilós;24030000400;24030;42,63075263;-6,722706284;Coordinado_IGR Poblaciones;506;MDT
4240648;24;León;07;Castilla y León;Quintana del Castillo;24123000800;24123;42,66085699;-6,046899632;Detección automática;1016;MDT
4240649;24;León;07;Castilla y León;Quintana y Congosto;24125000300;24125;42,25547668;-6,036436274;Detección automática;815;MDT
4240650;24;León;07;Castilla y León;Quintana de Fon;24214000400;24214;42,53043843;-6,035029207;Coordinado_IGR Poblaciones;895;MDT
4240651;24;León;07;Castilla y León;Quintana de Fuseros;24083000700;24083;42,70541382;-6,330219459;Coordinado_IGR Poblaciones;941;MDT
4240652;24;León;07;Castilla y León;Quintana del Monte;24180000300;24180;42,57753109;-5,139423073;Coordinado_IGR Poblaciones;973;MDT
4240653;24;León;07;Castilla y León;Quintana de la Peña;24056000600;24056;42,79105223;-5,076644928;Coordinado_IGR Poblaciones;1165;MDT
4240654;24;León;07;Castilla y León;Quintana-Raneros;24162000700;24162;42,55010984;-5,640625034;Detección automática;845;MDT
4240655;24;León;07;Castilla y León;Quintana de Rueda;24180000200;24180;42,57669366;-5,26270637;Detección automática;840;MDT
4240656;24;León;07;Castilla y León;Quintanilla;24167000800;24167;42,77831316;-5,846510062;Coordinado_IGR Poblaciones;1033;MDT
4240657;24;León;07;Castilla y León;Quintanilla de Almanza;24052000400;24052;42,75136307;-5,006161842;Coordinado_IGR Poblaciones;955;MDT
4240658;24;León;07;Castilla y León;Quintanilla de Babia;24029001000;24029;42,94099399;-6,176191982;Coordinado_IGR Poblaciones;1274;MDT
4240659;24;León;07;Castilla y León;Quintanilla de Combarros;24023000600;24023;42,52661974;-6,163771879;Coordinado_IGR Poblaciones;1041;MDT
4240660;24;León;07;Castilla y León;Quintanilla de Flórez;24125000400;24125;42,25477289;-6,102466043;Coordinado_IGR Poblaciones;853;MDT
4240661;24;León;07;Castilla y León;Quintanilla de Losada;24067000600;24067;42,27747304;-6,55620177;Coordinado_IGR Poblaciones;872;MDT
4240662;24;León;07;Castilla y León;Quintanilla del Monte;24015000400;24015;42,58114336;-5,927296898;Coordinado_IGR Poblaciones;902;MDT
4240663;24;León;07;Castilla y León;Quintanilla de los Oteros;24107000500;24107;42,31121885;-5,427939855;Coordinado_IGR Poblaciones;844;MDT
4240664;24;León;07;Castilla y León;Quintanilla de Rueda;24063000500;24063;42,68333485;-5,165520512;Coordinado_IGR Poblaciones;894;MDT
4240665;24;León;07;Castilla y León;Quintanilla de Sollamas;24092000200;24092;42,60634774;-5,822442279;Coordinado_IGR Poblaciones;880;MDT
4240666;24;León;07;Castilla y León;Quintanilla de Somoza;24091000300;24091;42,37396137;-6,257495906;Coordinado_IGR Poblaciones;1063;MDT
4240667;24;León;07;Castilla y León;Quintanilla del Valle;24015000500;24015;42,51071665;-5,93225818;Coordinado_IGR Poblaciones;880;MDT
4240668;24;León;07;Castilla y León;Quintanilla de Yuso;24172000800;24172;42,24141804;-6,377625186;Coordinado_IGR Poblaciones;1069;MDT
4240669;24;León;07;Castilla y León;Quintela de Barjas;24011001400;24011;42,60098133;-7,00481111;Detección automática;1083;MDT
4240670;24;León;07;Castilla y León;Rabanal de Abajo;24202000600;24202;42,9164591;-6,333534416;Coordinado_IGR Poblaciones;966;MDT
4240671;24;León;07;Castilla y León;Rabanal de Arriba;24202000700;24202;42,92158921;-6,32442486;Coordinado_IGR Poblaciones;1073;MDT
4240672;24;León;07;Castilla y León;Rabanal del Camino;24152000800;24152;42,48126264;-6,284709975;Coordinado_IGR Poblaciones;1146;MDT
4240673;24;León;07;Castilla y León;Rabanal de Fenar;24134000700;24134;42,80905975;-5,576412368;Coordinado_IGR Poblaciones;1049;MDT
4240674;24;León;07;Castilla y León;Rabanal de Luna;24164000500;24164;42,93280697;-5,970958613;Coordinado_IGR Poblaciones;1125;MDT
4240675;24;León;07;Castilla y León;Rabanal Viejo;24152000900;24152;42,49587674;-6,269593136;Coordinado_IGR Poblaciones;1163;MDT
4240676;24;León;07;Castilla y León;Ranedo de Curueño;24179000700;24179;42,86445788;-5,391324047;Coordinado_IGR Poblaciones;1062;MDT
4240677;24;León;07;Castilla y León;Ransinde;24198001500;24198;42,68901097;-6,96659408;Detección automática;772;MDT
4240678;24;León;07;Castilla y León;Rebollar de los Oteros;24058000300;24058;42,4117415;-5,450214157;Coordinado_IGR Poblaciones;793;MDT
4240679;24;León;07;Castilla y León;La Red de Valdetuéjar;24183001200;24183;42,87057138;-5,025281936;Coordinado_IGR Poblaciones;1255;MDT
4240680;24;León;07;Castilla y León;Redelga de la Valduerna;24216000400;24216;42,31333717;-5,964401153;Coordinado_IGR Poblaciones;797;MDT
4240681;24;León;07;Castilla y León;Redilluera;24177000600;24177;42,97113201;-5,461530917;Coordinado_IGR Poblaciones;1282;MDT
4240682;24;León;07;Castilla y León;Redipollos;24121000400;24121;43,0020755;-5,256165776;Coordinado_IGR Poblaciones;1145;MDT
4240683;24;León;07;Castilla y León;Regueras de Abajo;24127000100;24127;42,28697476;-5,859677441;Coordinado_IGR Poblaciones;765;MDT
4240684;24;León;07;Castilla y León;Regueras de Arriba;24127000200;24127;42,29214607;-5,860183041;Detección automática;766;MDT
4240685;24;León;07;Castilla y León;Reliegos;24160000300;24160;42,47382097;-5,355274465;Coordinado_IGR Poblaciones;819;MDT
4240686;24;León;07;Castilla y León;Remolina;24060000800;24060;42,9143024;-5,058816677;Coordinado_IGR Poblaciones;1110;MDT
4240687;24;León;07;Castilla y León;Renedo de Valderaduey;24229000400;24229;42,58834513;-4,946556449;Coordinado_IGR Poblaciones;968;MDT
4240688;24;León;07;Castilla y León;Renedo de Valdetuéjar;24183001300;24183;42,81348344;-4,999437562;Coordinado_IGR Poblaciones;1012;MDT
4240689;24;León;07;Castilla y León;Represa del Condado;24201000500;24201;42,64260105;-5,421814489;Coordinado_IGR Poblaciones;857;MDT
4240690;24;León;07;Castilla y León;Requejo;24165000600;24165;42,52124768;-6,804715898;Coordinado_IGR Poblaciones;427;MDT
4240691;24;León;07;Castilla y León;Requejo y Corús;24210000600;24210;42,63774458;-6,137005344;Coordinado_IGR Poblaciones;1042;MDT
4240692;24;León;07;Castilla y León;Requejo de la Vega;24166000500;24166;42,31115225;-5,886199328;Coordinado_IGR Poblaciones;771;MDT
4240693;24;León;07;Castilla y León;Retuerto;24025000600;24025;43,0690532;-5,032138284;Coordinado_IGR Poblaciones;1192;MDT
4240694;24;León;07;Castilla y León;Revilla;24214000500;24214;42,53929676;-6,037119551;Coordinado_IGR Poblaciones;893;MDT
4240695;24;León;07;Castilla y León;Reyero;24129000300;24129;42,94890222;-5,199134335;Detección automática;1149;MDT
4240696;24;León;07;Castilla y León;Riaño;24130000500;24130;42,97580055;-5,005864008;Detección automática;1138;MDT
4240697;24;León;07;Castilla y León;La Riba;24052000500;24052;42,71773667;-5,019641114;Coordinado_IGR Poblaciones;930;MDT
4240698;24;León;07;Castilla y León;Ribas de la Valduerna;24108000200;24108;42,30680724;-5,95346207;Coordinado_IGR Poblaciones;802;MDT
4240699;24;León;07;Castilla y León;Ribaseca;24162000300;24162;42,53673687;-5,601170242;Coordinado_IGR Poblaciones;826;MDT
4240700;24;León;07;Castilla y León;La Ribera de Folgoso;24071000300;24071;42,61653698;-6,34383413;Coordinado_IGR Poblaciones;714;MDT
4240701;24;León;07;Castilla y León;Ribera de la Polvorosa;24005000500;24005;42,18767571;-5,648893951;Coordinado_IGR Poblaciones;756;MDT
4240702;24;León;07;Castilla y León;Riego de Ambros;24100000700;24100;42,52225221;-6,479655531;Coordinado_IGR Poblaciones;923;MDT
4240703;24;León;07;Castilla y León;Riego del Monte;24218000200;24218;42,44227757;-5,470206523;Coordinado_IGR Poblaciones;782;MDT
4240704;24;León;07;Castilla y León;Riego de la Vega;24131000200;24131;42,38920011;-5,982388085;Detección automática;810;MDT
4240705;24;León;07;Castilla y León;Riello;24132002300;24132;42,77332586;-5,945984968;Detección automática;1042;MDT
4240706;24;León;07;Castilla y León;La Riera;24029001100;24029;42,9665276;-6,126576731;Coordinado_IGR Poblaciones;1316;MDT
4240707;24;León;07;Castilla y León;Rimor;24115002200;24115;42,50567328;-6,649150081;Coordinado_IGR Poblaciones;572;MDT
4240708;24;León;07;Castilla y León;Riocastrillo de Ordás;24158000400;24158;42,74360662;-5,855439174;Coordinado_IGR Poblaciones;1016;MDT
4240709;24;León;07;Castilla y León;Riofrío;24123000900;24123;42,61166322;-5,934090764;Coordinado_IGR Poblaciones;941;MDT
4240710;24;León;07;Castilla y León;Riolago de Babia;24145000600;24145;42,94727968;-6,073590579;Coordinado_IGR Poblaciones;1246;MDT
4240711;24;León;07;Castilla y León;Rioscuro;24202000800;24202;42,93253839;-6,28819706;Coordinado_IGR Poblaciones;1010;MDT
4240712;24;León;07;Castilla y León;Rioseco de Tapia;24133000200;24133;42,729572;-5,792285806;Detección automática;949;MDT
4240713;24;León;07;Castilla y León;Riosequillo;24139000500;24139;42,3923169;-4,952732861;Coordinado_IGR Poblaciones;861;MDT
4240714;24;León;07;Castilla y León;Riosequino de Torío;24076001000;24076;42,7037207;-5,568185678;Coordinado_IGR Poblaciones;926;MDT
4240715;24;León;07;Castilla y León;La Robla;24134000800;24134;42,80302001;-5,628557207;Detección automática;953;MDT
4240716;24;León;07;Castilla y León;Robledino;24066000200;24066;42,33194708;-6,045663216;Coordinado_IGR Poblaciones;842;MDT
4240717;24;León;07;Castilla y León;Robledo de Babia;24145000700;24145;42,97315175;-6,074880849;Coordinado_IGR Poblaciones;1304;MDT
4240718;24;León;07;Castilla y León;Robledo de Caldas;24164000600;24164;42,93787715;-5,914216733;Coordinado_IGR Poblaciones;1193;MDT
4240719;24;León;07;Castilla y León;Robledo de Fenar;24098000500;24098;42,82928831;-5,538254937;Coordinado_IGR Poblaciones;1030;MDT
4240720;24;León;07;Castilla y León;Robledo de Guzpeña;24118000400;24118;42,79805646;-5,026585652;Coordinado_IGR Poblaciones;1115;MDT
4240721;24;León;07;Castilla y León;Robledo de Losada;24067000700;24067;42,28269349;-6,542751947;Coordinado_IGR Poblaciones;852;MDT
4240722;24;León;07;Castilla y León;Robledo de Omaña;24132002400;24132;42,81150683;-5,992762587;Coordinado_IGR Poblaciones;1253;MDT
4240723;24;León;07;Castilla y León;Robledo de Sobrecastro;24122000300;24122;42,41736452;-6,73378312;Detección automática;732;MDT
4240724;24;León;07;Castilla y León;Robledo de Torío;24222000400;24222;42,6494476;-5,529843862;Coordinado_IGR Poblaciones;851;MDT
4240725;24;León;07;Castilla y León;Robledo de las Traviesas;24102000300;24102;42,71356498;-6,432027048;Coordinado_IGR Poblaciones;960;MDT
4240726;24;León;07;Castilla y León;Robledo de la Valdoncina;24189000500;24189;42,54994491;-5,703671942;Coordinado_IGR Poblaciones;898;MDT
4240727;24;León;07;Castilla y León;Robledo de la Valduerna;24066000300;24066;42,32702706;-6,057593191;Coordinado_IGR Poblaciones;851;MDT
4240728;24;León;07;Castilla y León;Robles de Laciana;24202000900;24202;42,94075953;-6,27626465;Detección automática;1142;MDT
4240729;24;León;07;Castilla y León;Robles de la Valcueva;24098010200;24098;42,83970667;-5,50575283;Investigación;1022;MDT
4240730;24;León;07;Castilla y León;Rodanillo;24014000500;24014;42,64376422;-6,444247075;Coordinado_IGR Poblaciones;708;MDT
4240731;24;León;07;Castilla y León;Roderos;24227000600;24227;42,49587832;-5,487883315;Coordinado_IGR Poblaciones;782;MDT
4240732;24;León;07;Castilla y León;Rodicol;24101000800;24101;42,84527552;-6,116664175;Coordinado_IGR Poblaciones;1197;MDT
4240733;24;León;07;Castilla y León;Rodiezmo;24901001200;24901;42,9394969;-5,684048768;Coordinado_IGR Poblaciones;1160;MDT
4240734;24;León;07;Castilla y León;Rodrigatos de la Obispalía;24023000800;24023;42,54978995;-6,183341705;Coordinado_IGR Poblaciones;1067;MDT
4240735;24;León;07;Castilla y León;Rodrigatos de las Regueras;24083000800;24083;42,70561436;-6,242417054;Coordinado_IGR Poblaciones;1050;MDT
4240736;24;León;07;Castilla y León;Roperuelos del Páramo;24136000200;24136;42,23766505;-5,781050959;Detección automática;772;MDT
4240737;24;León;07;Castilla y León;Rosales;24132002500;24132;42,76900625;-6,0357039;Detección automática;1328;MDT
4240738;24;León;07;Castilla y León;Rozuelo;24071000400;24071;42,65010253;-6,343708038;Coordinado_IGR Poblaciones;829;MDT
4240739;24;León;07;Castilla y León;Rucayo;24021001500;24021;42,96734559;-5,32051665;Coordinado_IGR Poblaciones;1122;MDT
4240740;24;León;07;Castilla y León;Rueda del Almirante;24079000900;24079;42,5869113;-5,287754366;Coordinado_IGR Poblaciones;897;MDT
4240741;24;León;07;Castilla y León;Ruiforco de Torío;24076001100;24076;42,73468318;-5,511401612;Coordinado_IGR Poblaciones;907;MDT
4240742;24;León;07;Castilla y León;Ruitelán;24198001600;24198;42,67292177;-6,966860504;Coordinado_IGR Poblaciones;652;MDT
4240743;24;León;07;Castilla y León;Sabero;24137000300;24137;42,83739853;-5,152701549;Detección automática;981;MDT
4240744;24;León;07;Castilla y León;Sabugo;24101000900;24101;42,82806931;-6,11302372;Coordinado_IGR Poblaciones;1176;MDT
4240745;24;León;07;Castilla y León;Saceda;24043000600;24043;42,32614911;-6,507066493;Coordinado_IGR Poblaciones;1018;MDT
4240746;24;León;07;Castilla y León;Saelices del Payuelo;24180000400;24180;42,53367904;-5,279674586;Coordinado_IGR Poblaciones;883;MDT
4240747;24;León;07;Castilla y León;Sahelices del Río;24051000300;24051;42,5013016;-5,0139275;Coordinado_IGR Poblaciones;841;MDT
4240748;24;León;07;Castilla y León;Sahelices de Sabero;24137000400;24137;42,8349958;-5,16461246;Detección automática;1025;MDT
4240749;24;León;07;Castilla y León;Sagüera de Luna;24012000600;24012;42,84236115;-5,824511852;Coordinado_IGR Poblaciones;1265;MDT
4240750;24;León;07;Castilla y León;Sahechores;24063000600;24063;42,62752891;-5,205400988;Coordinado_IGR Poblaciones;870;MDT
4240751;24;León;07;Castilla y León;Salamón;24060000900;24060;42,94597704;-5,13174995;Detección automática;1066;MDT
4240752;24;León;07;Castilla y León;Las Salas;24060001000;24060;42,93559844;-5,104451124;Coordinado_IGR Poblaciones;1016;MDT
4240753;24;León;07;Castilla y León;Salas de la Ribera;24122000400;24122;42,43552198;-6,815885735;Coordinado_IGR Poblaciones;389;MDT
4240754;24;León;07;Castilla y León;Salce;24132002600;24132;42,84443565;-6,019762803;Coordinado_IGR Poblaciones;1208;MDT
4240755;24;León;07;Castilla y León;Salentinos;24110000800;24110;42,81406837;-6,376659773;Coordinado_IGR Poblaciones;1182;MDT
4240756;24;León;07;Castilla y León;Salientes;24109000800;24109;42,84934123;-6,313772438;Coordinado_IGR Poblaciones;1232;MDT
4240758;24;León;07;Castilla y León;Saludes de Castroponce;24117000300;24117;42,15592271;-5,745266936;Coordinado_IGR Poblaciones;754;MDT
4240759;24;León;07;Castilla y León;Samprón;24198001700;24198;42,67831353;-6,961280813;Coordinado_IGR Poblaciones;875;MDT
4240761;24;León;07;Castilla y León;San Andrés de Montejos;24115002500;24115;42,58713436;-6,599832601;Coordinado_IGR Poblaciones;534;MDT
4240762;24;León;07;Castilla y León;San Andrés de las Puentes;24170000600;24170;42,57242736;-6,376850448;Coordinado_IGR Poblaciones;785;MDT
4240763;24;León;07;Castilla y León;San Andrés del Rabanedo;24142000500;24142;42,60715197;-5,604904605;Detección automática;833;MDT
4240764;24;León;07;Castilla y León;San Bartolomé de Rueda;24079001000;24079;42,72961799;-5,219464336;Coordinado_IGR Poblaciones;958;MDT
4240765;24;León;07;Castilla y León;San Cibrián de Ardón;24006000500;24006;42,4597409;-5,601082315;Coordinado_IGR Poblaciones;808;MDT
4240766;24;León;07;Castilla y León;San Cibrián de la Somoza;24121000500;24121;42,98015681;-5,249703596;Coordinado_IGR Poblaciones;1118;MDT
4240767;24;León;07;Castilla y León;San Cipriano del Condado;24201000600;24201;42,64253345;-5,380418717;Coordinado_IGR Poblaciones;839;MDT
4240768;24;León;07;Castilla y León;San Cipriano de Rueda;24063000700;24063;42,63893036;-5,188158202;Coordinado_IGR Poblaciones;881;MDT
4240769;24;León;07;Castilla y León;San Clemente de Valdueza;24115002600;24115;42,47424149;-6,553925371;Coordinado_IGR Poblaciones;674;MDT
4240770;24;León;07;Castilla y León;San Cristóbal de la Polantera;24144000300;24144;42,39088527;-5,906721291;Detección automática;797;MDT
4240771;24;León;07;Castilla y León;San Cristóbal de Valdueza;24115002700;24115;42,46331087;-6,520876412;Coordinado_IGR Poblaciones;1132;MDT
4240772;24;León;07;Castilla y León;San Emiliano;24145000800;24145;42,97134552;-6,000647312;Detección automática;1177;MDT
4240773;24;León;07;Castilla y León;San Esteban del Toral;24014000600;24014;42,64318585;-6,407759297;Coordinado_IGR Poblaciones;702;MDT
4240774;24;León;07;Castilla y León;San Esteban de Valdueza;24115002800;24115;42,50445777;-6,580697336;Coordinado_IGR Poblaciones;591;MDT
4240775;24;León;07;Castilla y León;San Facundo;24170000700;24170;42,56155818;-6,369883015;Coordinado_IGR Poblaciones;756;MDT
4240776;24;León;07;Castilla y León;San Félix de Arce;24029001200;24029;42,95743672;-6,12996318;Coordinado_IGR Poblaciones;1247;MDT
4240777;24;León;07;Castilla y León;San Feliz de las Lavanderas;24123001000;24123;42,68588643;-5,9764392;Coordinado_IGR Poblaciones;1181;MDT
4240778;24;León;07;Castilla y León;San Feliz de Órbigo;24224000200;24224;42,47651313;-5,897178832;Coordinado_IGR Poblaciones;825;MDT
4240779;24;León;07;Castilla y León;San Félix de la Valdería;24046000400;24046;42,19475717;-6,018145618;Coordinado_IGR Poblaciones;825;MDT
4240780;24;León;07;Castilla y León;San Félix de la Vega;24131000300;24131;42,39758747;-5,950748421;Coordinado_IGR Poblaciones;802;MDT
4240781;24;León;07;Castilla y León;San Feliz de Torío;24076001200;24076;42,68348844;-5,535068255;Coordinado_IGR Poblaciones;875;MDT
4240782;24;León;07;Castilla y León;San Fiz do Seo;24171000600;24171;42,6397034;-6,918367565;Detección automática;677;MDT
4240783;24;León;07;Castilla y León;San Juan de la Mata;24007000600;24007;42,64516923;-6,665542085;Coordinado_IGR Poblaciones;580;MDT
4240784;24;León;07;Castilla y León;San Juan de Paluezas;24022000400;24022;42,50566453;-6,725295186;Coordinado_IGR Poblaciones;559;MDT
4240785;24;León;07;Castilla y León;San Juan de Torres;24053000200;24053;42,24578183;-5,839042683;Coordinado_IGR Poblaciones;755;MDT
4240786;24;León;07;Castilla y León;San Julián;24198001800;24198;42,66145803;-6,989856682;Coordinado_IGR Poblaciones;882;MDT
4240787;24;León;07;Castilla y León;San Justo de Cabanillas;24102000400;24102;42,69305692;-6,364602116;Coordinado_IGR Poblaciones;836;MDT
4240788;24;León;07;Castilla y León;San Justo de los Oteros;24058000400;24058;42,4032672;-5,466237687;Coordinado_IGR Poblaciones;790;MDT
4240789;24;León;07;Castilla y León;San Justo de las Regueras;24227000700;24227;42,50239032;-5,487278573;Coordinado_IGR Poblaciones;783;MDT
4240790;24;León;07;Castilla y León;San Justo de la Vega;24148000300;24148;42,45444413;-6,015517428;Detección automática;849;MDT
4240791;24;León;07;Castilla y León;San Lorenzo;24115002900;24115;42,52226139;-6,591544328;Coordinado_IGR Poblaciones;557;MDT
4240792;24;León;07;Castilla y León;San Mamés de la Vega;24010000200;24010;42,31229624;-5,913983066;Coordinado_IGR Poblaciones;778;MDT
4240793;24;León;07;Castilla y León;San Martín del Agostedo;24152001000;24152;42,4379029;-6,174346265;Coordinado_IGR Poblaciones;924;MDT
4240794;24;León;07;Castilla y León;San Martín del Camino;24159000100;24159;42,49513817;-5,808343195;Coordinado_IGR Poblaciones;866;MDT
4240795;24;León;07;Castilla y León;San Martín de la Cueza;24139000700;24139;42,40335659;-4,922677764;Coordinado_IGR Poblaciones;903;MDT
4240796;24;León;07;Castilla y León;San Martín de la Falamosa;24104000400;24104;42,69469761;-5,879912496;Coordinado_IGR Poblaciones;953;MDT
4240797;24;León;07;Castilla y León;San Martín de Moreda;24196000600;24196;42,73109546;-6,714009344;Coordinado_IGR Poblaciones;627;MDT
4240798;24;León;07;Castilla y León;San Martín de la Tercia;24901001300;24901;42,9451126;-5,712700206;Coordinado_IGR Poblaciones;1206;MDT
4240799;24;León;07;Castilla y León;San Martín de Torres;24053000300;24053;42,27188081;-5,852143387;Coordinado_IGR Poblaciones;774;MDT
4240800;24;León;07;Castilla y León;San Martín de Valdetuéjar;24183001400;24183;42,80871883;-4,993219665;Coordinado_IGR Poblaciones;998;MDT
4240801;24;León;07;Castilla y León;San Miguel de Arganza;24007000700;24007;42,65008012;-6,687358275;Coordinado_IGR Poblaciones;656;MDT
4240802;24;León;07;Castilla y León;San Miguel del Camino;24189000600;24189;42,5619548;-5,697315868;Coordinado_IGR Poblaciones;895;MDT
4240803;24;León;07;Castilla y León;San Miguel de las Dueñas;24057000400;24057;42,58509669;-6,523786515;Coordinado_IGR Poblaciones;568;MDT
4240804;24;León;07;Castilla y León;San Miguel de Escalada;24079001100;24079;42,5617947;-5,312121453;Coordinado_IGR Poblaciones;826;MDT
4240805;24;León;07;Castilla y León;San Miguel de Langre;24019000300;24019;42,73789545;-6,580027608;Coordinado_IGR Poblaciones;894;MDT
4240806;24;León;07;Castilla y León;San Miguel de Montañán;24086000200;24086;42,30248254;-5,188697105;Coordinado_IGR Poblaciones;794;MDT
4240807;24;León;07;Castilla y León;San Pedro Bercianos;24150000200;24150;42,3899375;-5,709891811;Detección automática;821;MDT
4240808;24;León;07;Castilla y León;San Pedro Castañero;24049000400;24049;42,5873718;-6,411566239;Coordinado_IGR Poblaciones;801;MDT
4240809;24;León;07;Castilla y León;San Pedro de las Dueñas;24087000200;24087;42,30447653;-5,756733255;Coordinado_IGR Poblaciones;787;MDT
4240810;24;León;07;Castilla y León;San Pedro de las Dueñas;24139000800;24139;42,3316078;-5,050103861;Coordinado_IGR Poblaciones;790;MDT
4240811;24;León;07;Castilla y León;San Pedro de Foncollada;24068000900;24068;42,79726243;-5,187037161;Coordinado_IGR Poblaciones;1070;MDT
4240812;24;León;07;Castilla y León;San Pedro Mallo;24169010200;24169;42,7493963;-6,515709779;Coordinado_IGR Poblaciones;1010;MDT
4240813;24;León;07;Castilla y León;San Pedro de Olleros;24196000700;24196;42,69766737;-6,719545563;Coordinado_IGR Poblaciones;743;MDT
4240814;24;León;07;Castilla y León;San Pedro de los Oteros;24097000300;24097;42,35213538;-5,394368849;Coordinado_IGR Poblaciones;833;MDT
4240815;24;León;07;Castilla y León;San Pedro de Paradela;24070000600;24070;42,81280618;-6,618062051;Coordinado_IGR Poblaciones;790;MDT
4240816;24;León;07;Castilla y León;San Pedro de Pegas;24026000800;24026;42,45108454;-5,874250985;Coordinado_IGR Poblaciones;822;MDT
4240817;24;León;07;Castilla y León;San Pedro de Trones;24122000500;24122;42,39927302;-6,800911573;Coordinado_IGR Poblaciones;714;MDT
4240818;24;León;07;Castilla y León;San Pedro de Valderaduey;24051000400;24051;42,46505164;-4,973071601;Coordinado_IGR Poblaciones;866;MDT
4240819;24;León;07;Castilla y León;San Pelayo;24228000400;24228;42,40946333;-5,86957967;Coordinado_IGR Poblaciones;810;MDT
4240820;24;León;07;Castilla y León;San Román de Bembibre;24014000700;24014;42,62352081;-6,43501873;Coordinado_IGR Poblaciones;628;MDT
4240821;24;León;07;Castilla y León;San Román de los Caballeros;24092000300;24092;42,64762031;-5,840110915;Coordinado_IGR Poblaciones;909;MDT
4240822;24;León;07;Castilla y León;San Román de los Oteros;24081000200;24081;42,39414242;-5,390724634;Coordinado_IGR Poblaciones;808;MDT
4240823;24;León;07;Castilla y León;San Román de la Vega;24148000400;24148;42,4748517;-6,027035176;Coordinado_IGR Poblaciones;857;MDT
4240824;24;León;07;Castilla y León;San Tirso y Lamas;24198050000;24198;42,68247088;-6,99402605;Mapa;822;MDT
4240825;24;León;07;Castilla y León;San Vicente;24007000800;24007;42,68790942;-6,689727993;Coordinado_IGR Poblaciones;561;MDT
4240826;24;León;07;Castilla y León;San Vicente del Condado;24201000700;24201;42,64185915;-5,369749515;Coordinado_IGR Poblaciones;841;MDT
4240827;24;León;07;Castilla y León;Sancedo;24143000300;24143;42,66788785;-6,634678051;Detección automática;680;MDT
4240828;24;León;07;Castilla y León;Sanfelismo;24175000700;24175;42,56669881;-5,479389689;Coordinado_IGR Poblaciones;833;MDT
4240829;24;León;07;Castilla y León;Santa Catalina de Somoza;24008000400;24008;42,45539512;-6,160145705;Coordinado_IGR Poblaciones;982;MDT
4240830;24;León;07;Castilla y León;Santa Colomba de las Arrimadas;24068001000;24068;42,8155268;-5,306199157;Coordinado_IGR Poblaciones;1022;MDT
4240831;24;León;07;Castilla y León;Santa Colomba de Curueño;24151000800;24151;42,75059546;-5,412728243;Detección automática;926;MDT
4240832;24;León;07;Castilla y León;Santa Colomba de Somoza;24152001100;24152;42,44426989;-6,242101319;Detección automática;992;MDT
4240833;24;León;07;Castilla y León;Santa Colomba de la Vega;24166000600;24166;42,3205096;-5,904998822;Coordinado_IGR Poblaciones;773;MDT
4240835;24;León;07;Castilla y León;Santa Cristina de Valmadrigal;24153000200;24153;42,35602555;-5,309786421;Detección automática;806;MDT
4240836;24;León;07;Castilla y León;Santa Cruz de Montes;24170000800;24170;42,58189439;-6,312918776;Coordinado_IGR Poblaciones;846;MDT
4240837;24;León;07;Castilla y León;Santa Cruz del Sil;24110000500;24110;42,78099891;-6,513938733;Coordinado_IGR Poblaciones;924;MDT
4240839;24;León;07;Castilla y León;Santa Eulalia de Cabrera;24067000800;24067;42,25222149;-6,586609196;Coordinado_IGR Poblaciones;1011;MDT
4240840;24;León;07;Castilla y León;Santa Lucía;24114001400;24114;42,8745781;-5,637489774;Coordinado_IGR Poblaciones;1044;MDT
4240842;24;León;07;Castilla y León;Santa María de la Isla;24155000100;24155;42,35718949;-5,928624126;Detección automática;789;MDT
4240843;24;León;07;Castilla y León;Santa María del Monte de Cea;24156000300;24156;42,49131701;-5,11695409;Detección automática;885;MDT
4240844;24;León;07;Castilla y León;Santa María del Monte Condado;24201000800;24201;42,69240091;-5,42449214;Coordinado_IGR Poblaciones;935;MDT
4240845;24;León;07;Castilla y León;Santa María de Ordás;24158000500;24158;42,72623555;-5,823981043;Detección automática;946;MDT
4240846;24;León;07;Castilla y León;Santa María de los Oteros;24097000400;24097;42,35049424;-5,382910607;Coordinado_IGR Poblaciones;852;MDT
4240847;24;León;07;Castilla y León;Santa María del Río;24226000300;24226;42,52842282;-5,047332521;Coordinado_IGR Poblaciones;851;MDT
4240848;24;León;07;Castilla y León;Santa Marina del Rey;24159000200;24159;42,51395282;-5,860824338;Detección automática;844;MDT
4240849;24;León;07;Castilla y León;Santa Marina del Sil;24169000700;24169;42,66415432;-6,504058239;Coordinado_IGR Poblaciones;644;MDT
4240850;24;León;07;Castilla y León;Santa Marina de Somoza;24152001200;24152;42,46353843;-6,269651676;Coordinado_IGR Poblaciones;1072;MDT
4240851;24;León;07;Castilla y León;Santa Marina de Torre;24170000900;24170;42,58572981;-6,336224443;Coordinado_IGR Poblaciones;846;MDT
4240852;24;León;07;Castilla y León;Santa Marina de Valdeón;24116000700;24116;43,13365263;-4,886670885;Coordinado_IGR Poblaciones;1160;MDT
4240853;24;León;07;Castilla y León;Santa Marinica del Páramo;24228000500;24228;42,37066163;-5,850566788;Coordinado_IGR Poblaciones;799;MDT
4240854;24;León;07;Castilla y León;Santa Olaja de la Acción;24052000600;24052;42,75388644;-5,044618969;Coordinado_IGR Poblaciones;977;MDT
4240855;24;León;07;Castilla y León;Santa Olaja de Eslonza;24079001200;24079;42,57959193;-5,353743499;Coordinado_IGR Poblaciones;877;MDT
4240856;24;León;07;Castilla y León;Santa Olaja de Porma;24175000800;24175;42,59934788;-5,415040966;Coordinado_IGR Poblaciones;826;MDT
4240857;24;León;07;Castilla y León;Santa Olaja de la Ribera;24227000800;24227;42,55849882;-5,554180793;Coordinado_IGR Poblaciones;809;MDT
4240858;24;León;07;Castilla y León;Santa Olaja de la Varga;24056000700;24056;42,83689025;-5,117735224;Coordinado_IGR Poblaciones;972;MDT
4240859;24;León;07;Castilla y León;Santalavilla;24016000500;24016;42,41770815;-6,660934169;Coordinado_IGR Poblaciones;602;MDT
4240860;24;León;07;Castilla y León;Santalla del Bierzo;24119000400;24119;42,50385489;-6,689672611;Coordinado_IGR Poblaciones;547;MDT
4240861;24;León;07;Castilla y León;Santas Martas;24160000400;24160;42,43095095;-5,369340511;Detección automática;836;MDT
4240862;24;León;07;Castilla y León;Santiago Millas;24161000400;24161;42,38290475;-6,105461497;Detección automática;931;MDT
4240863;24;León;07;Castilla y León;Santiago del Molinillo;24104000500;24104;42,66675859;-5,832100501;Coordinado_IGR Poblaciones;910;MDT
4240864;24;León;07;Castilla y León;Santiago de la Valduerna;24010000300;24010;42,30687793;-5,923473217;Coordinado_IGR Poblaciones;780;MDT
4240865;24;León;07;Castilla y León;Santiago de las Villas;24040000600;24040;42,80116198;-5,736866865;Coordinado_IGR Poblaciones;1088;MDT
4240866;24;León;07;Castilla y León;Santibáñez de Arienza;24132020200;24132;42,79775536;-6,027352575;Coordinado_IGR Poblaciones;1083;MDT
4240867;24;León;07;Castilla y León;Santibáñez de la Isla;24155000200;24155;42,37401986;-5,935062413;Coordinado_IGR Poblaciones;794;MDT
4240868;24;León;07;Castilla y León;Santibáñez de la Lomba;24132002800;24132;42,76199041;-5,99797179;Detección automática;1160;MDT
4240870;24;León;07;Castilla y León;Santibáñez de Ordás;24158000600;24158;42,72774751;-5,812751392;Coordinado_IGR Poblaciones;938;MDT
4240871;24;León;07;Castilla y León;Santibáñez de Porma;24175000900;24175;42,58529785;-5,428153152;Coordinado_IGR Poblaciones;821;MDT
4240872;24;León;07;Castilla y León;Santibáñez de Rueda;24056000800;24056;42,71897815;-5,17093726;Coordinado_IGR Poblaciones;905;MDT
4240873;24;León;07;Castilla y León;Santibáñez del Toral;24014000800;24014;42,63294325;-6,395738941;Coordinado_IGR Poblaciones;698;MDT
4240874;24;León;07;Castilla y León;Santibáñez de Valdeiglesias;24224000300;24224;42,45741255;-5,930149492;Coordinado_IGR Poblaciones;845;MDT
4240875;24;León;07;Castilla y León;Santo Tomás de las Ollas;24115003000;24115;42,55477549;-6,578824053;Coordinado_IGR Poblaciones;598;MDT
4240876;24;León;07;Castilla y León;Santovenia de San Marcos;24167000900;24167;42,75253911;-5,883691751;Coordinado_IGR Poblaciones;1134;MDT
4240877;24;León;07;Castilla y León;Santovenia del Monte;24175001000;24175;42,65722759;-5,4795629;Coordinado_IGR Poblaciones;934;MDT
4240878;24;León;07;Castilla y León;Santovenia de la Valdoncina;24162000400;24162;42,54265228;-5,624768049;Detección automática;833;MDT
4240879;24;León;07;Castilla y León;Sardonedo;24159000300;24159;42,53498295;-5,845493885;Coordinado_IGR Poblaciones;853;MDT
4240880;24;León;07;Castilla y León;Sariegos del Bernesga;24163000400;24163;42,64906194;-5,626792472;Detección automática;856;MDT
4240881;24;León;07;Castilla y León;La Seca de Alba;24061000600;24061;42,74793112;-5,635650547;Coordinado_IGR Poblaciones;912;MDT
4240882;24;León;07;Castilla y León;Secarejo;24055000400;24055;42,65013658;-5,814090407;Coordinado_IGR Poblaciones;900;MDT
4240883;24;León;07;Castilla y León;Secos del Condado;24201000900;24201;42,60782137;-5,402102072;Coordinado_IGR Poblaciones;824;MDT
4240884;24;León;07;Castilla y León;Seisón de la Vega;24144000800,24144000500;24144;42,38720188;-5,878855596;Centroide calculado a partir de las coordenadas de las poblaciones que componen el EATIM;793;Altitud media de las poblaciones que componen el EATIM
4240885;24;León;07;Castilla y León;Selga de Ordás;24158000700;24158;42,75465502;-5,791653213;Coordinado_IGR Poblaciones;981;MDT
4240886;24;León;07;Castilla y León;Sena de Luna;24164000700;24164;42,92974024;-5,95316352;Investigación;1139;Investigación
4240887;24;León;07;Castilla y León;Senra de Omaña;24101001000;24101;42,84998813;-6,168576238;Coordinado_IGR Poblaciones;1232;MDT
4240888;24;León;07;Castilla y León;La Serna;24068001100;24068;42,80102506;-5,208300936;Coordinado_IGR Poblaciones;1073;MDT
4240889;24;León;07;Castilla y León;Serrilla;24098000700;24098;42,87120856;-5,527128899;Coordinado_IGR Poblaciones;1060;MDT
4240890;24;León;07;Castilla y León;Sésamo;24196000800;24196;42,7396518;-6,656274331;Coordinado_IGR Poblaciones;621;MDT
4240891;24;León;07;Castilla y León;Siero de la Reina;24020000700;24020;42,93594395;-4,894846672;Coordinado_IGR Poblaciones;1171;MDT
4240892;24;León;07;Castilla y León;Sigüeya;24016000600;24016;42,37074691;-6,663196369;Coordinado_IGR Poblaciones;963;MDT
4240893;24;León;07;Castilla y León;La Silva;24210000700;24210;42,60238046;-6,26444286;Coordinado_IGR Poblaciones;879;MDT
4240894;24;León;07;Castilla y León;Silván;24016000700;24016;42,3393352;-6,670608567;Coordinado_IGR Poblaciones;1011;MDT
4240895;24;León;07;Castilla y León;Sobrado;24165000700;24165;42,52085538;-6,850970549;Coordinado_IGR Poblaciones;426;En estudio
4240896;24;León;07;Castilla y León;Sobredo;24165000800;24165;42,54145788;-6,905385581;Coordinado_IGR Poblaciones;746;MDT
4240897;24;León;07;Castilla y León;Sobrepeña;24068001200;24068;42,81638458;-5,235219519;Coordinado_IGR Poblaciones;1158;MDT
4240898;24;León;07;Castilla y León;Socil;24132002900;24132;42,79625472;-5,961698467;Coordinado_IGR Poblaciones;1148;MDT
4240899;24;León;07;Castilla y León;Soguillo del Páramo;24087000400;24087;42,30830257;-5,743695721;Coordinado_IGR Poblaciones;790;MDT
4240900;24;León;07;Castilla y León;Solana de Fenar;24134000900;24134;42,82641963;-5,546835067;Coordinado_IGR Poblaciones;1040;MDT
4240901;24;León;07;Castilla y León;Solanilla;24175001100;24175;42,62362178;-5,445528363;Coordinado_IGR Poblaciones;871;MDT
4240902;24;León;07;Castilla y León;Solle;24121000700;24121;42,98253151;-5,233870862;Coordinado_IGR Poblaciones;1164;MDT
4240903;24;León;07;Castilla y León;Sopeña-Carneros;24219000500;24219;42,48714162;-6,04706156;Coordinado_IGR Poblaciones;857;MDT
4240904;24;León;07;Castilla y León;Sopeña de Curueño;24193000300;24193;42,80963427;-5,405299122;Coordinado_IGR Poblaciones;968;MDT
4240905;24;León;07;Castilla y León;Sorbeda del Sil;24110000600;24110;42,80833493;-6,550656887;Coordinado_IGR Poblaciones;927;MDT
4240906;24;León;07;Castilla y León;Sorbeira;24036000600;24036;42,81041767;-6,715054202;Coordinado_IGR Poblaciones;914;MDT
4240907;24;León;07;Castilla y León;Sorriba del Esla;24056000900;24056;42,78730252;-5,126294416;Coordinado_IGR Poblaciones;932;MDT
4240908;24;León;07;Castilla y León;Sorribas;24206020200;24206;42,58508611;-6,741617422;Coordinado_IGR Poblaciones;466;MDT
4240909;24;León;07;Castilla y León;Sorribos de Alba;24134001000;24134;42,80077721;-5,664201059;Coordinado_IGR Poblaciones;1023;MDT
4240910;24;León;07;Castilla y León;Sosas del Cumbral;24132003000;24132;42,83241446;-6,082478822;Coordinado_IGR Poblaciones;1228;MDT
4240911;24;León;07;Castilla y León;Sosas de Laciana;24202001000;24202;42,9495417;-6,299879894;Coordinado_IGR Poblaciones;1077;MDT
4240912;24;León;07;Castilla y León;La Sota de Valderrueda;24183001500;24183;42,82468062;-4,95200023;Detección automática;1012;MDT
4240913;24;León;07;Castilla y León;Sotelo;24171000700;24171;42,67588725;-6,836592489;Coordinado_IGR Poblaciones;949;MDT
4240914;24;León;07;Castilla y León;Sotico;24105000300;24105;42,52899842;-5,552260237;Coordinado_IGR Poblaciones;794;MDT
4240915;24;León;07;Castilla y León;Sotillo de Cabrera;24016000800;24016;42,3963197;-6,731664395;Coordinado_IGR Poblaciones;953;MDT
4240916;24;León;07;Castilla y León;Sotillo de Cea;24139000900;24139;42,4309746;-4,973731849;Coordinado_IGR Poblaciones;850;MDT
4240917;24;León;07;Castilla y León;Sotillos de Sabero;24137000500;24137;42,83533118;-5,200764618;Coordinado_IGR Poblaciones;1171;MDT
4240918;24;León;07;Castilla y León;Soto de Valderrueda;24183001600;24183;42,80081316;-4,952909495;Coordinado_IGR Poblaciones;991;MDT
4240919;24;León;07;Castilla y León;Soto de la Vega;24166000700;24166;42,33242572;-5,881149812;Detección automática;777;MDT
4240920;24;León;07;Castilla y León;Soto y Amío;24167001000;24167;42,77862923;-5,886402537;Detección automática;1054;MDT
4240921;24;León;07;Castilla y León;Sotogayoso;24198002000;24198;42,65058833;-6,920626264;Coordinado_IGR Poblaciones;868;MDT
4240922;24;León;07;Castilla y León;Sotoparada;24171000800;24171;42,62562149;-6,89720074;Detección automática;790;MDT
4240923;24;León;07;Castilla y León;Suárbol;24036000700;24036;42,86714859;-6,8515092;Coordinado_IGR Poblaciones;1111;MDT
4240924;24;León;07;Castilla y León;Sueros de Cepeda;24214000600;24214;42,6095735;-6,03621254;Coordinado_IGR Poblaciones;941;MDT
4240925;24;León;07;Castilla y León;Suertes;24036000800;24036;42,83738531;-6,732341993;Coordinado_IGR Poblaciones;935;MDT
4240926;24;León;07;Castilla y León;Susañe del Sil;24109000900;24109;42,83982719;-6,500215286;Coordinado_IGR Poblaciones;989;MDT
4240927;24;León;07;Castilla y León;Tabladillo;24152001300;24152;42,43316312;-6,232543499;Coordinado_IGR Poblaciones;1001;MDT
4240928;24;León;07;Castilla y León;Tabuyo del Monte;24091000400;24091;42,31356105;-6,20233762;Coordinado_IGR Poblaciones;981;MDT
4240929;24;León;07;Castilla y León;Tabuyuelo de Jamuz;24125000500;24125;42,27584016;-5,996463638;Coordinado_IGR Poblaciones;800;MDT
4240930;24;León;07;Castilla y León;Tapia de la Ribera;24133000300;24133;42,74702733;-5,780599131;Coordinado_IGR Poblaciones;971;MDT
4240931;24;León;07;Castilla y León;Taranilla;24183001700;24183;42,7968049;-4,980446141;Coordinado_IGR Poblaciones;993;MDT
4240932;24;León;07;Castilla y León;Tedejo;24071000500;24071;42,65328544;-6,37852114;Detección automática;844;MDT
4240933;24;León;07;Castilla y León;Tejados;24182000800;24182;42,36910395;-6,038815423;Coordinado_IGR Poblaciones;841;MDT
4240934;24;León;07;Castilla y León;Tejedo de Ancares;24036000900;24036;42,84134542;-6,76214102;Coordinado_IGR Poblaciones;983;MDT
4240935;24;León;07;Castilla y León;Tejedo del Sil;24109001000;24109;42,91626593;-6,386586772;Coordinado_IGR Poblaciones;1105;MDT
4240936;24;León;07;Castilla y León;Tejeira;24209001100;24209;42,75867773;-6,857017233;Coordinado_IGR Poblaciones;1012;MDT
4240937;24;León;07;Castilla y León;Tejerina;24120000200;24120;42,91320748;-5,004674448;Coordinado_IGR Poblaciones;1268;MDT
4240938;24;León;07;Castilla y León;Tendal;24175001200;24175;42,60312776;-5,495555908;Coordinado_IGR Poblaciones;873;MDT
4240939;24;León;07;Castilla y León;Toldanos;24227000900;24227;42,54840165;-5,481788859;Coordinado_IGR Poblaciones;844;MDT
4240940;24;León;07;Castilla y León;Tolibia de Abajo;24177000800;24177;42,9657167;-5,403372951;Coordinado_IGR Poblaciones;1173;MDT
4240941;24;León;07;Castilla y León;Tolibia de Arriba;24177000900;24177;42,97253834;-5,382303032;Coordinado_IGR Poblaciones;1237;MDT
4240942;24;León;07;Castilla y León;Tombrío de Abajo;24169000800;24169;42,70933141;-6,552365134;Coordinado_IGR Poblaciones;727;MDT
4240943;24;León;07;Castilla y León;Tombrío de Arriba;24169001200;24169;42,71554144;-6,578652534;Coordinado_IGR Poblaciones;782;MDT
4240944;24;León;07;Castilla y León;Tonín;24901001400;24901;43,00445897;-5,687045725;Coordinado_IGR Poblaciones;1260;MDT
4240945;24;León;07;Castilla y León;Toral de Fondo;24131000400;24131;42,35501719;-5,953758143;Coordinado_IGR Poblaciones;802;MDT
4240946;24;León;07;Castilla y León;Toral de Merayo;24115003100;24115;42,52566302;-6,633999556;Coordinado_IGR Poblaciones;498;MDT
4240947;24;León;07;Castilla y León;Toral de los Vados;24206000500;24206;42,54198523;-6,774693717;Detección automática;428;MDT
4240948;24;León;07;Castilla y León;Toralino de la Vega;24131000500;24131;42,37730736;-5,971128863;Coordinado_IGR Poblaciones;811;MDT
4240949;24;León;07;Castilla y León;Toreno;24169000900;24169;42,6976777;-6,51310547;Detección automática;682;MDT
4240950;24;León;07;Castilla y León;Torneros del Bernesga;24105000400;24105;42,52993759;-5,56010109;Detección automática;795;MDT
4240951;24;León;07;Castilla y León;Torneros de Jamuz;24125000600;24125;42,27242293;-6,1466402;Coordinado_IGR Poblaciones;879;MDT
4240952;24;León;07;Castilla y León;Torneros de la Valdería;24047000600;24047;42,20939918;-6,247138194;Coordinado_IGR Poblaciones;957;MDT
4240953;24;León;07;Castilla y León;Torre de Babia;24029001300;24029;42,97902552;-6,106810651;Coordinado_IGR Poblaciones;1273;MDT
4240954;24;León;07;Castilla y León;Torre del Bierzo;24170001100;24170;42,59594963;-6,322879153;Detección automática;726;MDT
4240955;24;León;07;Castilla y León;Torrebarrio;24145000900;24145;43,00676722;-5,996196043;Coordinado_IGR Poblaciones;1241;MDT
4240956;24;León;07;Castilla y León;Torrecillo;24101001100;24101;42,79261535;-6,18251806;Detección automática;1243;MDT
4240957;24;León;07;Castilla y León;Torrestío;24145001000;24145;43,04540126;-6,0445126;Detección automática;1351;MDT
4240958;24;León;07;Castilla y León;Trabadelo;24171010200;24171;42,64928828;-6,881904509;Detección automática;567;MDT
4240959;24;León;07;Castilla y León;Trabazos;24067000900;24067;42,28431398;-6,596700165;Coordinado_IGR Poblaciones;1128;MDT
4240960;24;León;07;Castilla y León;Trascastro;24112000700;24112;42,88406811;-6,644758872;Coordinado_IGR Poblaciones;1061;MDT
4240961;24;León;07;Castilla y León;Trascastro de Luna;24132003100;24132;42,74516483;-5,944402301;Coordinado_IGR Poblaciones;994;MDT
4240962;24;León;07;Castilla y León;Tremor de Abajo;24170010200;24170;42,64370405;-6,269063276;Coordinado_IGR Poblaciones;815;MDT
4240963;24;León;07;Castilla y León;Tremor de Arriba;24083000900;24083;42,7279379;-6,211749959;Coordinado_IGR Poblaciones;970;MDT
4240964;24;León;07;Castilla y León;Trobajo del Camino;24142000800;24142;42,59620521;-5,608036367;Coordinado_IGR Poblaciones;836;MDT
4240965;24;León;07;Castilla y León;Trobajo del Cerecedo;24089000400;24089;42,56270088;-5,579103111;Coordinado_IGR Poblaciones;807;MDT
4240966;24;León;07;Castilla y León;Truchas;24172000900;24172;42,25997583;-6,433827569;Detección automática;1116;MDT
4240967;24;León;07;Castilla y León;Truchillas;24172001000;24172;42,23666524;-6,4613857;Coordinado_IGR Poblaciones;1175;MDT
4240968;24;León;07;Castilla y León;Truébano de Babia;24145001100;24145;42,94527369;-6,013197407;Coordinado_IGR Poblaciones;1160;MDT
4240969;24;León;07;Castilla y León;Turcia;24173000400;24173;42,53415008;-5,877471463;Detección automática;850;MDT
4240970;24;León;07;Castilla y León;Turienzo de los Caballeros;24152001400;24152;42,45057733;-6,264033066;Coordinado_IGR Poblaciones;1007;MDT
4240971;24;León;07;Castilla y León;Turienzo Castañero;24049000500;24049;42,57652162;-6,432765349;Coordinado_IGR Poblaciones;854;MDT
4240972;24;León;07;Castilla y León;Ucedo;24210000900;24210;42,58804627;-6,19431697;Detección automática;1147;MDT
4240973;24;León;07;Castilla y León;La Uña;24001000300;24001;43,06345146;-5,137029283;Coordinado_IGR Poblaciones;1184;MDT
4240976;24;León;07;Castilla y León;La Urz;24132003200;24132;42,81691225;-5,952271567;Coordinado_IGR Poblaciones;1233;MDT
4240977;24;León;07;Castilla y León;La Utrera;24184000400;24184;42,70866659;-5,91807924;Coordinado_IGR Poblaciones;965;MDT
4240978;24;León;07;Castilla y León;Val de San Lorenzo;24185000200;24185;42,41664908;-6,122985687;Detección automática;888;MDT
4240979;24;León;07;Castilla y León;Val de San Román;24185000300;24185;42,4289388;-6,142896481;Coordinado_IGR Poblaciones;894;MDT
4240980;24;León;07;Castilla y León;Valbuena de la Encomienda;24210001000;24210;42,62008344;-6,150684433;Coordinado_IGR Poblaciones;1016;MDT
4240981;24;León;07;Castilla y León;Valbuena de Roblo;24060001100;24060;42,93930751;-5,148414145;Coordinado_IGR Poblaciones;1165;MDT
4240982;24;León;07;Castilla y León;Valbueno;24132003300;24132;42,80370412;-6,080417548;Coordinado_IGR Poblaciones;1269;MDT
4240983;24;León;07;Castilla y León;Valcabado del Páramo;24136000300;24136;42,22257241;-5,804266867;Coordinado_IGR Poblaciones;766;MDT
4240984;24;León;07;Castilla y León;Valcuende;24183001800;24183;42,76330818;-4,924707648;Coordinado_IGR Poblaciones;1072;MDT
4240985;24;León;07;Castilla y León;La Valcueva;24098000800;24098;42,84778592;-5,487046017;Coordinado_IGR Poblaciones;1035;MDT
4240986;24;León;07;Castilla y León;Valdavida;24226000400;24226;42,58887488;-5,007676932;Coordinado_IGR Poblaciones;906;MDT
4240987;24;León;07;Castilla y León;Valdavido;24172001100;24172;42,24003984;-6,42411189;Coordinado_IGR Poblaciones;1125;MDT
4240988;24;León;07;Castilla y León;Valdealcón;24079001300;24079;42,64977252;-5,254512856;Coordinado_IGR Poblaciones;889;MDT
4240989;24;León;07;Castilla y León;Valdealiso;24079001400;24079;42,62990341;-5,283918168;Coordinado_IGR Poblaciones;907;MDT
4240991;24;León;07;Castilla y León;Valdefrancos;24115003300;24115;42,4861456;-6,568173112;Coordinado_IGR Poblaciones;633;MDT
4240992;24;León;07;Castilla y León;Valdefresno;24175001300;24175;42,59644389;-5,496401507;Detección automática;867;MDT
4240993;24;León;07;Castilla y León;Valdefuentes del Páramo;24176000200;24176;42,32399827;-5,829314207;Detección automática;785;MDT
4240994;24;León;07;Castilla y León;Valdehuesa;24021001700;24021;42,93607408;-5,327480844;Coordinado_IGR Poblaciones;1128;MDT
4240995;24;León;07;Castilla y León;Valdeiglesias;24224000400;24224;42,46837368;-5,931529531;Coordinado_IGR Poblaciones;857;MDT
4240996;24;León;07;Castilla y León;Valdelafuente;24175001400;24175;42,56924256;-5,514403828;Coordinado_IGR Poblaciones;863;MDT
4240997;24;León;07;Castilla y León;Valdelaloba;24169001000;24169;42,6692281;-6,538173435;Coordinado_IGR Poblaciones;697;MDT
4240998;24;León;07;Castilla y León;Valdemanzanas;24152001500;24152;42,4351211;-6,285686093;Coordinado_IGR Poblaciones;1114;MDT
4240999;24;León;07;Castilla y León;Valdemorilla;24084000300;24084;42,22149964;-5,313980158;Coordinado_IGR Poblaciones;802;MDT
4241000;24;León;07;Castilla y León;Valdepiélago;24179000800;24179;42,87034532;-5,400774324;Investigación;1027;Investigación
4241001;24;León;07;Castilla y León;Valdepolo;24180000500;24180;42,57637317;-5,224965437;Coordinado_IGR Poblaciones;872;MDT
4241002;24;León;07;Castilla y León;Valdeprado;24109001100;24109;42,89494039;-6,502013882;Coordinado_IGR Poblaciones;1135;MDT
4241003;24;León;07;Castilla y León;Valderilla de Torío;24076001300;24076;42,72578802;-5,538586874;Coordinado_IGR Poblaciones;977;MDT
4241004;24;León;07;Castilla y León;Valderrey;24182000900;24182;42,40729903;-6,006376198;Coordinado_IGR Poblaciones;841;En estudio
4241005;24;León;07;Castilla y León;Valderrueda;24183001900;24183;42,81546772;-4,947234339;Coordinado_IGR Poblaciones;1028;MDT
4241006;24;León;07;Castilla y León;Valdesamario;24184000500;24184;42,72150836;-5,9514448;Mapa;1022;MDT
4241007;24;León;07;Castilla y León;Valdesandinas;24228000600;24228;42,34916431;-5,866201102;Coordinado_IGR Poblaciones;790;MDT
4241008;24;León;07;Castilla y León;Valdesaz de los Oteros;24107000600;24107;42,3231052;-5,425787128;Coordinado_IGR Poblaciones;821;MDT
4241009;24;León;07;Castilla y León;Valdescapa;24229000500;24229;42,5274764;-4,99708326;Coordinado_IGR Poblaciones;886;MDT
4241010;24;León;07;Castilla y León;Valdesogo de Abajo;24227001000;24227;42,53630675;-5,50674823;Coordinado_IGR Poblaciones;818;MDT
4241011;24;León;07;Castilla y León;Valdesogo de Arriba;24227001100;24227;42,54736085;-5,513545985;Coordinado_IGR Poblaciones;832;MDT
4241012;24;León;07;Castilla y León;Valdespino Cerón;24099000200;24099;42,25888276;-5,359724361;Coordinado_IGR Poblaciones;829;MDT
4241013;24;León;07;Castilla y León;Valdespino de Somoza;24161000500;24161;42,40400973;-6,14507593;Coordinado_IGR Poblaciones;920;MDT
4241014;24;León;07;Castilla y León;Valdespino Vaca;24086000300;24086;42,30274479;-5,154341117;Coordinado_IGR Poblaciones;788;MDT
4241015;24;León;07;Castilla y León;Valdeteja;24177001000;24177;42,92857522;-5,425713178;Coordinado_IGR Poblaciones;1230;MDT
4241016;24;León;07;Castilla y León;Valdeviejas;24008000500;24008;42,46209605;-6,079016509;Coordinado_IGR Poblaciones;868;MDT
4241017;24;León;07;Castilla y León;Valdevimbre;24187000400;24187;42,42044538;-5,617403494;Detección automática;804;MDT
4241018;24;León;07;Castilla y León;Valdoré;24060001200;24060;42,8702192;-5,163440375;Coordinado_IGR Poblaciones;973;MDT
4241019;24;León;07;Castilla y León;Valdorria;24179000900;24179;42,88988013;-5,418868746;Coordinado_IGR Poblaciones;1318;MDT
4241020;24;León;07;Castilla y León;Valduvieco;24079001500;24079;42,62298708;-5,32471966;Coordinado_IGR Poblaciones;942;MDT
4241021;24;León;07;Castilla y León;La Válgoma;24034000500;24034;42,59269823;-6,66649728;Detección automática;510;MDT
4241022;24;León;07;Castilla y León;Valmartino;24056001000;24056;42,7903441;-5,108799747;Coordinado_IGR Poblaciones;1037;MDT
4241023;24;León;07;Castilla y León;Valporquero de Rueda;24068001300;24068;42,75100214;-5,23732099;Coordinado_IGR Poblaciones;1010;MDT
4241024;24;León;07;Castilla y León;Valseco;24109001200;24109;42,83847147;-6,387042112;Coordinado_IGR Poblaciones;1006;MDT
4241025;24;León;07;Castilla y León;Valsemana;24061000700;24061;42,73489888;-5,671929904;Coordinado_IGR Poblaciones;1011;MDT
4241026;24;León;07;Castilla y León;Valtuille de Abajo;24209001200;24209;42,59399187;-6,76417978;Coordinado_IGR Poblaciones;499;MDT
4241027;24;León;07;Castilla y León;Valtuille de Arriba;24209001300;24209;42,61572483;-6,764098969;Coordinado_IGR Poblaciones;558;MDT
4241028;24;León;07;Castilla y León;Valverde de Curueño;24177001100;24177;42,94345865;-5,440611183;Coordinado_IGR Poblaciones;1253;MDT
4241029;24;León;07;Castilla y León;Valverde-Enrique;24190000200;24190;42,30385286;-5,29918603;Mapa;833;MDT
4241030;24;León;07;Castilla y León;Valverde de la Sierra;24020000800;24020;42,9292513;-4,841240035;Coordinado_IGR Poblaciones;1348;MDT
4241031;24;León;07;Castilla y León;Valverde y Villarmarín;24009040100,24009040000,24009040200;24009;42,70446558;-6,952744237;Centroide calculado a partir de las coordenadas de las poblaciones que componen el EATIM;1006;Altitud media de las poblaciones que componen el EATIM
4241032;24;León;07;Castilla y León;Valverde de la Virgen;24189000700;24189;42,56812922;-5,685475482;Detección automática;894;MDT
4241033;24;León;07;Castilla y León;Valverdín;24037001600;24037;42,9500126;-5,547029956;Coordinado_IGR Poblaciones;1140;MDT
4241034;24;León;07;Castilla y León;El Valle;24071000600;24071;42,64948498;-6,367394886;Coordinado_IGR Poblaciones;776;MDT
4241035;24;León;07;Castilla y León;El Valle de las Casas;24052000700;24052;42,76125873;-5,058920722;Coordinado_IGR Poblaciones;1029;MDT
4241036;24;León;07;Castilla y León;Valle de Finolledo;24196000900;24196;42,71744448;-6,692526542;Coordinado_IGR Poblaciones;710;MDT
4241037;24;León;07;Castilla y León;Valle de Mansilla;24225000300;24225;42,54092718;-5,353033604;Coordinado_IGR Poblaciones;821;MDT
4241038;24;León;07;Castilla y León;Valle de la Valduerna;24216000500;24216;42,3193677;-5,99483113;Coordinado_IGR Poblaciones;812;MDT
4241039;24;León;07;Castilla y León;Valle de Vegacervera;24194000300;24194;42,89049257;-5,580906876;Coordinado_IGR Poblaciones;1245;MDT
4241040;24;León;07;Castilla y León;Vallecillo de las Matas;24191000100;24191;42,35615605;-5,210726187;Detección automática;842;MDT
4241041;24;León;07;Castilla y León;Vallejo;24187000500;24187;42,39133457;-5,639971504;Coordinado_IGR Poblaciones;808;MDT
4241042;24;León;07;Castilla y León;Vanidodes;24093000400;24093;42,54199299;-6,112425102;Coordinado_IGR Poblaciones;942;MDT
4241043;24;León;07;Castilla y León;La Vecilla;24193000400;24193;42,8485681;-5,405958008;Detección automática;1006;MDT
4241044;24;León;07;Castilla y León;Vecilla de la Vega;24166000800;24166;42,35307589;-5,881975694;Coordinado_IGR Poblaciones;784;MDT
4241045;24;León;07;Castilla y León;La Vega de Almanza;24004000800;24004;42,73235771;-5,00529299;Detección automática;945;MDT
4241046;24;León;07;Castilla y León;Vega de Antoñán;24015000600;24015;42,51873611;-5,938952412;Coordinado_IGR Poblaciones;881;MDT
4241047;24;León;07;Castilla y León;Vega de los Árboles;24225000400;24225;42,54447503;-5,322530475;Coordinado_IGR Poblaciones;817;MDT
4241048;24;León;07;Castilla y León;Vega de Caballeros;24012000700;24012;42,81302113;-5,837197504;Coordinado_IGR Poblaciones;1012;MDT
4241049;24;León;07;Castilla y León;Vega de Espinareda;24196001000;24196;42,72552176;-6,656213647;Detección automática;603;MDT
4241050;24;León;07;Castilla y León;Vega de Gordón;24114001500;24114;42,86956779;-5,663292043;Coordinado_IGR Poblaciones;1032;MDT
4241051;24;León;07;Castilla y León;Vega de Infanzones;24197000200;24197;42,48298608;-5,533906332;Detección automática;780;MDT
4241052;24;León;07;Castilla y León;Vega de Magaz;24093000500;24093;42,55012056;-6,070480734;Coordinado_IGR Poblaciones;902;MDT
4241053;24;León;07;Castilla y León;Vega de Monasterio;24063000800;24063;42,67165179;-5,182879752;Coordinado_IGR Poblaciones;876;MDT
4241054;24;León;07;Castilla y León;La Vega de Robledo;24164000800;24164;42,9255457;-5,892330103;Coordinado_IGR Poblaciones;1121;MDT
4241055;24;León;07;Castilla y León;Vega de Valcarce;24198002200;24198;42,66379079;-6,946393829;Detección automática;628;MDT
4241056;24;León;07;Castilla y León;La Vega de los Viejos;24029001400;24029;42,96744783;-6,21170634;Coordinado_IGR Poblaciones;1238;MDT
4241057;24;León;07;Castilla y León;Vegacerneja;24025000700;24025;43,03548519;-5,012282682;Coordinado_IGR Poblaciones;1104;MDT
4241058;24;León;07;Castilla y León;Vegacervera;24194000400;24194;42,88646087;-5,531765755;Detección automática;1034;MDT
4241059;24;León;07;Castilla y León;Vegapujín;24101001200;24101;42,80233297;-6,200815828;Coordinado_IGR Poblaciones;1262;MDT
4241060;24;León;07;Castilla y León;Vegaquemada;24199000800;24199;42,81872994;-5,331519881;Detección automática;936;MDT
4241061;24;León;07;Castilla y León;Vegarienza;24132003400;24132;42,78843784;-6,043813115;Coordinado_IGR Poblaciones;1075;MDT
4241062;24;León;07;Castilla y León;Vegas del Condado;24201001000;24201;42,68444375;-5,364462819;Detección automática;860;MDT
4241063;24;León;07;Castilla y León;Vegas do Seo;24011001600;24011;42,60197877;-6,978083455;Coordinado_IGR Poblaciones;837;MDT
4241064;24;León;07;Castilla y León;Las Vegas de Yeres;24122000600;24122;42,41741206;-6,781860668;Coordinado_IGR Poblaciones;410;MDT
4241065;24;León;07;Castilla y León;Veguellina;24209001400;24209;42,70465518;-6,782490245;Coordinado_IGR Poblaciones;657;MDT
4241066;24;León;07;Castilla y León;Veguellina de Cepeda;24123001100;24123;42,64142593;-6,019141803;Coordinado_IGR Poblaciones;974;MDT
4241067;24;León;07;Castilla y León;Veguellina de Fondo;24144000600;24144;42,37027527;-5,875011977;Coordinado_IGR Poblaciones;787;MDT
4241068;24;León;07;Castilla y León;Veguellina de Órbigo;24223000200;24223;42,43466425;-5,885549636;Coordinado_IGR Poblaciones;810;MDT
4241069;24;León;07;Castilla y León;Veldedo;24023000900;24023;42,54159664;-6,195174425;Coordinado_IGR Poblaciones;1119;MDT
4241070;24;León;07;Castilla y León;La Velilla;24132003500;24132;42,75481254;-5,93160007;Coordinado_IGR Poblaciones;1003;MDT
4241071;24;León;07;Castilla y León;Velilla de los Oteros;24107000700;24107;42,37557404;-5,4746329;Detección automática;781;MDT
4241072;24;León;07;Castilla y León;Velilla de la Reina;24055000500;24055;42,5508906;-5,79306087;Coordinado_IGR Poblaciones;891;MDT
4241073;24;León;07;Castilla y León;Velilla de la Tercia;24901001500;24901;42,94755741;-5,635952186;Coordinado_IGR Poblaciones;1187;MDT
4241074;24;León;07;Castilla y León;La Velilla de Valdoré;24060001300;24060;42,87789304;-5,177113087;Coordinado_IGR Poblaciones;1039;MDT
4241075;24;León;07;Castilla y León;Velilla de Valderaduey;24229000600;24229;42,55708211;-4,968745677;Coordinado_IGR Poblaciones;923;MDT
4241076;24;León;07;Castilla y León;Velilla de la Valduerna;24044000200;24044;42,3266326;-6,144417849;Coordinado_IGR Poblaciones;914;MDT
4241077;24;León;07;Castilla y León;Ventosilla;24901001600;24901;42,94182702;-5,662791399;Coordinado_IGR Poblaciones;1140;MDT
4241078;24;León;07;Castilla y León;Verdiago;24060001400;24060;42,86275573;-5,140278749;Coordinado_IGR Poblaciones;963;MDT
4241079;24;León;07;Castilla y León;Viadangos de Arbas;24901001700;24901;42,95318333;-5,743305653;Coordinado_IGR Poblaciones;1296;MDT
4241080;24;León;07;Castilla y León;Viariz;24059001100;24059;42,58043983;-6,865108664;Coordinado_IGR Poblaciones;935;MDT
4241081;24;León;07;Castilla y León;La Vid;24114001600;24114;42,89228959;-5,640323092;Coordinado_IGR Poblaciones;1068;MDT
4241082;24;León;07;Castilla y León;Vidanes;24056001100;24056;42,76342184;-5,139607271;Coordinado_IGR Poblaciones;921;MDT
4241083;24;León;07;Castilla y León;Viego;24129000400;24129;42,94367432;-5,180608621;Coordinado_IGR Poblaciones;1207;MDT
4241084;24;León;07;Castilla y León;Viforcos;24152001600;24152;42,51830409;-6,240708117;Coordinado_IGR Poblaciones;1134;MDT
4241085;24;León;07;Castilla y León;Vilecha;24105000500;24105;42,54506864;-5,567229294;Coordinado_IGR Poblaciones;801;MDT
4241086;24;León;07;Castilla y León;Vilela;24209001500;24209;42,58877356;-6,802743148;Coordinado_IGR Poblaciones;475;MDT
4241087;24;León;07;Castilla y León;Viloria;24049000600;24049;42,60247303;-6,408031076;Coordinado_IGR Poblaciones;652;MDT
4241088;24;León;07;Castilla y León;Viloria de la Jurisdicción;24105000600;24105;42,49835787;-5,589416771;Coordinado_IGR Poblaciones;810;MDT
4241089;24;León;07;Castilla y León;Villa de Soto;24197000300;24197;42,50449703;-5,537703373;Coordinado_IGR Poblaciones;785;MDT
4241090;24;León;07;Castilla y León;Villabálter;24142000700;24142;42,62207376;-5,619464962;Coordinado_IGR Poblaciones;844;MDT
4241091;24;León;07;Castilla y León;Villabandín;24101001300;24101;42,85947665;-6,13724917;Detección automática;1228;MDT
4241092;24;León;07;Castilla y León;Villabraz;24203000300;24203;42,24686414;-5,446578713;Detección automática;846;MDT
4241093;24;León;07;Castilla y León;Villabuena-San Clemente;24030010000;24030;42,63516884;-6,73662276;Mapa;513;MDT
4241094;24;León;07;Castilla y León;Villabúrbula;24225000500;24225;42,56550067;-5,421959338;Coordinado_IGR Poblaciones;809;MDT
4241095;24;León;07;Castilla y León;Villacalabuey;24215000100;24215;42,48636626;-5,064289852;Coordinado_IGR Poblaciones;860;MDT
4241096;24;León;07;Castilla y León;Villacalbiel-San Esteban;24212010000;24212;42,36659424;-5,61538926;Mapa;794;MDT
4241097;24;León;07;Castilla y León;Villace;24212000400;24212;42,34331873;-5,593976125;Coordinado_IGR Poblaciones;775;MDT
4241098;24;León;07;Castilla y León;Villacedré;24162000500;24162;42,55899588;-5,590131809;Coordinado_IGR Poblaciones;819;MDT
4241099;24;León;07;Castilla y León;Villaceid;24167001100;24167;42,76762305;-5,903823705;Coordinado_IGR Poblaciones;1040;MDT
4241100;24;León;07;Castilla y León;Villacelama;24218000300;24218;42,48202244;-5,456159341;Coordinado_IGR Poblaciones;785;MDT
4241101;24;León;07;Castilla y León;Villacerán;24226000500;24226;42,52334639;-5,033758794;Coordinado_IGR Poblaciones;848;MDT
4241102;24;León;07;Castilla y León;Villacete;24175001500;24175;42,56414638;-5,468716525;Coordinado_IGR Poblaciones;841;MDT
4241103;24;León;07;Castilla y León;Villacidayo;24079001600;24079;42,66398763;-5,20012271;Coordinado_IGR Poblaciones;871;MDT
4241104;24;León;07;Castilla y León;Villacil;24175001600;24175;42,61786774;-5,469599081;Coordinado_IGR Poblaciones;895;MDT
4241105;24;León;07;Castilla y León;Villacintor;24156000400;24156;42,49226573;-5,159425449;Coordinado_IGR Poblaciones;912;MDT
4241106;24;León;07;Castilla y León;Villacontilde;24225000600;24225;42,52720926;-5,374534776;Coordinado_IGR Poblaciones;805;MDT
4241107;24;León;07;Castilla y León;Villacorta;24183010200;24183;42,80687108;-4,939548054;Coordinado_IGR Poblaciones;1043;MDT
4241108;24;León;07;Castilla y León;Villadangos del Páramo;24205000300;24205;42,51706801;-5,767014869;Detección automática;896;MDT
4241109;24;León;07;Castilla y León;Villadecanes;24206040200;24206;42,58047107;-6,758983682;Coordinado_IGR Poblaciones;530;MDT
4241110;24;León;07;Castilla y León;Villadepalos;24038000400;24038;42,53693919;-6,755246615;Coordinado_IGR Poblaciones;428;MDT
4241111;24;León;07;Castilla y León;Villadepán;24132003600;24132;42,81498001;-6,084277699;Coordinado_IGR Poblaciones;1297;MDT
4241112;24;León;07;Castilla y León;Villadiego de Cea;24229000700;24229;42,5120911;-4,919916359;Coordinado_IGR Poblaciones;960;MDT
4241113;24;León;07;Castilla y León;Villaestrigo del Páramo;24230000100;24230;42,24257497;-5,716601665;Coordinado_IGR Poblaciones;777;MDT
4241114;24;León;07;Castilla y León;Villafalé;24225000700;24225;42,51544165;-5,40574606;Coordinado_IGR Poblaciones;797;MDT
4241115;24;León;07;Castilla y León;Villafañe;24225000800;24225;42,55015378;-5,428270056;Coordinado_IGR Poblaciones;803;MDT
4241116;24;León;07;Castilla y León;Villafeile, Lamagrande y Quintela;24009050100,24009050300,24009050200,24009050000;24009;42,68620501;-6,91815968;Centroide calculado a partir de las coordenadas de las poblaciones que componen el EATIM;844;Altitud media de las poblaciones que componen el EATIM
4241117;24;León;07;Castilla y León;Villafeliz de Babia;24145001200;24145;42,94685575;-5,982693347;Coordinado_IGR Poblaciones;1164;MDT
4241118;24;León;07;Castilla y León;Villafeliz de la Sobarriba;24175001700;24175;42,64671944;-5,452575314;Coordinado_IGR Poblaciones;885;MDT
4241119;24;León;07;Castilla y León;Villafer;24221000100;24221;42,12161793;-5,571093468;Coordinado_IGR Poblaciones;729;MDT
4241120;24;León;07;Castilla y León;Villafrea de la Reina;24020000900;24020;42,97610964;-4,912246701;Coordinado_IGR Poblaciones;1117;MDT
4241121;24;León;07;Castilla y León;Villafruela del Condado;24201010200;24201;42,62222715;-5,388416146;Coordinado_IGR Poblaciones;830;MDT
4241122;24;León;07;Castilla y León;Villagallegos;24187000600;24187;42,39491748;-5,653210095;Coordinado_IGR Poblaciones;820;MDT
4241123;24;León;07;Castilla y León;Villagarcía de la Vega;24144000700;24144;42,39007043;-5,927074652;Coordinado_IGR Poblaciones;798;MDT
4241124;24;León;07;Castilla y León;Villagatón;24210001100;24210;42,63586877;-6,162812047;Coordinado_IGR Poblaciones;1015;MDT
4241125;24;León;07;Castilla y León;Villager de Laciana;24202001200;24202;42,94285587;-6,339421879;Coordinado_IGR Poblaciones;997;MDT
4241126;24;León;07;Castilla y León;Villagroy;24059001200;24059;42,58938126;-6,84918652;Coordinado_IGR Poblaciones;806;MDT
4241127;24;León;07;Castilla y León;Villahibiera;24180000600;24180;42,60425274;-5,224541141;Coordinado_IGR Poblaciones;863;MDT
4241128;24;León;07;Castilla y León;Villalboñe;24175001800;24175;42,6315382;-5,45592738;Coordinado_IGR Poblaciones;892;MDT
4241129;24;León;07;Castilla y León;Villalebrín;24139001000;24139;42,39445019;-4,98117748;Coordinado_IGR Poblaciones;827;MDT
4241130;24;León;07;Castilla y León;Villalfeide;24098000900;24098;42,87893089;-5,516397723;Coordinado_IGR Poblaciones;1048;MDT
4241131;24;León;07;Castilla y León;Villalibre de la Jurisdicción;24119000500;24119;42,51890306;-6,658513461;Coordinado_IGR Poblaciones;482;MDT
4241132;24;León;07;Castilla y León;Villalibre de Somoza;24091000500;24091;42,38590596;-6,237064505;Coordinado_IGR Poblaciones;1098;MDT
4241133;24;León;07;Castilla y León;Villalís de la Valduerna;24216000600;24216;42,31287467;-6,038033426;Coordinado_IGR Poblaciones;840;MDT
4241135;24;León;07;Castilla y León;Villalmonte;24183002100;24183;42,84698505;-5,001055875;Coordinado_IGR Poblaciones;1141;MDT
4241136;24;León;07;Castilla y León;Villalobar;24006000600;24006;42,39552187;-5,574892875;Coordinado_IGR Poblaciones;785;MDT
4241137;24;León;07;Castilla y León;Villalquite;24180000700;24180;42,53924151;-5,31328352;Detección automática;825;MDT
4241138;24;León;07;Castilla y León;Villamarco;24160000600;24160;42,44936268;-5,30768187;Coordinado_IGR Poblaciones;850;MDT
4241139;24;León;07;Castilla y León;Villamartín de la Abadía;24038000500;24038;42,56603556;-6,748834427;Coordinado_IGR Poblaciones;454;MDT
4241140;24;León;07;Castilla y León;Villamartín del Sil;24110000700;24110;42,76452965;-6,520375803;Coordinado_IGR Poblaciones;911;MDT
4241141;24;León;07;Castilla y León;Villamayor del Condado;24201001200;24201;42,65402878;-5,429617854;Coordinado_IGR Poblaciones;875;MDT
4241142;24;León;07;Castilla y León;Villameca;24123001200;24123;42,64026896;-6,07536955;Detección automática;981;MDT
4241143;24;León;07;Castilla y León;Villamejil;24214000700;24214;42,56265236;-6,020194749;Investigación;912;Investigación
4241144;24;León;07;Castilla y León;Villamizar;24156000500;24156;42,53021362;-5,129953081;Coordinado_IGR Poblaciones;913;MDT
4241145;24;León;07;Castilla y León;Villamol;24215000200;24215;42,42855243;-5,04907054;Mapa;829;MDT
4241146;24;León;07;Castilla y León;Villamondrín de Rueda;24180000800;24180;42,57603662;-5,281374269;Coordinado_IGR Poblaciones;832;MDT
4241147;24;León;07;Castilla y León;Villamontán de la Valduerna;24216000700;24216;42,30964228;-5,999907519;Detección automática;820;MDT
4241149;24;León;07;Castilla y León;Villamor de Órbigo;24159000500;24159;42,48271326;-5,875451968;Coordinado_IGR Poblaciones;830;MDT
4241150;24;León;07;Castilla y León;Villamoratiel de las Matas;24217000200;24217;42,39623926;-5,302869346;Detección automática;844;MDT
4241151;24;León;07;Castilla y León;Villamorisca;24183002200;24183;42,7553906;-4,997172822;Coordinado_IGR Poblaciones;959;MDT
4241152;24;León;07;Castilla y León;Villamoros de Mansilla;24095000300;24095;42,53484808;-5,444399358;Coordinado_IGR Poblaciones;798;MDT
4241153;24;León;07;Castilla y León;Villamoros de las Regueras;24222000500;24222;42,6208608;-5,535313761;Coordinado_IGR Poblaciones;835;MDT
4241154;24;León;07;Castilla y León;Villamuñio;24024000400;24024;42,47489127;-5,193773598;Coordinado_IGR Poblaciones;906;MDT
4241155;24;León;07;Castilla y León;Villanófar;24079001700;24079;42,65144065;-5,215756122;Coordinado_IGR Poblaciones;875;MDT
4241156;24;León;07;Castilla y León;Villanueva del Árbol;24222000600;24222;42,65826551;-5,527580586;Coordinado_IGR Poblaciones;855;MDT
4241157;24;León;07;Castilla y León;Villanueva del Carnero;24162000600;24162;42,52865436;-5,610968976;Coordinado_IGR Poblaciones;833;MDT
4241158;24;León;07;Castilla y León;Villanueva del Condado;24201001300;24201;42,65738129;-5,371541565;Coordinado_IGR Poblaciones;847;MDT
4241159;24;León;07;Castilla y León;Villanueva de Jamuz;24154000300;24154;42,23394518;-5,858709045;Coordinado_IGR Poblaciones;762;MDT
4241160;24;León;07;Castilla y León;Villanueva de las Manzanas;24218000400;24218;42,47000242;-5,480522787;Detección automática;779;MDT
4241161;24;León;07;Castilla y León;Villanueva de Omaña;24101001400;24101;42,82007378;-6,138920734;Coordinado_IGR Poblaciones;1160;MDT
4241162;24;León;07;Castilla y León;Villanueva y Paragís;24009060200,24009060000,24009060100;24009;42,728222;-6,957467033;Centroide calculado a partir de las coordenadas de las poblaciones que componen el EATIM;955;Altitud media de las poblaciones que componen el EATIM
4241163;24;León;07;Castilla y León;Villanueva de Pontedo;24037001700;24037;42,97780968;-5,578556259;Coordinado_IGR Poblaciones;1188;MDT
4241164;24;León;07;Castilla y León;Villanueva de la Tercia;24901001900;24901;42,96458225;-5,668608499;Coordinado_IGR Poblaciones;1164;MDT
4241165;24;León;07;Castilla y León;Villanueva de Valdueza;24115003400;24115;42,48979123;-6,584374847;Coordinado_IGR Poblaciones;654;MDT
4241166;24;León;07;Castilla y León;Villaobispo de Otero;24219000600;24219;42,50082168;-6,059604858;Detección automática;876;MDT
4241167;24;León;07;Castilla y León;Villaobispo de las Regueras;24222000700;24222;42,61375794;-5,547964561;Coordinado_IGR Poblaciones;832;MDT
4241168;24;León;07;Castilla y León;Villapadierna;24063000900;24063;42,7072607;-5,152554812;Coordinado_IGR Poblaciones;903;MDT
4241169;24;León;07;Castilla y León;Villapeceñil;24215000300;24215;42,41058379;-5,026455892;Coordinado_IGR Poblaciones;821;MDT
4241170;24;León;07;Castilla y León;Villapodambre;24158000800;24158;42,7548418;-5,835745129;Coordinado_IGR Poblaciones;1123;MDT
4241171;24;León;07;Castilla y León;Villaquilambre;24222000800;24222;42,63889522;-5,557681523;Detección automática;860;MDT
4241172;24;León;07;Castilla y León;Villar de Acero;24209001800;24209;42,72381122;-6,80301728;Detección automática;717;MDT
4241173;24;León;07;Castilla y León;Villar de Ciervos;24152001700;24152;42,44021263;-6,305561714;Coordinado_IGR Poblaciones;1109;MDT
4241174;24;León;07;Castilla y León;Villar de los Corrales;24171001000;24171;42,61739075;-6,910465642;Coordinado_IGR Poblaciones;977;MDT
4241175;24;León;07;Castilla y León;Villar de Golfer;24091000600;24091;42,35084234;-6,189989948;Coordinado_IGR Poblaciones;984;MDT
4241176;24;León;07;Castilla y León;Villar de Mazarife;24065000900;24065;42,48300839;-5,728401247;Coordinado_IGR Poblaciones;867;MDT
4241177;24;León;07;Castilla y León;Villar del Monte;24172001200;24172;42,2325582;-6,328392083;Coordinado_IGR Poblaciones;1104;MDT
4241178;24;León;07;Castilla y León;Villar de Omaña;24132003700;24132;42,79219539;-6,094382374;Coordinado_IGR Poblaciones;1327;MDT
4241179;24;León;07;Castilla y León;El Villar de Santiago;24202001300;24202;42,91638485;-6,246022258;Coordinado_IGR Poblaciones;1227;MDT
4241180;24;León;07;Castilla y León;Villar de las Traviesas;24169001100;24169;42,71883456;-6,459719912;Coordinado_IGR Poblaciones;931;MDT
4241181;24;León;07;Castilla y León;Villar del Yermo;24017000200;24017;42,35069682;-5,688515323;Coordinado_IGR Poblaciones;808;MDT
4241182;24;León;07;Castilla y León;Villarbón;24036001000;24036;42,78051464;-6,70969429;Detección automática;1103;MDT
4241183;24;León;07;Castilla y León;Villarejo de Órbigo;24223000300;24223;42,44429419;-5,903422799;Detección automática;814;MDT
4241184;24;León;07;Castilla y León;Villarente;24225000200;24225;42,54431869;-5,455491029;Coordinado_IGR Poblaciones;801;MDT
4241185;24;León;07;Castilla y León;Villares de Órbigo;24224000500;24224;42,47034459;-5,908860736;Detección automática;826;MDT
4241186;24;León;07;Castilla y León;Villargusán;24145001300;24145;42,99577453;-5,98628415;Coordinado_IGR Poblaciones;1250;MDT
4241187;24;León;07;Castilla y León;Villarín de Riello;24132003800;24132;42,80716108;-5,983584439;Coordinado_IGR Poblaciones;1210;MDT
4241188;24;León;07;Castilla y León;Villarino;24172001300;24172;42,25609427;-6,53020941;Coordinado_IGR Poblaciones;1289;MDT
4241189;24;León;07;Castilla y León;Villarino del Sil;24109001300;24109;42,91004395;-6,360284259;Coordinado_IGR Poblaciones;984;MDT
4241190;24;León;07;Castilla y León;Villariños y Castañoso;24009070200,24009070000,24009070100;24009;42,72692476;-6,910040469;Centroide calculado a partir de las coordenadas de las poblaciones que componen el EATIM;959;Altitud media de las poblaciones que componen el EATIM
4241191;24;León;07;Castilla y León;Villarmeriel;24123001300;24123;42,68031251;-6,021483341;Coordinado_IGR Poblaciones;1101;MDT
4241192;24;León;07;Castilla y León;Villarmún de Eslonza;24079001800;24079;42,57477751;-5,373243873;Coordinado_IGR Poblaciones;846;MDT
4241193;24;León;07;Castilla y León;Villarnera de la Vega;24131000600;24131;42,38611152;-5,947423868;Coordinado_IGR Poblaciones;799;MDT
4241194;24;León;07;Castilla y León;Villarrabines;24211000200;24211;42,18976119;-5,568137489;Coordinado_IGR Poblaciones;728;MDT
4241195;24;León;07;Castilla y León;Villarrando;24041000700;24041;42,49957921;-6,787350075;Coordinado_IGR Poblaciones;563;MDT
4241196;24;León;07;Castilla y León;Villarratel;24079001900;24079;42,60181604;-5,345585751;Coordinado_IGR Poblaciones;926;MDT
4241197;24;León;07;Castilla y León;Villarrín del Páramo;24174000300;24174;42,39330245;-5,744192946;Coordinado_IGR Poblaciones;824;MDT
4241198;24;León;07;Castilla y León;Villarroañe;24227001200;24227;42,48292293;-5,512781344;Coordinado_IGR Poblaciones;776;MDT
4241199;24;León;07;Castilla y León;Villarrodrigo de Ordás;24158000900;24158;42,71265638;-5,823519764;Coordinado_IGR Poblaciones;930;MDT
4241200;24;León;07;Castilla y León;Villarrodrigo de las Regueras;24222000900;24222;42,63893211;-5,536610064;Coordinado_IGR Poblaciones;846;MDT
4241201;24;León;07;Castilla y León;Villarroquel;24055000600;24055;42,66675225;-5,819450439;Coordinado_IGR Poblaciones;911;MDT
4241202;24;León;07;Castilla y León;Villarrubín;24103020300;24103;42,57159089;-7,02141688;Coordinado_IGR Poblaciones;920;MDT
4241203;24;León;07;Castilla y León;Villasabariego;24225000900;24225;42,53094161;-5,414227058;Detección automática;847;MDT
4241204;24;León;07;Castilla y León;Villaseca de Laciana;24202001400;24202;42,944521;-6,251150097;Coordinado_IGR Poblaciones;1103;MDT
4241205;24;León;07;Castilla y León;Villaseca de la Sobarriba;24175001900;24175;42,58864406;-5,478250723;Coordinado_IGR Poblaciones;865;MDT
4241206;24;León;07;Castilla y León;Villasecino de Babia;24145001400;24145;42,95168264;-6,019819693;Coordinado_IGR Poblaciones;1160;MDT
4241207;24;León;07;Castilla y León;Villaselán;24226000600;24226;42,5611342;-5,04889668;Detección automática;861;MDT
4241208;24;León;07;Castilla y León;Villasimpliz;24114001700;24114;42,91354022;-5,65773589;Coordinado_IGR Poblaciones;1122;MDT
4241209;24;León;07;Castilla y León;Villasinde;24198002300;24198;42,64819635;-6,956528434;Coordinado_IGR Poblaciones;875;MDT
4241210;24;León;07;Castilla y León;Villasinta de Torío;24222001000;24222;42,66401597;-5,553037011;Coordinado_IGR Poblaciones;901;MDT
4241211;24;León;07;Castilla y León;Villasumil;24036001100;24036;42,82009498;-6,694673698;Coordinado_IGR Poblaciones;999;MDT
4241212;24;León;07;Castilla y León;Villaturiel;24227001300;24227;42,51605929;-5,486490567;Detección automática;792;MDT
4241213;24;León;07;Castilla y León;Villavante;24159000400;24159;42,46275149;-5,837085236;Coordinado_IGR Poblaciones;836;MDT
4241214;24;León;07;Castilla y León;Villavelasco de Valderaduey;24229000800;24229;42,50871728;-4,971121788;Coordinado_IGR Poblaciones;896;MDT
4241215;24;León;07;Castilla y León;Villavente;24175002000;24175;42,61809939;-5,50766587;Coordinado_IGR Poblaciones;894;MDT
4241216;24;León;07;Castilla y León;Villaverde de la Abadía;24038000600;24038;42,52562588;-6,714076649;Coordinado_IGR Poblaciones;446;MDT
4241217;24;León;07;Castilla y León;Villaverde de Abajo;24076001400;24076;42,67902404;-5,523402395;Coordinado_IGR Poblaciones;869;MDT
4241218;24;León;07;Castilla y León;Villaverde de Arcayos;24004000900;24004;42,6063409;-5,038182378;Coordinado_IGR Poblaciones;878;MDT
4241219;24;León;07;Castilla y León;Villaverde de Arriba;24076001500;24076;42,68925898;-5,519921973;Coordinado_IGR Poblaciones;878;MDT
4241220;24;León;07;Castilla y León;Villaverde de los Cestos;24049000700;24049;42,60202955;-6,474102296;Coordinado_IGR Poblaciones;594;MDT
4241221;24;León;07;Castilla y León;Villaverde la Chiquita;24180000900;24180;42,5806487;-5,192899025;Coordinado_IGR Poblaciones;901;MDT
4241222;24;León;07;Castilla y León;Villaverde de Omaña;24132003900;24132;42,78224896;-6,096405251;Coordinado_IGR Poblaciones;1135;MDT
4241223;24;León;07;Castilla y León;Villaverde de Sandoval;24095000400;24095;42,5018381;-5,46585504;Detección automática;785;MDT
4241224;24;León;07;Castilla y León;Villaviciosa de la Ribera;24092000400;24092;42,66361342;-5,854879162;Coordinado_IGR Poblaciones;927;MDT
4241225;24;León;07;Castilla y León;Villaviciosa de San Miguel;24071000700;24071;42,63976942;-6,354822776;Coordinado_IGR Poblaciones;769;MDT
4241226;24;León;07;Castilla y León;Villavidel;24033000200;24033;42,43980701;-5,540698433;Coordinado_IGR Poblaciones;767;MDT
4241227;24;León;07;Castilla y León;Villavieja;24119000600;24119;42,48497188;-6,683548213;Coordinado_IGR Poblaciones;784;MDT
4241228;24;León;07;Castilla y León;Villayandre;24060001500;24060;42,89469625;-5,146062439;Coordinado_IGR Poblaciones;1008;MDT
4241229;24;León;07;Castilla y León;Villayuste;24167001200;24167;42,79207699;-5,895931639;Coordinado_IGR Poblaciones;1150;MDT
4241230;24;León;07;Castilla y León;Villazala;24228000700;24228;42,36122104;-5,856553414;Detección automática;797;MDT
4241231;24;León;07;Castilla y León;Villazanzo de Valderaduey;24229000900;24229;42,53656187;-4,96465214;Detección automática;914;MDT
4241232;24;León;07;Castilla y León;Villeza;24191000200;24191;42,33167063;-5,200999404;Coordinado_IGR Poblaciones;815;MDT
4241233;24;León;07;Castilla y León;Villiguer;24225001000;24225;42,52702424;-5,383654801;Coordinado_IGR Poblaciones;805;MDT
4241234;24;León;07;Castilla y León;Villimer;24225001100;24225;42,58112207;-5,413862808;Coordinado_IGR Poblaciones;814;MDT
4241235;24;León;07;Castilla y León;Villibañe;24187000700;24187;42,3808888;-5,629543052;Coordinado_IGR Poblaciones;798;MDT
4241236;24;León;07;Castilla y León;Villomar;24094000300;24094;42,51846429;-5,3606018;Detección automática;812;MDT
4241237;24;León;07;Castilla y León;Villoria de Órbigo;24223000400;24223;42,4134278;-5,882079831;Coordinado_IGR Poblaciones;802;MDT
4241238;24;León;07;Castilla y León;Viñales;24014000900;24014;42,63467576;-6,423660352;Coordinado_IGR Poblaciones;647;MDT
4241239;24;León;07;Castilla y León;Viñayo;24040000700;24040;42,79414075;-5,770083644;Coordinado_IGR Poblaciones;1022;MDT
4241240;24;León;07;Castilla y León;La Virgen del Camino;24189000800;24189;42,58174104;-5,638248255;Coordinado_IGR Poblaciones;906;MDT
4241241;24;León;07;Castilla y León;Vivero;24101001500;24101;42,87981243;-6,23181066;Detección automática;1368;MDT
4241242;24;León;07;Castilla y León;Voces;24022000500;24022;42,46172729;-6,718616488;Coordinado_IGR Poblaciones;800;MDT
4241243;24;León;07;Castilla y León;Yebra;24016000900;24016;42,40509949;-6,681489519;Coordinado_IGR Poblaciones;653;MDT
4241244;24;León;07;Castilla y León;Yeres;24122000700;24122;42,4384183;-6,767039634;Coordinado_IGR Poblaciones;633;MDT
4241245;24;León;07;Castilla y León;Yugueros;24068001400;24068;42,80998085;-5,173372431;Coordinado_IGR Poblaciones;1083;MDT
4241246;24;León;07;Castilla y León;Zacos;24093000600;24093;42,56628487;-6,08029323;Detección automática;923;MDT
4241247;24;León;07;Castilla y León;Zalamillas;24099000300;24099;42,2511693;-5,416393615;Coordinado_IGR Poblaciones;835;MDT
4241248;24;León;07;Castilla y León;Zambrocinos del Páramo;24230000200;24230;42,29580079;-5,73921398;Detección automática;788;MDT
4241249;24;León;07;Castilla y León;Zotes del Páramo;24230000300;24230;42,27230789;-5,736180876;Detección automática;781;MDT
4241250;24;León;07;Castilla y León;Zuares del Páramo;24017000300;24017;42,32846255;-5,6819309;Coordinado_IGR Poblaciones;802;MDT
4241251;24;León;07;Castilla y León;Villamorico;24088000400;24088;42,19144562;-5,677371368;Coordinado_IGR Poblaciones;766;MDT
4241252;24;León;07;Castilla y León;Abadengo de Torío;24076000100;24076;42,71390571;-5,514053853;Coordinado_IGR Poblaciones;899;MDT
4241253;24;León;07;Castilla y León;Valporquero de Torío;24194000200;24194;42,90958614;-5,563286362;Coordinado_IGR Poblaciones;1380;MDT
4241254;24;León;07;Castilla y León;Fresnedo;24064000500;24064;42,67676366;-6,585505098;Coordinado_IGR Poblaciones;722;MDT
4241255;24;León;07;Castilla y León;Villar del Puerto;24194000500;24194;42,89083009;-5,60021691;Coordinado_IGR Poblaciones;1267;MDT
4241256;24;León;07;Castilla y León;Matadeón de los Oteros;24097000200;24097;42,33670706;-5,368820931;Detección automática;862;MDT
4241257;24;León;07;Castilla y León;Labaniego;24014000300;24014;42,66765615;-6,406423076;Coordinado_IGR Poblaciones;788;MDT
4250001;25;Lleida;09;Cataluña/Catalunya;Araós;25017000300;25017;42,53492443;1,26118782;Detección automática;920;MDT
4250002;25;Lleida;09;Cataluña/Catalunya;Arànser;25127000100;25127;42,40810418;1,662666717;Coordinado_IGR Poblaciones;1466;MDT
4250003;25;Lleida;09;Cataluña/Catalunya;Arcavell i La Farga de Moles;25239001100,25239000200;25239;42,43106348;1,474991312;Centroide calculado a partir de las coordenadas de las poblaciones que componen el EATIM;988;Altitud media de las poblaciones que componen el EATIM
4250005;25;Lleida;09;Cataluña/Catalunya;Àreu;25017000400;25017;42,58812188;1,326377491;Coordinado_IGR Poblaciones;1226;MDT
4250006;25;Lleida;09;Cataluña/Catalunya;Arestui;25126000200;25126;42,50787347;1,16651312;Detección automática;1171;MDT
4250007;25;Lleida;09;Cataluña/Catalunya;Arró;25057000100;25057;42,74450414;0,712633172;Coordinado_IGR Poblaciones;906;MDT
4250008;25;Lleida;09;Cataluña/Catalunya;Arròs e Vila;25243000100,25243001200;25243;42,73748875;0,769056502;Centroide calculado a partir de las coordenadas de las poblaciones que componen el EATIM;1017,5;Altitud media de las poblaciones que componen el EATIM
4250009;25;Lleida;09;Cataluña/Catalunya;Ars;25239000500;25239;42,44523896;1,39368725;Detección automática;1386;MDT
4250010;25;Lleida;09;Cataluña/Catalunya;Arties e Garòs;25025000400,25025000100;25025;42,70031169;0,859475401;Centroide calculado a partir de las coordenadas de las poblaciones que componen el EATIM;1127;Altitud media de las poblaciones que componen el EATIM
4250011;25;Lleida;09;Cataluña/Catalunya;Asnurri;25239000600;25239;42,44491014;1,42272409;Detección automática;1175;MDT
4250012;25;Lleida;09;Cataluña/Catalunya;Aubèrt e Betlan;25243000200,25243000300;25243;42,72951192;0,781848457;Centroide calculado a partir de las coordenadas de las poblaciones que componen el EATIM;972,5;Altitud media de las poblaciones que componen el EATIM
4250013;25;Lleida;09;Cataluña/Catalunya;Ainet de Besan;25017000100;25017;42,53783368;1,296862872;Coordinado_IGR Poblaciones;992;MDT
4250014;25;Lleida;09;Cataluña/Catalunya;Bagergue;25025000200;25025;42,71938784;0,916614167;Coordinado_IGR Poblaciones;1443;MDT
4250016;25;Lleida;09;Cataluña/Catalunya;Baiasca;25126000300;25126;42,50946989;1,14260955;Detección automática;1218;MDT
4250017;25;Lleida;09;Cataluña/Catalunya;Bescaran;25239000800;25239;42,40219384;1,54421101;Detección automática;1356;MDT
4250018;25;Lleida;09;Cataluña/Catalunya;Betren;25243000400;25243;42,69741717;0,805896092;Coordinado_IGR Poblaciones;1004;MDT
4250019;25;Lleida;09;Cataluña/Catalunya;Canalda;25148000200;25148;42,12346904;1,51927797;Mapa;1180;MDT
4250020;25;Lleida;09;Cataluña/Catalunya;Casau;25243000600;25243;42,70591434;0,78535508;Detección automática;1128;MDT
4250021;25;Lleida;09;Cataluña/Catalunya;Civís;25239001000;25239;42,46475839;1,423142934;Coordinado_IGR Poblaciones;1534;MDT
4250022;25;Lleida;09;Cataluña/Catalunya;Durro i Saraís;25043000700,25043000500;25043;42,48785434;0,806058855;Centroide calculado a partir de las coordenadas de las poblaciones que componen el EATIM;1373,5;Altitud media de las poblaciones que componen el EATIM
4250024;25;Lleida;09;Cataluña/Catalunya;Escunhau e Casarilh;25243000500,25243000700;25243;42,69844538;0,827621654;Centroide calculado a partir de las coordenadas de las poblaciones que componen el EATIM;1038,5;Altitud media de las poblaciones que componen el EATIM
4250025;25;Lleida;09;Cataluña/Catalunya;Espui;25227001000;25227;42,45538423;0,989347359;Coordinado_IGR Poblaciones;1260;MDT
4250026;25;Lleida;09;Cataluña/Catalunya;Fontllonga i Ametlla;25062000100,25062000500;25062;41,99224895;0,842027943;Centroide calculado a partir de las coordenadas de las poblaciones que componen el EATIM;605;Altitud media de las poblaciones que componen el EATIM
4250027;25;Lleida;09;Cataluña/Catalunya;Gausac;25243000800;25243;42,70870613;0,791501411;Coordinado_IGR Poblaciones;1008;MDT
4250028;25;Lleida;09;Cataluña/Catalunya;Gerb;25156000200;25156;41,82209547;0,804362999;Coordinado_IGR Poblaciones;244;MDT
4250029;25;Lleida;09;Cataluña/Catalunya;Gessa;25025000500;25025;42,70605245;0,8897671;Coordinado_IGR Poblaciones;1248;MDT
4250031;25;Lleida;09;Cataluña/Catalunya;La Guàrdia d'Ares;25906000800;25906;42,2858845;1,234331072;Coordinado_IGR Poblaciones;1561;MDT
4250033;25;Lleida;09;Cataluña/Catalunya;Josa de Cadí;25910000100;25910;42,2569693;1,618553338;Coordinado_IGR Poblaciones;1417;MDT
4250034;25;Lleida;09;Cataluña/Catalunya;Manyanet;25201000800;25201;42,42358909;0,881628305;Coordinado_IGR Poblaciones;1480;MDT
4250035;25;Lleida;09;Cataluña/Catalunya;Montenartró;25126000500;25126;42,44955427;1,22609993;Detección automática;1304;MDT
4250037;25;Lleida;09;Cataluña/Catalunya;Os de Civís;25239001200;25239;42,51027561;1,439423408;Coordinado_IGR Poblaciones;1480;MDT
4250038;25;Lleida;09;Cataluña/Catalunya;Pi;25051001200;25051;42,35164765;1,762349894;Coordinado_IGR Poblaciones;1079;MDT
4250041;25;Lleida;09;Cataluña/Catalunya;Sant Joan Fumat;25239001400;25239;42,43005964;1,421424051;Coordinado_IGR Poblaciones;1009;MDT
4250042;25;Lleida;09;Cataluña/Catalunya;Santa Maria de Meià;25250000500;25250;41,99321544;0,993798411;Coordinado_IGR Poblaciones;687;MDT
4250043;25;Lleida;09;Cataluña/Catalunya;Sellui;25039001700;25039;42,35121312;1,0197249;Mapa;977;MDT
4250044;25;Lleida;09;Cataluña/Catalunya;Senet;25245000100;25245;42,55739792;0,752865884;Coordinado_IGR Poblaciones;1302;MDT
4250046;25;Lleida;09;Cataluña/Catalunya;Sossís;25161001100;25161;42,25302884;0,985991691;Coordinado_IGR Poblaciones;602;MDT
4250047;25;Lleida;09;Cataluña/Catalunya;Sucs;25120001200;25120;41,70175241;0,411531343;Coordinado_IGR Poblaciones;237;MDT
4250048;25;Lleida;09;Cataluña/Catalunya;Taús;25906001200;25906;42,29069851;1,19277967;Coordinado_IGR Poblaciones;1470;MDT
4250049;25;Lleida;09;Cataluña/Catalunya;Tredòs;25025000700;25025;42,70206517;0,914377219;Coordinado_IGR Poblaciones;1289;MDT
4250050;25;Lleida;09;Cataluña/Catalunya;Vilac;25243001300;25243;42,72152858;0,798811275;Coordinado_IGR Poblaciones;1043;MDT
4250051;25;Lleida;09;Cataluña/Catalunya;Vilamitjana;25234002700;25234;42,14666642;0,91908711;Detección automática;447;MDT
4250052;25;Lleida;09;Cataluña/Catalunya;Vila i Vall de Castellbò;25140000800;25140;42,37476247;1,35598045;Detección automática;825;MDT
4250053;25;Lleida;09;Cataluña/Catalunya;Víllec i Estana;25139000200,25139000500;25139;42,3270345;1,668404149;Centroide calculado a partir de las coordenadas de las poblaciones que componen el EATIM;1300,5;Altitud media de las poblaciones que componen el EATIM
4250054;25;Lleida;09;Cataluña/Catalunya;el Pla de la Font;25912000200;25912;41,68695333;0,353657767;Coordinado_IGR Poblaciones;185;MDT
4250055;25;Lleida;09;Cataluña/Catalunya;Unha;25025000800;25025;42,70997827;0,901917573;Coordinado_IGR Poblaciones;1288;MDT
4250056;25;Lleida;09;Cataluña/Catalunya;Isil i Alós;25024000100,25024000500;25024;42,68985757;1,093097236;Centroide calculado a partir de las coordenadas de las poblaciones que componen el EATIM;1216,5;Altitud media de las poblaciones que componen el EATIM
4250057;25;Lleida;09;Cataluña/Catalunya;Sorpe;25024000700;25024;42,65191929;1,079816699;Coordinado_IGR Poblaciones;1267;MDT
4250058;25;Lleida;09;Cataluña/Catalunya;Raimat;25120001000;25120;41,67719255;0,477211845;Coordinado_IGR Poblaciones;304;MDT
4250059;25;Lleida;09;Cataluña/Catalunya;Rocallaura;25238000200;25238;41,50708743;1,14818139;Detección automática;650;MDT
4250060;25;Lleida;09;Cataluña/Catalunya;Seana;25050000200;25050;41,67042827;1,018689022;Coordinado_IGR Poblaciones;287;MDT
4250061;25;Lleida;09;Cataluña/Catalunya;Tornafort;25208001200;25208;42,36885455;1,14020414;Detección automática;1301;MDT
4250062;25;Lleida;09;Cataluña/Catalunya;el Talladell;25217000700;25217;41,6498543;1,166469101;Coordinado_IGR Poblaciones;404;MDT
4250063;25;Lleida;09;Cataluña/Catalunya;Baldomar;25034000400;25034;41,91789958;1,014721489;Coordinado_IGR Poblaciones;338;MDT
4260001;26;La Rioja;17;La Rioja;Quintanar de Rioja;26174000200;26174;42,40845314;-3,09342168;Detección automática;856;MDT
4260002;26;La Rioja;17;La Rioja;Villaseca de Rioja;26063000200;26063;42,59818886;-2,97893606;Coordinado_IGR Poblaciones;539;MDT
4260003;26;La Rioja;17;La Rioja;Morales;26055000200;26055;42,42505981;-3,009662611;Coordinado_IGR Poblaciones;773;MDT
4260004;26;La Rioja;17;La Rioja;Santa Lucía;26108000700;26108;42,31164683;-2,263573312;Coordinado_IGR Poblaciones;723;MDT
4280001;28;Madrid;13;Comunidad de Madrid;Belvis del Jarama;28104000100;28104;40,5632704;-3,55030191;Coordinado_IGR Poblaciones;601;MDT
4280002;28;Madrid;13;Comunidad de Madrid;Cortijo de San Isidro;28013000400;28013;40,05453006;-3,563869972;Coordinado_IGR Poblaciones;502;MDT
4290004;29;Málaga;01;Andalucía;Bobadilla Estación;29015000300;29015;37,03605576;-4,727411799;Coordinado_IGR Poblaciones;374;MDT
4290005;29;Málaga;01;Andalucía;Estación de Gaucín-El Colmenar;29046000200;29046;36,54017049;-5,386227017;Coordinado_IGR Poblaciones;244;MDT
4310001;31;Navarra;15;Comunidad Foral de Navarra;Arribe-Atallu;31020010000,31020010200,31020010100;31020;43,03930701;-1,985662999;Centroide calculado a partir de las coordenadas de las poblaciones que componen el EATIM;221,3333333;Altitud media de las poblaciones que componen el EATIM
4310002;31;Navarra;15;Comunidad Foral de Navarra;Azkarate;31020000300;31020;43,03555441;-2,009861734;Coordinado_IGR Poblaciones;426;MDT
4310003;31;Navarra;15;Comunidad Foral de Navarra;Abínzano;31124000100;31124;42,66294264;-1,45288592;Mapa;706;MDT
4310005;31;Navarra;15;Comunidad Foral de Navarra;Aguinaga;31131000100;31131;42,92326238;-1,789339891;Coordinado_IGR Poblaciones;552;MDT
4310006;31;Navarra;15;Comunidad Foral de Navarra;Aizpún;31118000100;31118;42,83271357;-1,875167352;Detección automática;776;MDT
4310007;31;Navarra;15;Comunidad Foral de Navarra;Albiasu;31144000100;31144;43,00862936;-1,936668389;Coordinado_IGR Poblaciones;604;MDT
4310008;31;Navarra;15;Comunidad Foral de Navarra;Alkotz;31236000100;31236;42,99955154;-1,67352769;Coordinado_IGR Poblaciones;550;MDT
4310009;31;Navarra;15;Comunidad Foral de Navarra;Aldaba;31131000200;31131;42,85617095;-1,752282514;Coordinado_IGR Poblaciones;465;MDT
4310011;31;Navarra;15;Comunidad Foral de Navarra;Alzuza;31086000100;31086;42,83872601;-1,565912419;Coordinado_IGR Poblaciones;590;MDT
4310012;31;Navarra;15;Comunidad Foral de Navarra;Alloz/Allotz;31260000100;31260;42,69427528;-1,959184506;Detección automática;455;MDT
4310014;31;Navarra;15;Comunidad Foral de Navarra;Amillano;31011000100;31011;42,71839747;-2,073278677;Coordinado_IGR Poblaciones;491;MDT
4310016;31;Navarra;15;Comunidad Foral de Navarra;Ancín/Antzin;31014000100;31014;42,66123443;-2,190101013;Detección automática;488;MDT
4310017;31;Navarra;15;Comunidad Foral de Navarra;Anocíbar/Anotzibar;31186000100;31186;42,91995335;-1,639519248;Coordinado_IGR Poblaciones;534;MDT
4310018;31;Navarra;15;Comunidad Foral de Navarra;Añezkar;31902000200;31902;42,86500613;-1,720271906;Coordinado_IGR Poblaciones;451;MDT
4310020;31;Navarra;15;Comunidad Foral de Navarra;Aramendía;31011000200;31011;42,7111918;-2,105728111;Coordinado_IGR Poblaciones;576;MDT
4310021;31;Navarra;15;Comunidad Foral de Navarra;Arandigoyen/Arandigoien;31260000300;31260;42,6673473;-1,988664654;Coordinado_IGR Poblaciones;457;MDT
4310022;31;Navarra;15;Comunidad Foral de Navarra;Aranguren;31023000100;31023;42,78913884;-1,535744784;Coordinado_IGR Poblaciones;618;MDT
4310023;31;Navarra;15;Comunidad Foral de Navarra;Arazuri;31193000100;31193;42,81671169;-1,72088244;Coordinado_IGR Poblaciones;401;MDT
4310024;31;Navarra;15;Comunidad Foral de Navarra;Arboniés/Arbontze;31209000200;31209;42,679761;-1,253217;Investigación;493;Investigación
4310025;31;Navarra;15;Comunidad Foral de Navarra;Arguiñano;31120000100;31120;42,77564309;-1,924439236;Coordinado_IGR Poblaciones;631;MDT
4310028;31;Navarra;15;Comunidad Foral de Navarra;Ariz;31131000400;31131;42,86066985;-1,77624464;Detección automática;472;MDT
4310029;31;Navarra;15;Comunidad Foral de Navarra;Arizaleta/Aritzaleta;31260000500;31260;42,75808813;-1,977569305;Coordinado_IGR Poblaciones;640;MDT
4310030;31;Navarra;15;Comunidad Foral de Navarra;Aritzu;31017000100;31017;42,97543565;-1,614447628;Coordinado_IGR Poblaciones;630;MDT
4310031;31;Navarra;15;Comunidad Foral de Navarra;Arraitz-Orkin;31236000200;31236;43,00202495;-1,648455106;Coordinado_IGR Poblaciones;573;MDT
4310032;31;Navarra;15;Comunidad Foral de Navarra;Arraiza;31262000100;31262;42,76760762;-1,806175966;Detección automática;500;MDT
4310033;31;Navarra;15;Comunidad Foral de Navarra;Arruitz;31144000400;31144;42,99434711;-1,863651734;Coordinado_IGR Poblaciones;617;MDT
4310034;31;Navarra;15;Comunidad Foral de Navarra;Artajo/Artaxo;31158000300;31158;42,72915544;-1,340101533;Coordinado_IGR Poblaciones;448;MDT
4310035;31;Navarra;15;Comunidad Foral de Navarra;Artázcoz;31193000200;31193;42,81902828;-1,781296581;Coordinado_IGR Poblaciones;425;MDT
4310036;31;Navarra;15;Comunidad Foral de Navarra;Arteaga;31168000100;31168;42,68677264;-2,112259529;Coordinado_IGR Poblaciones;511;MDT
4310037;31;Navarra;15;Comunidad Foral de Navarra;Artieda;31242000300;31242;42,71377582;-1,323294165;Coordinado_IGR Poblaciones;456;MDT
4310038;31;Navarra;15;Comunidad Foral de Navarra;Artica/Artika;31902000300;31902;42,83880457;-1,656654629;Coordinado_IGR Poblaciones;450;MDT
4310041;31;Navarra;15;Comunidad Foral de Navarra;Asiáin;31193000300;31193;42,83212875;-1,786150765;Coordinado_IGR Poblaciones;394;MDT
4310042;31;Navarra;15;Comunidad Foral de Navarra;Atondo;31131000500;31131;42,87918964;-1,81535833;Detección automática;494;MDT
4310043;31;Navarra;15;Comunidad Foral de Navarra;Auza;31236000300;31236;42,99060985;-1,709157062;Coordinado_IGR Poblaciones;551;MDT
4310044;31;Navarra;15;Comunidad Foral de Navarra;Alzórriz;31237000100;31237;42,7146678;-1,476175639;Coordinado_IGR Poblaciones;641;MDT
4310046;31;Navarra;15;Comunidad Foral de Navarra;Ardanaz;31132000100;31132;42,73532315;-1,421805991;Detección automática;647;MDT
4310047;31;Navarra;15;Comunidad Foral de Navarra;Arrieta;31028000200;31028;42,92447083;-1,37129574;Mapa;776;MDT
4310048;31;Navarra;15;Comunidad Foral de Navarra;Asarta;31166000200;31166;42,64595845;-2,258767968;Coordinado_IGR Poblaciones;670;MDT
4310049;31;Navarra;15;Comunidad Foral de Navarra;Ayechu;31241000400;31241;42,81916034;-1,21860469;Mapa;688;MDT
4310051;31;Navarra;15;Comunidad Foral de Navarra;Azpa;31086000300;31086;42,80568278;-1,522500476;Coordinado_IGR Poblaciones;621;MDT
4310052;31;Navarra;15;Comunidad Foral de Navarra;Azparren;31028000400;31028;42,87630129;-1,28071261;Mapa;804;MDT
4310053;31;Navarra;15;Comunidad Foral de Navarra;Azpirotz-Lezaeta;31144010100,31144010200;31144;43,02808275;-1,944174953;Centroide calculado a partir de las coordenadas de las poblaciones que componen el EATIM;416;Altitud media de las poblaciones que componen el EATIM
4310054;31;Navarra;15;Comunidad Foral de Navarra;Azqueta;31125000100;31125;42,63569922;-2,087016536;Coordinado_IGR Poblaciones;580;MDT
4310055;31;Navarra;15;Comunidad Foral de Navarra;Badostáin;31086000400;31086;42,79899402;-1,595532712;Coordinado_IGR Poblaciones;493;MDT
4310056;31;Navarra;15;Comunidad Foral de Navarra;Ballariain;31902000400;31902;42,86770909;-1,698864756;Coordinado_IGR Poblaciones;464;MDT
4310057;31;Navarra;15;Comunidad Foral de Navarra;Baquedano/Bakedao;31013000200;31013;42,78451302;-2,12017423;Mapa;611;MDT
4310058;31;Navarra;15;Comunidad Foral de Navarra;Baríndano;31013000300;31013;42,7657283;-2,130615275;Coordinado_IGR Poblaciones;558;MDT
4310061;31;Navarra;15;Comunidad Foral de Navarra;Berasáin/Beratsain;31040010100;31040;42,94657898;-1,718422379;Coordinado_IGR Poblaciones;603;MDT
4310062;31;Navarra;15;Comunidad Foral de Navarra;Berrioplano/Berriobeiti;31902000500;31902;42,85293834;-1,693240073;Detección automática;455;MDT
4310063;31;Navarra;15;Comunidad Foral de Navarra;Berriosuso/Berriogoiti;31902000600;31902;42,85811723;-1,688110091;Coordinado_IGR Poblaciones;457;MDT
4310066;31;Navarra;15;Comunidad Foral de Navarra;Beunza/Beuntza;31040020100;31040;42,97007201;-1,722108449;Coordinado_IGR Poblaciones;710;MDT
4310068;31;Navarra;15;Comunidad Foral de Navarra;Bigüézal;31209000300;31209;42,68614733;-1,15103277;Detección automática;810;MDT
4310069;31;Navarra;15;Comunidad Foral de Navarra;Biurrun;31056010100;31056;42,69267565;-1,679301905;Detección automática;601;MDT
4310070;31;Navarra;15;Comunidad Foral de Navarra;Burutain;31017000200;31017;42,92658353;-1,605161918;Coordinado_IGR Poblaciones;513;MDT
4310071;31;Navarra;15;Comunidad Foral de Navarra;Cemboráin;31237000300;31237;42,73785466;-1,519723401;Coordinado_IGR Poblaciones;600;MDT
4310072;31;Navarra;15;Comunidad Foral de Navarra;Zenotz;31236000400;31236;42,97556986;-1,67652191;Detección automática;551;MDT
4310073;31;Navarra;15;Comunidad Foral de Navarra;Zia;31131000600;31131;42,92814394;-1,77543832;Detección automática;549;MDT
4310074;31;Navarra;15;Comunidad Foral de Navarra;Ciáurriz/Ziaurritz;31186000200;31186;42,92808467;-1,63651728;Coordinado_IGR Poblaciones;502;MDT
4310075;31;Navarra;15;Comunidad Foral de Navarra;Ciganda/Ziganda;31040000200;31040;42,94508006;-1,697698554;Coordinado_IGR Poblaciones;646;MDT
4310076;31;Navarra;15;Comunidad Foral de Navarra;Zildotz-Cildoz;31101000400;31101;42,87904363;-1,672283027;Coordinado_IGR Poblaciones;537;MDT
4310077;31;Navarra;15;Comunidad Foral de Navarra;Zilbeti;31092020100;31092;42,9855708;-1,464155059;Coordinado_IGR Poblaciones;724;MDT
4310079;31;Navarra;15;Comunidad Foral de Navarra;Cizur Menor;31076000300;31076;42,78649666;-1,677051575;Coordinado_IGR Poblaciones;457;MDT
4310080;31;Navarra;15;Comunidad Foral de Navarra;Etxaleku;31126000100;31126;42,96896804;-1,793734952;Detección automática;590;MDT
4310081;31;Navarra;15;Comunidad Foral de Navarra;Echarren de Guirguillano;31121000200;31121;42,72466594;-1,87860997;Investigación;550;MDT
4310082;31;Navarra;15;Comunidad Foral de Navarra;Etxarri;31144000700;31144;43,01045183;-1,87631485;Coordinado_IGR Poblaciones;641;MDT
4310083;31;Navarra;15;Comunidad Foral de Navarra;Egozkue;31017000400;31017;42,96235746;-1,576900535;Coordinado_IGR Poblaciones;689;MDT
4310084;31;Navarra;15;Comunidad Foral de Navarra;Egüés;31086000600;31086;42,82516846;-1,552435651;Coordinado_IGR Poblaciones;505;MDT
4310085;31;Navarra;15;Comunidad Foral de Navarra;Elcano;31086000800;31086;42,83124045;-1,54572703;Coordinado_IGR Poblaciones;528;MDT
4310086;31;Navarra;15;Comunidad Foral de Navarra;Elcarte;31902000700;31902;42,86944526;-1,706323302;Coordinado_IGR Poblaciones;476;MDT
4310088;31;Navarra;15;Comunidad Foral de Navarra;Elía;31086000900;31086;42,84161348;-1,517027928;Coordinado_IGR Poblaciones;578;MDT
4310089;31;Navarra;15;Comunidad Foral de Navarra;Elorz/Elortz;31088000100;31088;42,73228994;-1,561576193;Coordinado_IGR Poblaciones;482;MDT
4310090;31;Navarra;15;Comunidad Foral de Navarra;Eltso;31236000500;31236;42,97250252;-1,669368695;Coordinado_IGR Poblaciones;585;MDT
4310091;31;Navarra;15;Comunidad Foral de Navarra;Eltzaburu;31236000600;31236;43,01038794;-1,72022459;Coordinado_IGR Poblaciones;590;MDT
4310092;31;Navarra;15;Comunidad Foral de Navarra;Endériz;31188000200;31188;42,90584215;-1,615614165;Coordinado_IGR Poblaciones;497;MDT
4310093;31;Navarra;15;Comunidad Foral de Navarra;Eraso;31126000200;31126;42,94960831;-1,806130737;Coordinado_IGR Poblaciones;504;MDT
4310094;31;Navarra;15;Comunidad Foral de Navarra;Eraul;31260000700;31260;42,71662082;-2,049533167;Coordinado_IGR Poblaciones;638;MDT
4310097;31;Navarra;15;Comunidad Foral de Navarra;Erice;31131000700;31131;42,88207884;-1,765663311;Detección automática;486;MDT
4310098;31;Navarra;15;Comunidad Foral de Navarra;Errazkin;31144020100;31144;43,00742871;-1,96021743;Coordinado_IGR Poblaciones;406;MDT
4310100;31;Navarra;15;Comunidad Foral de Navarra;Etsain;31017000500;31017;42,93008608;-1,570077398;Coordinado_IGR Poblaciones;588;MDT
4310101;31;Navarra;15;Comunidad Foral de Navarra;Esnotz;31092000300;31092;42,93448685;-1,418890789;Coordinado_IGR Poblaciones;839;MDT
4310102;31;Navarra;15;Comunidad Foral de Navarra;Esparza;31109000400;31109;42,75569775;-1,682957631;Coordinado_IGR Poblaciones;522;MDT
4310103;31;Navarra;15;Comunidad Foral de Navarra;Aurizberri/Espinal;31092000400;31092;42,97917907;-1,369900733;Coordinado_IGR Poblaciones;867;MDT
4310106;31;Navarra;15;Comunidad Foral de Navarra;Esquíroz;31109000500;31109;42,77588294;-1,656309316;Coordinado_IGR Poblaciones;426;MDT
4310107;31;Navarra;15;Comunidad Foral de Navarra;Esténoz;31120000300;31120;42,7442207;-1,922447535;Coordinado_IGR Poblaciones;526;MDT
4310108;31;Navarra;15;Comunidad Foral de Navarra;Etulain;31017000600;31017;42,9407288;-1,604847289;Coordinado_IGR Poblaciones;520;MDT
4310109;31;Navarra;15;Comunidad Foral de Navarra;Eugi;31098000700;31098;42,97848972;-1,509831802;Coordinado_IGR Poblaciones;634;MDT
4310110;31;Navarra;15;Comunidad Foral de Navarra;Eusa;31101000500;31101;42,86526147;-1,629259846;Coordinado_IGR Poblaciones;529;MDT
4310113;31;Navarra;15;Comunidad Foral de Navarra;Gaintza;31020000400;31020;43,02039031;-2,009860421;Coordinado_IGR Poblaciones;387;MDT
4310114;31;Navarra;15;Comunidad Foral de Navarra;Galar;31109000600;31109;42,762149;-1,69930358;Detección automática;549;MDT
4310115;31;Navarra;15;Comunidad Foral de Navarra;Galbarra;31139000100;31139;42,70813332;-2,248418436;Detección automática;580;MDT
4310118;31;Navarra;15;Comunidad Foral de Navarra;Ganuza;31168000200;31168;42,69914702;-2,133770891;Coordinado_IGR Poblaciones;591;MDT
4310119;31;Navarra;15;Comunidad Foral de Navarra;Garciriáin/Gartziriain;31136000400;31136;42,88973285;-1,69441696;Mapa;500;MDT
4310120;31;Navarra;15;Comunidad Foral de Navarra;Garísoain;31120000400;31120;42,7195068;-1,91015644;Coordinado_IGR Poblaciones;593;MDT
4310122;31;Navarra;15;Comunidad Foral de Navarra;Gascue/Gaskue;31186000300;31186;42,93916694;-1,666408877;Coordinado_IGR Poblaciones;550;MDT
4310123;31;Navarra;15;Comunidad Foral de Navarra;Gastiáin;31139000200;31139;42,7215503;-2,283539103;Coordinado_IGR Poblaciones;670;MDT
4310124;31;Navarra;15;Comunidad Foral de Navarra;Gazólaz;31076000500;31076;42,79188674;-1,717787094;Detección automática;456;MDT
4310125;31;Navarra;15;Comunidad Foral de Navarra;Goldaratz;31126000300;31126;42,9500452;-1,835783475;Coordinado_IGR Poblaciones;707;MDT
4310127;31;Navarra;15;Comunidad Foral de Navarra;Goñi;31118000300;31118;42,85119084;-1,903296517;Coordinado_IGR Poblaciones;868;MDT
4310129;31;Navarra;15;Comunidad Foral de Navarra;Gorrontz-Olano;31236000700;31236;42,95701175;-1,69463588;Mapa;566;MDT
4310130;31;Navarra;15;Comunidad Foral de Navarra;Grocin/Gorozin;31260000800;31260;42,68215217;-1,997548694;Coordinado_IGR Poblaciones;504;MDT
4310131;31;Navarra;15;Comunidad Foral de Navarra;Guelbenzu/Gelbentzu;31186000400;31186;42,95001309;-1,666381;Mapa;577;MDT
4310133;31;Navarra;15;Comunidad Foral de Navarra;Guenduláin/Gendulain;31186000500;31186;42,93931169;-1,63328723;Mapa;569;MDT
4310134;31;Navarra;15;Comunidad Foral de Navarra;Guerendiáin;31088000300;31088;42,70623812;-1,6025583;Mapa;589;MDT
4310135;31;Navarra;15;Comunidad Foral de Navarra;Gerendiain;31236000800;31236;42,97016274;-1,676181435;Coordinado_IGR Poblaciones;533;MDT
4310137;31;Navarra;15;Comunidad Foral de Navarra;Güesa/Gorza;31119000100;31119;42,80621609;-1,095910996;Detección automática;656;MDT
4310139;31;Navarra;15;Comunidad Foral de Navarra;Gulina;31131000800;31131;42,91027028;-1,792119372;Coordinado_IGR Poblaciones;512;MDT
4310140;31;Navarra;15;Comunidad Foral de Navarra;Ibiricu de Yerri/Ibiriku Deierri;31260000900;31260;42,74670877;-2,022778917;Coordinado_IGR Poblaciones;695;MDT
4310141;31;Navarra;15;Comunidad Foral de Navarra;Iciz/Izize;31111000200;31111;42,78441644;-1,089022618;Coordinado_IGR Poblaciones;673;MDT
4310143;31;Navarra;15;Comunidad Foral de Navarra;Idocin;31124000300;31124;42,68815014;-1,472223435;Detección automática;596;MDT
4310145;31;Navarra;15;Comunidad Foral de Navarra;Igal/Igari;31119000200;31119;42,81290197;-1,064776795;Coordinado_IGR Poblaciones;694;MDT
4310146;31;Navarra;15;Comunidad Foral de Navarra;Igúzquiza;31125000200;31125;42,6457669;-2,08581976;Mapa;515;MDT
4310148;31;Navarra;15;Comunidad Foral de Navarra;Ilarregi;31236000900;31236;43,00254063;-1,740451061;Coordinado_IGR Poblaciones;607;MDT
4310151;31;Navarra;15;Comunidad Foral de Navarra;Imárcoain;31088000400;31088;42,73675177;-1,614865993;Coordinado_IGR Poblaciones;458;MDT
4310152;31;Navarra;15;Comunidad Foral de Navarra;Inbuluzketa;31098001200;31098;42,92438679;-1,541680949;Coordinado_IGR Poblaciones;545;MDT
4310153;31;Navarra;15;Comunidad Foral de Navarra;Imirizaldu;31241000900;31241;42,74558194;-1,25457307;Coordinado_IGR Poblaciones;555;MDT
4310156;31;Navarra;15;Comunidad Foral de Navarra;Intza;31020000500;31020;43,01444064;-1,993691963;Coordinado_IGR Poblaciones;315;MDT
4310157;31;Navarra;15;Comunidad Foral de Navarra;Iratxeta;31150000600;31150;42,63770008;-1,54764662;Coordinado_IGR Poblaciones;706;MDT
4310158;31;Navarra;15;Comunidad Foral de Navarra;Iraizotz;31236001000;31236;42,99399784;-1,674333165;Coordinado_IGR Poblaciones;544;MDT
4310159;31;Navarra;15;Comunidad Foral de Navarra;Iribas;31144001000;31144;42,9887778;-1,90571812;Coordinado_IGR Poblaciones;619;MDT
4310161;31;Navarra;15;Comunidad Foral de Navarra;Iruñela;31260001000;31260;42,74066284;-2,010790829;Coordinado_IGR Poblaciones;665;MDT
4310163;31;Navarra;15;Comunidad Foral de Navarra;Irurozqui;31241001000;31241;42,75743823;-1,25590043;Mapa;560;MDT
4310164;31;Navarra;15;Comunidad Foral de Navarra;Irurre;31120000700;31120;42,71326875;-1,927367814;Coordinado_IGR Poblaciones;562;MDT
4310167;31;Navarra;15;Comunidad Foral de Navarra;Iza;31131000900;31131;42,8376635;-1,72944687;Mapa;443;MDT
4310168;31;Navarra;15;Comunidad Foral de Navarra;Izal/Itzalle;31111000300;31111;42,80532229;-1,128493812;Coordinado_IGR Poblaciones;720;MDT
4310169;31;Navarra;15;Comunidad Foral de Navarra;Izco;31124000400;31124;42,65700117;-1,428624665;Coordinado_IGR Poblaciones;705;MDT
4310170;31;Navarra;15;Comunidad Foral de Navarra;Izcue;31193000500;31193;42,81264022;-1,780070252;Coordinado_IGR Poblaciones;412;MDT
4310171;31;Navarra;15;Comunidad Foral de Navarra;Izu;31193000600;31193;42,82748326;-1,789716176;Coordinado_IGR Poblaciones;419;MDT
4310172;31;Navarra;15;Comunidad Foral de Navarra;Izurzu;31120000900;31120;42,78211254;-1,865312155;Coordinado_IGR Poblaciones;725;MDT
4310175;31;Navarra;15;Comunidad Foral de Navarra;Suarbe;31236001100;31236;42,99853495;-1,731234636;Coordinado_IGR Poblaciones;615;MDT
4310176;31;Navarra;15;Comunidad Foral de Navarra;Labeaga;31125000300;31125;42,65001959;-2,106777276;Coordinado_IGR Poblaciones;523;MDT
4310177;31;Navarra;15;Comunidad Foral de Navarra;Labiano;31023000400;31023;42,75669509;-1,548944124;Coordinado_IGR Poblaciones;561;MDT
4310178;31;Navarra;15;Comunidad Foral de Navarra;Lacabe/Lakabe;31028001000;31028;42,87255029;-1,34509246;Mapa;743;MDT
4310179;31;Navarra;15;Comunidad Foral de Navarra;Lácar/Lakar;31260001100;31260;42,68359114;-1,958371101;Coordinado_IGR Poblaciones;478;MDT
4310180;31;Navarra;15;Comunidad Foral de Navarra;Lapoblación;31141000100;31141;42,60477216;-2,45915523;Coordinado_IGR Poblaciones;959;MDT
4310182;31;Navarra;15;Comunidad Foral de Navarra;Larunbe;31131001000;31131;42,90851882;-1,769192811;Coordinado_IGR Poblaciones;564;MDT
4310183;31;Navarra;15;Comunidad Foral de Navarra;Larragueta/Larrageta;31902000800;31902;42,85740301;-1,729393076;Coordinado_IGR Poblaciones;454;MDT
4310184;31;Navarra;15;Comunidad Foral de Navarra;Larraintzar;31236001200;31236;42,97971983;-1,689508717;Detección automática;541;MDT
4310186;31;Navarra;15;Comunidad Foral de Navarra;Larraya;31076000700;31076;42,77712692;-1,763548106;Coordinado_IGR Poblaciones;412;MDT
4310187;31;Navarra;15;Comunidad Foral de Navarra;Larráyoz;31136000500;31136;42,90093241;-1,715343508;Coordinado_IGR Poblaciones;548;MDT
4310188;31;Navarra;15;Comunidad Foral de Navarra;Latasa;31126000400;31126;42,9550407;-1,823052897;Coordinado_IGR Poblaciones;480;MDT
4310189;31;Navarra;15;Comunidad Foral de Navarra;Latasa;31186000600;31186;42,95144072;-1,652797974;Coordinado_IGR Poblaciones;515;MDT
4310190;31;Navarra;15;Comunidad Foral de Navarra;Leazkue;31017000700;31017;42,94997393;-1,597180777;Coordinado_IGR Poblaciones;586;MDT
4310192;31;Navarra;15;Comunidad Foral de Navarra;Legasa;31054010200;31054;43,12974358;-1,645323516;Coordinado_IGR Poblaciones;128;MDT
4310193;31;Navarra;15;Comunidad Foral de Navarra;Lerate;31120001000;31120;42,71892367;-1,937936474;Coordinado_IGR Poblaciones;485;MDT
4310195;31;Navarra;15;Comunidad Foral de Navarra;Lete;31131001100;31131;42,86521942;-1,796842075;Coordinado_IGR Poblaciones;452;MDT
4310197;31;Navarra;15;Comunidad Foral de Navarra;Lizarragabengoa;31084000200;31084;42,91879473;-2,048494588;Coordinado_IGR Poblaciones;484;MDT
4310198;31;Navarra;15;Comunidad Foral de Navarra;Lizaso;31236001300;31236;42,96695265;-1,685493546;Coordinado_IGR Poblaciones;536;MDT
4310199;31;Navarra;15;Comunidad Foral de Navarra;Lizasoáin;31193000700;31193;42,83490075;-1,769387383;Coordinado_IGR Poblaciones;405;MDT
4310202;31;Navarra;15;Comunidad Foral de Navarra;Lorca/Lorka;31260001200;31260;42,67167289;-1,945044827;Coordinado_IGR Poblaciones;475;MDT
4310203;31;Navarra;15;Comunidad Foral de Navarra;Loza/Lotza;31902000900;31902;42,84110057;-1,714873334;Coordinado_IGR Poblaciones;422;MDT
4310205;31;Navarra;15;Comunidad Foral de Navarra;Madotz;31144001200;31144;42,9379148;-1,876574413;Coordinado_IGR Poblaciones;757;MDT
4310206;31;Navarra;15;Comunidad Foral de Navarra;Makirriain;31101000800;31101;42,8718736;-1,644624302;Coordinado_IGR Poblaciones;557;MDT
4310208;31;Navarra;15;Comunidad Foral de Navarra;Marcaláin;31136000600;31136;42,89767119;-1,695565288;Detección automática;526;MDT
4310209;31;Navarra;15;Comunidad Foral de Navarra;Meano;31141000200;31141;42,60336;-2,47556;Investigación;885;Investigación
4310210;31;Navarra;15;Comunidad Foral de Navarra;Mendaza;31166000300;31166;42,64156035;-2,235351275;Detección automática;631;MDT
4310211;31;Navarra;15;Comunidad Foral de Navarra;Mendilibarri;31014000200;31014;42,65922698;-2,169607917;Coordinado_IGR Poblaciones;479;MDT
4310212;31;Navarra;15;Comunidad Foral de Navarra;Metauten;31168000300;31168;42,67749526;-2,126769624;Detección automática;522;MDT
4310214;31;Navarra;15;Comunidad Foral de Navarra;Mendívil;31192000300;31192;42,62070593;-1,636989346;Coordinado_IGR Poblaciones;535;MDT
4310216;31;Navarra;15;Comunidad Foral de Navarra;Muez;31120001100;31120;42,75379016;-1,933536371;Detección automática;519;MDT
4310218;31;Navarra;15;Comunidad Foral de Navarra;Mugiro;31144001300;31144;42,99192126;-1,883217145;Investigación;610;Investigación
4310219;31;Navarra;15;Comunidad Foral de Navarra;Muneta;31011000900;31011;42,71366184;-2,098602388;Coordinado_IGR Poblaciones;542;MDT
4310220;31;Navarra;15;Comunidad Foral de Navarra;Muniáin;31120001200;31120;42,79435779;-1,861448731;Coordinado_IGR Poblaciones;813;MDT
4310221;31;Navarra;15;Comunidad Foral de Navarra;Muru-Astráin;31076000800;31076;42,7655236;-1,741295885;Coordinado_IGR Poblaciones;491;MDT
4310222;31;Navarra;15;Comunidad Foral de Navarra;Murugarren;31260001400;31260;42,70231157;-2,009181499;Coordinado_IGR Poblaciones;551;MDT
4310223;31;Navarra;15;Comunidad Foral de Navarra;Muskitz;31126000500;31126;42,93570195;-1,749632734;Coordinado_IGR Poblaciones;621;MDT
4310227;31;Navarra;15;Comunidad Foral de Navarra;Nagore;31028001300;31028;42,85240223;-1,37525562;Investigación;605;Investigación
4310230;31;Navarra;15;Comunidad Foral de Navarra;Narcué;31139000300;31139;42,72472332;-2,257105305;Coordinado_IGR Poblaciones;688;MDT
4310233;31;Navarra;15;Comunidad Foral de Navarra;Narbarte;31054020100;31054;43,13350734;-1,627117215;Investigación;135;Investigación
4310234;31;Navarra;15;Comunidad Foral de Navarra;Navascués;31181000200;31181;42,71820722;-1,11579963;Coordinado_IGR Poblaciones;642;En estudio
4310235;31;Navarra;15;Comunidad Foral de Navarra;Navaz;31136000700;31136;42,89275713;-1,677416033;Coordinado_IGR Poblaciones;557;MDT
4310237;31;Navarra;15;Comunidad Foral de Navarra;Ochovi;31131001200;31131;42,8806633;-1,781484803;Coordinado_IGR Poblaciones;510;MDT
4310238;31;Navarra;15;Comunidad Foral de Navarra;Olague;31017000800;31017;42,96069536;-1,61722089;Detección automática;542;MDT
4310239;31;Navarra;15;Comunidad Foral de Navarra;Olaiz;31188000300;31188;42,88729041;-1,611396034;Coordinado_IGR Poblaciones;539;MDT
4310240;31;Navarra;15;Comunidad Foral de Navarra;Olaz;31086001400;31086;42,82011647;-1,587731111;Coordinado_IGR Poblaciones;455;MDT
4310241;31;Navarra;15;Comunidad Foral de Navarra;Olaz-Subiza;31109000700;31109;42,7102587;-1,660030683;Coordinado_IGR Poblaciones;551;MDT
4310242;31;Navarra;15;Comunidad Foral de Navarra;Olóriz;31192000400;31192;42,63526509;-1,613240787;Detección automática;594;MDT
4310244;31;Navarra;15;Comunidad Foral de Navarra;Olcoz;31056000100;31056;42,6647547;-1,680418045;Coordinado_IGR Poblaciones;579;MDT
4310245;31;Navarra;15;Comunidad Foral de Navarra;Orondritz;31092000700;31092;42,93098651;-1,443754729;Coordinado_IGR Poblaciones;717;MDT
4310246;31;Navarra;15;Comunidad Foral de Navarra;Ollacarizqueta/Ollakarizketa;31136000900;31136;42,88310838;-1,69470384;Mapa;480;MDT
4310247;31;Navarra;15;Comunidad Foral de Navarra;Ollobarren;31168000400;31168;42,68820947;-2,134984334;Coordinado_IGR Poblaciones;564;MDT
4310248;31;Navarra;15;Comunidad Foral de Navarra;Ollogoyen;31168000500;31168;42,68659411;-2,147108661;Coordinado_IGR Poblaciones;605;MDT
4310249;31;Navarra;15;Comunidad Foral de Navarra;Olleta;31150001000;31150;42,58503189;-1,540177841;Coordinado_IGR Poblaciones;655;MDT
4310250;31;Navarra;15;Comunidad Foral de Navarra;Ongoz;31241001400;31241;42,79838486;-1,238929786;Coordinado_IGR Poblaciones;648;MDT
4310254;31;Navarra;15;Comunidad Foral de Navarra;Oricáin;31101000900;31101;42,85013718;-1,622683182;Coordinado_IGR Poblaciones;546;En estudio
4310256;31;Navarra;15;Comunidad Foral de Navarra;Ororbia;31193001000;31193;42,81625359;-1,747047389;Detección automática;395;MDT
4310258;31;Navarra;15;Comunidad Foral de Navarra;Orrio;31101001000;31101;42,87324201;-1,65690699;Coordinado_IGR Poblaciones;532;MDT
4310260;31;Navarra;15;Comunidad Foral de Navarra;Osácar;31136001000;31136;42,91486325;-1,73179203;Mapa;721;MDT
4310261;31;Navarra;15;Comunidad Foral de Navarra;Oskotz;31126000600;31126;42,95793802;-1,779524589;Coordinado_IGR Poblaciones;578;MDT
4310262;31;Navarra;15;Comunidad Foral de Navarra;Osinaga;31136001100;31136;42,90509384;-1,739848272;Coordinado_IGR Poblaciones;689;MDT
4310263;31;Navarra;15;Comunidad Foral de Navarra;Ostiz/Ostitz;31186000700;31186;42,91350903;-1,617120262;Coordinado_IGR Poblaciones;497;MDT
4310265;31;Navarra;15;Comunidad Foral de Navarra;Oteiza/Oteitza;31902001000;31902;42,86995134;-1,714808497;Coordinado_IGR Poblaciones;494;MDT
4310266;31;Navarra;15;Comunidad Foral de Navarra;Oieregi;31054030100;31054;43,13722814;-1,618429464;Detección automática;142;MDT
4310269;31;Navarra;15;Comunidad Foral de Navarra;Paternáin;31076000900;31076;42,78552976;-1,744254812;Coordinado_IGR Poblaciones;438;MDT
4310270;31;Navarra;15;Comunidad Foral de Navarra;Rada;31178000200;31178;42,32034156;-1,57342074;Mapa;344;MDT
4310271;31;Navarra;15;Comunidad Foral de Navarra;Riezu/Errezu;31260001500;31260;42,76161025;-1,951194583;Coordinado_IGR Poblaciones;489;MDT
4310272;31;Navarra;15;Comunidad Foral de Navarra;Ripa/Erripa;31186000800;31186;42,93855888;-1,639286819;Detección automática;517;MDT
4310273;31;Navarra;15;Comunidad Foral de Navarra;Rípodas;31242000700;31242;42,68736383;-1,3077304;Coordinado_IGR Poblaciones;435;MDT
4310274;31;Navarra;15;Comunidad Foral de Navarra;Rocaforte;31216000200;31216;42,59163482;-1,289759218;Coordinado_IGR Poblaciones;484;MDT
4310275;31;Navarra;15;Comunidad Foral de Navarra;Sagaseta;31086001500;31086;42,84245628;-1,5436772;Coordinado_IGR Poblaciones;556;MDT
4310276;31;Navarra;15;Comunidad Foral de Navarra;Salinas de Pamplona;31109000800;31109;42,7550044;-1,649069532;Investigación;438;Investigación
4310277;31;Navarra;15;Comunidad Foral de Navarra;San Martín;31013000600;31013;42,76676802;-2,168129724;Coordinado_IGR Poblaciones;667;MDT
4310280;31;Navarra;15;Comunidad Foral de Navarra;San Vicente;31242000800;31242;42,68659991;-1,32496055;Mapa;472;MDT
4310281;31;Navarra;15;Comunidad Foral de Navarra;Saragüeta/Saragueta;31028001500;31028;42,92123469;-1,39141421;Mapa;762;MDT
4310282;31;Navarra;15;Comunidad Foral de Navarra;Sarasa;31131001400;31131;42,87690134;-1,747998176;Coordinado_IGR Poblaciones;524;MDT
4310283;31;Navarra;15;Comunidad Foral de Navarra;Sarasate;31131001500;31131;42,89687581;-1,780791184;Coordinado_IGR Poblaciones;520;MDT
4310287;31;Navarra;15;Comunidad Foral de Navarra;Sorauren;31101001100;31101;42,86695774;-1,608589738;Coordinado_IGR Poblaciones;464;MDT
4310288;31;Navarra;15;Comunidad Foral de Navarra;Tabar;31242001000;31242;42,66931637;-1,345742812;Coordinado_IGR Poblaciones;508;MDT
4310289;31;Navarra;15;Comunidad Foral de Navarra;Tajonar/Taxoare;31023000800;31023;42,76784063;-1,610658117;Coordinado_IGR Poblaciones;461;MDT
4310290;31;Navarra;15;Comunidad Foral de Navarra;Tiebas;31228000100;31228;42,693109;-1,640618791;Detección automática;575;MDT
4310291;31;Navarra;15;Comunidad Foral de Navarra;Dorrao/Torrano;31091000200;31091;42,87784957;-2,012640747;Coordinado_IGR Poblaciones;625;MDT
4310292;31;Navarra;15;Comunidad Foral de Navarra;Torres;31088000800;31088;42,73904827;-1,59807628;Coordinado_IGR Poblaciones;460;MDT
4310294;31;Navarra;15;Comunidad Foral de Navarra;Ubago;31166000400;31166;42,61749856;-2,264541295;Coordinado_IGR Poblaciones;609;MDT
4310295;31;Navarra;15;Comunidad Foral de Navarra;Ubani;31262000200;31262;42,77304048;-1,783739737;Coordinado_IGR Poblaciones;461;MDT
4310296;31;Navarra;15;Comunidad Foral de Navarra;Udabe-Beramendi;31049010000;31049;42,97431145;-1,82602792;Mapa;583;MDT
4310297;31;Navarra;15;Comunidad Foral de Navarra;Ugar;31260001600;31260;42,73140328;-1,975932544;Coordinado_IGR Poblaciones;563;MDT
4310299;31;Navarra;15;Comunidad Foral de Navarra;Ulíbarri;31139000400;31139;42,72296893;-2,24483152;Coordinado_IGR Poblaciones;688;MDT
4310300;31;Navarra;15;Comunidad Foral de Navarra;Unanu;31091000300;31091;42,886405;-2,018677868;Coordinado_IGR Poblaciones;632;MDT
4310301;31;Navarra;15;Comunidad Foral de Navarra;Unciti;31237000600;31237;42,74799843;-1,500292312;Detección automática;600;MDT
4310302;31;Navarra;15;Comunidad Foral de Navarra;Unzu;31136001200;31136;42,87827994;-1,68523795;Coordinado_IGR Poblaciones;479;MDT
4310304;31;Navarra;15;Comunidad Foral de Navarra;Urbiola;31125000400;31125;42,61653299;-2,103406685;Coordinado_IGR Poblaciones;597;MDT
4310305;31;Navarra;15;Comunidad Foral de Navarra;Urdánoz;31118000500;31118;42,82540423;-1,884932204;Coordinado_IGR Poblaciones;806;MDT
4310307;31;Navarra;15;Comunidad Foral de Navarra;Uriz/Uritz;31028001800;31028;42,88154184;-1,38000658;Mapa;633;MDT
4310311;31;Navarra;15;Comunidad Foral de Navarra;Urritza;31126000700;31126;42,96725605;-1,83174151;Mapa;511;MDT
4310312;31;Navarra;15;Comunidad Foral de Navarra;Urritzola-Galain;31236001500;31236;42,97010243;-1,655158088;Coordinado_IGR Poblaciones;618;MDT
4310313;31;Navarra;15;Comunidad Foral de Navarra;Uscarrés/Uskartze;31111000400;31111;42,77493075;-1,093460719;Coordinado_IGR Poblaciones;634;MDT
4310317;31;Navarra;15;Comunidad Foral de Navarra;Ustés;31181010200;31181;42,7531835;-1,10004729;Coordinado_IGR Poblaciones;613;MDT
4310320;31;Navarra;15;Comunidad Foral de Navarra;Uztegi;31020000600;31020;43,02481777;-2,005793053;Coordinado_IGR Poblaciones;303;MDT
4310321;31;Navarra;15;Comunidad Foral de Navarra;Vidaurre;31120001400;31120;42,77727864;-1,912595968;Coordinado_IGR Poblaciones;608;MDT
4310323;31;Navarra;15;Comunidad Foral de Navarra;Viloria;31139000500;31139;42,71166054;-2,235571362;Coordinado_IGR Poblaciones;595;MDT
4310324;31;Navarra;15;Comunidad Foral de Navarra;Villanueva de Yerri/Hiriberri Deierri;31260001800;31260;42,7369932;-1,94688772;Coordinado_IGR Poblaciones;538;MDT
4310325;31;Navarra;15;Comunidad Foral de Navarra;Villanueva de Arce/Hiriberri-Artzibar;31028002000;31028;42,92969592;-1,37145198;Mapa;786;MDT
4310326;31;Navarra;15;Comunidad Foral de Navarra;Villaveta/Billabeta;31158002200;31158;42,77239261;-1,39991036;Mapa;505;MDT
4310327;31;Navarra;15;Comunidad Foral de Navarra;Bizkarreta-Gerendiain;31092040200;31092;42,96752312;-1,417307213;Coordinado_IGR Poblaciones;783;MDT
4310329;31;Navarra;15;Comunidad Foral de Navarra;Zábal/Zabal;31260001900;31260;42,70958605;-2,00246901;Mapa;515;MDT
4310330;31;Navarra;15;Comunidad Foral de Navarra;Zabalceta;31237000700;31237;42,7320518;-1,50875016;Mapa;542;MDT
4310332;31;Navarra;15;Comunidad Foral de Navarra;Zabalza;31262000300;31262;42,77824041;-1,798493585;Coordinado_IGR Poblaciones;441;MDT
4310335;31;Navarra;15;Comunidad Foral de Navarra;Zarrantz;31126000800;31126;42,94432306;-1,78361158;Mapa;658;MDT
4310336;31;Navarra;15;Comunidad Foral de Navarra;Zolina;31023000900;31023;42,76807933;-1,584553486;Coordinado_IGR Poblaciones;485;MDT
4310338;31;Navarra;15;Comunidad Foral de Navarra;Zubiri;31098002700;31098;42,92678511;-1,507272107;Detección automática;528;MDT
4310339;31;Navarra;15;Comunidad Foral de Navarra;Zudaire;31013000800;31013;42,7725864;-2,133506981;Detección automática;564;MDT
4310340;31;Navarra;15;Comunidad Foral de Navarra;Zufía;31168000600;31168;42,66608873;-2,103749105;Coordinado_IGR Poblaciones;508;MDT
4310343;31;Navarra;15;Comunidad Foral de Navarra;Astitz;31144000500;31144;42,97149639;-1,87947023;Coordinado_IGR Poblaciones;688;MDT
4310344;31;Navarra;15;Comunidad Foral de Navarra;Artaza;31013000100;31013;42,76982622;-2,11002089;Coordinado_IGR Poblaciones;624;MDT
4310345;31;Navarra;15;Comunidad Foral de Navarra;Beorburu;31136000300;31136;42,92287285;-1,72649337;Mapa;726;MDT
4310346;31;Navarra;15;Comunidad Foral de Navarra;Arrarats;31049000200;31049;43,0368951;-1,804660635;Coordinado_IGR Poblaciones;670;MDT
4310347;31;Navarra;15;Comunidad Foral de Navarra;Itsaso;31049000500;31049;42,99138194;-1,821485865;Coordinado_IGR Poblaciones;590;MDT
4310348;31;Navarra;15;Comunidad Foral de Navarra;Gartzaron;31049000400;31049;42,99849071;-1,774034389;Coordinado_IGR Poblaciones;585;MDT
4310349;31;Navarra;15;Comunidad Foral de Navarra;Jauntsarats;31049000700;31049;42,99948797;-1,802478848;Detección automática;545;MDT
4310350;31;Navarra;15;Comunidad Foral de Navarra;Ihaben;31049000800;31049;42,98565678;-1,806404289;Coordinado_IGR Poblaciones;569;MDT
4310352;31;Navarra;15;Comunidad Foral de Navarra;Ardanaz;31086000200;31086;42,80641038;-1,557734709;Coordinado_IGR Poblaciones;611;MDT
4310353;31;Navarra;15;Comunidad Foral de Navarra;Aspurz;31181000100;31181;42,72355098;-1,154994011;Coordinado_IGR Poblaciones;610;MDT
4310354;31;Navarra;15;Comunidad Foral de Navarra;Azoz/Azotz;31101000300;31101;42,84602294;-1,633988952;Coordinado_IGR Poblaciones;485;MDT
4310355;31;Navarra;15;Comunidad Foral de Navarra;Etxeberri;31025000400;31025;42,92284848;-1,841821551;Coordinado_IGR Poblaciones;491;MDT
4310356;31;Navarra;15;Comunidad Foral de Navarra;Ibilcieta/Ibiltzieta;31222000100;31222;42,83884572;-1,104898323;Coordinado_IGR Poblaciones;691;MDT
4310359;31;Navarra;15;Comunidad Foral de Navarra;Aintzioa;31092000100;31092;42,91942303;-1,423558601;Coordinado_IGR Poblaciones;970;MDT
4310360;31;Navarra;15;Comunidad Foral de Navarra;Astráin;31076000100;31076;42,75663061;-1,740767517;Coordinado_IGR Poblaciones;526;MDT
4310361;31;Navarra;15;Comunidad Foral de Navarra;Ekai de Lónguida/Ekai-Longida;31158000500;31158;42,77517773;-1,38640763;Coordinado_IGR Poblaciones;499;MDT
4310362;31;Navarra;15;Comunidad Foral de Navarra;Ibiricu;31086001200;31086;42,82793981;-1,537503464;Coordinado_IGR Poblaciones;519;MDT
4310363;31;Navarra;15;Comunidad Foral de Navarra;Sarriés/Sartze;31222000200;31222;42,83530569;-1,100230151;Detección automática;691;MDT
4310365;31;Navarra;15;Comunidad Foral de Navarra;Urdaitz/Urdaniz;31098002300;31098;42,91228047;-1,524654183;Coordinado_IGR Poblaciones;513;MDT
4310367;31;Navarra;15;Comunidad Foral de Navarra;Zabaldika;31098002600;31098;42,85564834;-1,57955596;Detección automática;472;MDT
4310369;31;Navarra;15;Comunidad Foral de Navarra;Larrasoaña;31098001600;31098;42,90167146;-1,541193923;Coordinado_IGR Poblaciones;496;MDT
4310370;31;Navarra;15;Comunidad Foral de Navarra;Iragi;31098001300;31098;42,96846549;-1,546851164;Coordinado_IGR Poblaciones;775;MDT
4310371;31;Navarra;15;Comunidad Foral de Navarra;Saigots;31098002000;31098;42,94492455;-1,502342879;Coordinado_IGR Poblaciones;548;MDT
4310373;31;Navarra;15;Comunidad Foral de Navarra;Zurucuáin/Zurukuain;31260002000;31260;42,69083184;-1,999175467;Coordinado_IGR Poblaciones;508;MDT
4310374;31;Navarra;15;Comunidad Foral de Navarra;Leoz;31150000800;31150;42,64500607;-1,51907988;Mapa;764;MDT
4310375;31;Navarra;15;Comunidad Foral de Navarra;Ibero;31193000400;31193;42,80263402;-1,774603573;Coordinado_IGR Poblaciones;392;MDT
4310376;31;Navarra;15;Comunidad Foral de Navarra;Bearin;31260000600;31260;42,69218698;-2,027961599;Coordinado_IGR Poblaciones;503;MDT
4310377;31;Navarra;15;Comunidad Foral de Navarra;Zabalegui;31088001000;31088;42,73075701;-1,583527193;Coordinado_IGR Poblaciones;493;MDT
4310378;31;Navarra;15;Comunidad Foral de Navarra;Orokieta-Erbiti;31049020000,31049020100,31049020300;31049;43,00838849;-1,760440171;Centroide calculado a partir de las coordenadas de las poblaciones que componen el EATIM;597;Altitud media de las poblaciones que componen el EATIM
4310380;31;Navarra;15;Comunidad Foral de Navarra;Nuin;31136000800;31136;42,91499341;-1,718330559;Coordinado_IGR Poblaciones;599;MDT
4310381;31;Navarra;15;Comunidad Foral de Navarra;Salinas de Ibargoiti/Getze Ibargoiti;31124000600;31124;42,69291384;-1,486051254;Coordinado_IGR Poblaciones;560;MDT
4310384;31;Navarra;15;Comunidad Foral de Navarra;Anoz;31194000100;31194;42,86366007;-1,819828951;Coordinado_IGR Poblaciones;423;MDT
4310386;31;Navarra;15;Comunidad Foral de Navarra;Beasoáin-Eguíllor;31194010100,31194010200,31194010000;31194;42,8509072;-1,80942695;Centroide calculado a partir de las coordenadas de las poblaciones que componen el EATIM;435,3333333;Altitud media de las poblaciones que componen el EATIM
4310387;31;Navarra;15;Comunidad Foral de Navarra;Ilzarbe;31194000300;31194;42,86371221;-1,837189632;Coordinado_IGR Poblaciones;527;MDT
4310388;31;Navarra;15;Comunidad Foral de Navarra;Ollo;31194000400;31194;42,86657334;-1,8587532;Mapa;506;MDT
4310389;31;Navarra;15;Comunidad Foral de Navarra;Saldise;31194000500;31194;42,85423923;-1,830302616;Coordinado_IGR Poblaciones;531;MDT
4310390;31;Navarra;15;Comunidad Foral de Navarra;Senosiáin;31194000600;31194;42,8664291;-1,863639471;Coordinado_IGR Poblaciones;529;MDT
4310391;31;Navarra;15;Comunidad Foral de Navarra;Ulzurrun;31194000700;31194;42,85584251;-1,853487358;Coordinado_IGR Poblaciones;500;MDT
4310392;31;Navarra;15;Comunidad Foral de Navarra;Murillo de Lónguida/Murelu-Longida;31158001500;31158;42,74867478;-1,364018554;Coordinado_IGR Poblaciones;473;MDT
4310393;31;Navarra;15;Comunidad Foral de Navarra;Acedo;31166000100;31166;42,66700427;-2,249708161;Coordinado_IGR Poblaciones;533;MDT
4310395;31;Navarra;15;Comunidad Foral de Navarra;Munárriz;31118000400;31118;42,81648218;-1,900064182;Coordinado_IGR Poblaciones;909;MDT
4310396;31;Navarra;15;Comunidad Foral de Navarra;Undiano/Undio;31076001100;31076;42,75816303;-1,76459611;Detección automática;525;MDT
4310398;31;Navarra;15;Comunidad Foral de Navarra;Aizoáin/Aitzoain;31902000100;31902;42,84892602;-1,682975806;Coordinado_IGR Poblaciones;437;MDT
4310399;31;Navarra;15;Comunidad Foral de Navarra;Echagüe;31192000200;31192;42,65461825;-1,60317928;Mapa;753;MDT
4310401;31;Navarra;15;Comunidad Foral de Navarra;Igoa;31049000600;31049;43,03150282;-1,785741564;Coordinado_IGR Poblaciones;714;MDT
4310402;31;Navarra;15;Comunidad Foral de Navarra;Iturgoyen;31120000800;31120;42,7763762;-1,954237431;Coordinado_IGR Poblaciones;695;MDT
4310403;31;Navarra;15;Comunidad Foral de Navarra;Izurdiaga;31025000800;31025;42,90513887;-1,830613121;Coordinado_IGR Poblaciones;435;MDT
4310404;31;Navarra;15;Comunidad Foral de Navarra;Murillo de Yerri/Murelu Deierri;31260001300;31260;42,68272764;-1,975672254;Coordinado_IGR Poblaciones;514;MDT
4310406;31;Navarra;15;Comunidad Foral de Navarra;Sarasibar;31098002100;31098;42,90307373;-1,56909519;Mapa;563;MDT
4310407;31;Navarra;15;Comunidad Foral de Navarra;Solchaga;31192010200;31192;42,62027433;-1,613161767;Coordinado_IGR Poblaciones;594;MDT
4310411;31;Navarra;15;Comunidad Foral de Navarra;Arbeiza;31011000300;31011;42,6752981;-2,062405072;Coordinado_IGR Poblaciones;447;MDT
4310412;31;Navarra;15;Comunidad Foral de Navarra;Artavia;31011000400;31011;42,73342306;-2,08316315;Detección automática;468;MDT
4310413;31;Navarra;15;Comunidad Foral de Navarra;Echávarri;31011000500;31011;42,72843918;-2,065336186;Coordinado_IGR Poblaciones;557;MDT
4310414;31;Navarra;15;Comunidad Foral de Navarra;Eulz;31011000600;31011;42,69614363;-2,074778532;Coordinado_IGR Poblaciones;525;MDT
4310415;31;Navarra;15;Comunidad Foral de Navarra;Galdeano;31011000700;31011;42,72535098;-2,092574958;Coordinado_IGR Poblaciones;553;MDT
4310416;31;Navarra;15;Comunidad Foral de Navarra;Larrión;31011000800;31011;42,7084816;-2,075931256;Detección automática;455;MDT
4310417;31;Navarra;15;Comunidad Foral de Navarra;Zubielqui;31011001000;31011;42,6787369;-2,067536666;Coordinado_IGR Poblaciones;448;MDT
4310418;31;Navarra;15;Comunidad Foral de Navarra;Ecala;31013000400;31013;42,76195136;-2,184342281;Coordinado_IGR Poblaciones;650;MDT
4310419;31;Navarra;15;Comunidad Foral de Navarra;Egiarreta;31025000500;31025;42,9253;-1,86425;Investigación;470;Investigación
4310420;31;Navarra;15;Comunidad Foral de Navarra;Ekai;31025000200;31025;42,9071942;-1,864355188;Coordinado_IGR Poblaciones;511;MDT
4310421;31;Navarra;15;Comunidad Foral de Navarra;Errotz;31025000600;31025;42,89524515;-1,825165409;Coordinado_IGR Poblaciones;445;MDT
4310422;31;Navarra;15;Comunidad Foral de Navarra;Etxarren;31025000300;31025;42,91389554;-1,857150028;Coordinado_IGR Poblaciones;459;MDT
4310424;31;Navarra;15;Comunidad Foral de Navarra;Hiriberri Arakil;31025001300;31025;42,91708669;-1,894704484;Coordinado_IGR Poblaciones;445;MDT
4310425;31;Navarra;15;Comunidad Foral de Navarra;Ihabar;31025001400;31025;42,91802247;-1,91730312;Coordinado_IGR Poblaciones;455;MDT
4310426;31;Navarra;15;Comunidad Foral de Navarra;Satrustegi;31025001100;31025;42,91045657;-1,886907066;Coordinado_IGR Poblaciones;475;MDT
4310427;31;Navarra;15;Comunidad Foral de Navarra;Urritzola;31025001200;31025;42,90123879;-1,841461655;Coordinado_IGR Poblaciones;488;MDT
4310428;31;Navarra;15;Comunidad Foral de Navarra;Zuhatzu;31025001500;31025;42,90972457;-1,876602601;Coordinado_IGR Poblaciones;481;MDT
4310429;31;Navarra;15;Comunidad Foral de Navarra;Aróstegui/Aroztegi;31040000100;31040;42,9372287;-1,685015102;Coordinado_IGR Poblaciones;562;MDT
4310431;31;Navarra;15;Comunidad Foral de Navarra;Beruete;31049000300;31049;43,02738771;-1,826740936;Coordinado_IGR Poblaciones;690;MDT
4310432;31;Navarra;15;Comunidad Foral de Navarra;Figarol;31067000200;31067;42,35043284;-1,368902452;Coordinado_IGR Poblaciones;381;MDT
4310434;31;Navarra;15;Comunidad Foral de Navarra;Zariquiegui;31076001200;31076;42,74827929;-1,722743088;Coordinado_IGR Poblaciones;623;MDT
4310435;31;Navarra;15;Comunidad Foral de Navarra;Lizarraga;31091000100;31091;42,87387106;-2,033693851;Detección automática;594;MDT
4310436;31;Navarra;15;Comunidad Foral de Navarra;Erro;31092000200;31092;42,94239956;-1,449012735;Coordinado_IGR Poblaciones;658;MDT
4310437;31;Navarra;15;Comunidad Foral de Navarra;Lintzoain;31092000500;31092;42,96239976;-1,437326214;Investigación;733;Investigación
4310438;31;Navarra;15;Comunidad Foral de Navarra;Mezkiritz;31092030100;31092;42,96637211;-1,396457571;Coordinado_IGR Poblaciones;769;MDT
4310439;31;Navarra;15;Comunidad Foral de Navarra;Antxoritz;31098000200;31098;42,87195178;-1,572652564;Coordinado_IGR Poblaciones;526;MDT
4310441;31;Navarra;15;Comunidad Foral de Navarra;Arre;31101010100;31101;42,84236136;-1,610765315;Coordinado_IGR Poblaciones;444;MDT
4310442;31;Navarra;15;Comunidad Foral de Navarra;Ayesa;31103000100;31103;42,57141513;-1,421749365;Detección automática;573;MDT
4310443;31;Navarra;15;Comunidad Foral de Navarra;Arlegui;31109000100;31109;42,74291954;-1,67626074;Detección automática;583;MDT
4310444;31;Navarra;15;Comunidad Foral de Navarra;Cordovilla;31109000300;31109;42,78745098;-1,647204114;Coordinado_IGR Poblaciones;462;MDT
4310445;31;Navarra;15;Comunidad Foral de Navarra;Subiza;31109000900;31109;42,71746899;-1,671962909;Coordinado_IGR Poblaciones;627;MDT
4310446;31;Navarra;15;Comunidad Foral de Navarra;Guembe;31120000500;31120;42,78328279;-1,907653351;Coordinado_IGR Poblaciones;583;MDT
4310447;31;Navarra;15;Comunidad Foral de Navarra;Guirguillano;31121000300;31121;42,71772225;-1,878258571;Coordinado_IGR Poblaciones;616;MDT
4310449;31;Navarra;15;Comunidad Foral de Navarra;Aldatz;31144000200;31144;43,00943845;-1,860393876;Coordinado_IGR Poblaciones;645;MDT
4310450;31;Navarra;15;Comunidad Foral de Navarra;Alli;31144000300;31144;42,99044917;-1,895537456;Coordinado_IGR Poblaciones;619;MDT
4310451;31;Navarra;15;Comunidad Foral de Navarra;Baraibar;31144000600;31144;42,98940431;-1,923210812;Coordinado_IGR Poblaciones;633;MDT
4310452;31;Navarra;15;Comunidad Foral de Navarra;Gorriti;31144000800;31144;43,05031942;-1,955156029;Coordinado_IGR Poblaciones;679;MDT
4310453;31;Navarra;15;Comunidad Foral de Navarra;Oderitz;31144001400;31144;42,95113311;-1,872741717;Coordinado_IGR Poblaciones;754;MDT
4310454;31;Navarra;15;Comunidad Foral de Navarra;Uitzi;31144000900;31144;43,03928875;-1,916754691;Coordinado_IGR Poblaciones;688;MDT
4310456;31;Navarra;15;Comunidad Foral de Navarra;Aos;31158000200;31158;42,75613781;-1,386791272;Detección automática;476;MDT
4310457;31;Navarra;15;Comunidad Foral de Navarra;Murillo el Cuende;31178000100;31178;42,39778815;-1,630060461;Coordinado_IGR Poblaciones;337;MDT
4310458;31;Navarra;15;Comunidad Foral de Navarra;Traibuenas;31178000300;31178;42,3683354;-1,627554799;Coordinado_IGR Poblaciones;319;MDT
4310459;31;Navarra;15;Comunidad Foral de Navarra;Olave/Olabe;31188000400;31188;42,88551783;-1,603593139;Detección automática;470;MDT
4310460;31;Navarra;15;Comunidad Foral de Navarra;Osacáin;31188000500;31188;42,89827373;-1,597282338;Coordinado_IGR Poblaciones;608;MDT
4310461;31;Navarra;15;Comunidad Foral de Navarra;Olza;31193000800;31193;42,84639925;-1,779839062;Coordinado_IGR Poblaciones;480;MDT
4310462;31;Navarra;15;Comunidad Foral de Navarra;Domeño;31209000400;31209;42,67505376;-1,239368048;Detección automática;489;MDT
4310463;31;Navarra;15;Comunidad Foral de Navarra;Gabarderal;31216000100;31216;42,54258675;-1,299501553;Coordinado_IGR Poblaciones;429;MDT
4310464;31;Navarra;15;Comunidad Foral de Navarra;Muruarte de Reta;31228010200;31228;42,66801904;-1,666284391;Coordinado_IGR Poblaciones;575;MDT
4310465;31;Navarra;15;Comunidad Foral de Navarra;Otiñano;31230000100;31230;42,62648193;-2,297542597;Coordinado_IGR Poblaciones;692;MDT
4310466;31;Navarra;15;Comunidad Foral de Navarra;Artáiz;31237000200;31237;42,74775651;-1,469894708;Coordinado_IGR Poblaciones;587;MDT
4310467;31;Navarra;15;Comunidad Foral de Navarra;Arizala/Aritzala;31260000400;31260;42,72736141;-2,000065024;Detección automática;527;MDT
4310468;31;Navarra;15;Comunidad Foral de Navarra;Azcona/Aizkoa;31260010100;31260;42,74055237;-1,99360533;Coordinado_IGR Poblaciones;615;MDT
4310469;31;Navarra;15;Comunidad Foral de Navarra;Aizarotz;31049000100;31049;43,01099915;-1,782782607;Coordinado_IGR Poblaciones;557;MDT
4320001;32;Ourense;12;Galicia;Berán;32040010100;32040;42,35217323;-8,144315092;Coordinado_IGR Poblaciones;269;MDT
4330001;33;Asturias;03;Principado de Asturias;Agones;33051080100;33051;43,49648796;-6,121229067;Coordinado_IGR Poblaciones;27;MDT
4330002;33;Asturias;03;Principado de Asturias;Ballota;33021010000;33021;43,55266419;-6,32869055;Mapa;118;MDT
4330003;33;Asturias;03;Principado de Asturias;Bances;33051120100;33051;43,50127508;-6,113262802;Coordinado_IGR Poblaciones;57;MDT
4330004;33;Asturias;03;Principado de Asturias;Barcia y Leiján;33034040300;33034;43,54005307;-6,508870553;Coordinado_IGR Poblaciones;83;MDT
4330005;33;Asturias;03;Principado de Asturias;Bueres, Nieves y Gobezanes;33015010100,33015010300,33015010200;33015;43,21074803;-5,350037352;Centroide calculado a partir de las coordenadas de las poblaciones que componen el EATIM;693,6666667;Altitud media de las poblaciones que componen el EATIM
4330006;33;Asturias;03;Principado de Asturias;Los Cabos;33051120200;33051;43,51493007;-6,09660265;Coordinado_IGR Poblaciones;85;MDT
4330007;33;Asturias;03;Principado de Asturias;Caliao;33015020000;33015;43,15502806;-5,41202054;Mapa;688;MDT
4330008;33;Asturias;03;Principado de Asturias;Zarréu;33022010100;33022;42,94601802;-6,490459219;Coordinado_IGR Poblaciones;1018;MDT
4330009;33;Asturias;03;Principado de Asturias;Endriga;33068040200;33068;43,09249662;-6,156509032;Coordinado_IGR Poblaciones;1071;MDT
4330010;33;Asturias;03;Principado de Asturias;Escoredo;33051040100;33051;43,50396719;-6,142216511;Coordinado_IGR Poblaciones;281;MDT
4330011;33;Asturias;03;Principado de Asturias;Faedo;33021030000;33021;43,52055813;-6,18039333;Mapa;309;MDT
4330012;33;Asturias;03;Principado de Asturias;Corollos-La Fenosa-Villairín-Orderias;33021030400,33021030700,33021030300,33021030100;33021;43,52704179;-6,192413873;Centroide calculado a partir de las coordenadas de las poblaciones que componen el EATIM;291;Altitud media de las poblaciones que componen el EATIM
4330013;33;Asturias;03;Principado de Asturias;La Foceicha;33072040000,33072040100;33072;43,09970667;-6,05885606;Centroide calculado a partir de las coordenadas de las poblaciones que componen el EATIM;1078,5;Altitud media de las poblaciones que componen el EATIM
4330014;33;Asturias;03;Principado de Asturias;Folgueras;33051050000;33051;43,46580707;-6,19839352;Mapa;275;MDT
4330015;33;Asturias;03;Principado de Asturias;Fresnéu;33072010100;33072;43,12800572;-6,064480747;Coordinado_IGR Poblaciones;724;MDT
4330016;33;Asturias;03;Principado de Asturias;Lamuño, Salamir y Artedo;33021042000,33021040100,33021041300;33021;43,56258646;-6,202953817;Centroide calculado a partir de las coordenadas de las poblaciones que componen el EATIM;84,66666667;Altitud media de las poblaciones que componen el EATIM
4330017;33;Asturias;03;Principado de Asturias;Loro;33051050300;33051;43,47974283;-6,20419071;Coordinado_IGR Poblaciones;314;MDT
4330018;33;Asturias;03;Principado de Asturias;Mumayor y Beiciella;33021041600,33021040200;33021;43,55090507;-6,218506208;Centroide calculado a partir de las coordenadas de las poblaciones que componen el EATIM;69;Altitud media de las poblaciones que componen el EATIM
4330019;33;Asturias;03;Principado de Asturias;Orllé;33015060000;33015;43,19769871;-5,32557858;Mapa;688;MDT
4330020;33;Asturias;03;Principado de Asturias;Pandenes;33009040100;33009;43,40890886;-5,469195255;Coordinado_IGR Poblaciones;401;MDT
4330021;33;Asturias;03;Principado de Asturias;Parmu;33072050100;33072;43,10037474;-6,042072954;Coordinado_IGR Poblaciones;829;MDT
4330022;33;Asturias;03;Principado de Asturias;Saliencia;33068040300;33068;43,08744676;-6,142194271;Detección automática;1105;MDT
4330023;33;Asturias;03;Principado de Asturias;San Cosme;33021042100;33021;43,54246149;-6,242046363;Coordinado_IGR Poblaciones;85;MDT
4330024;33;Asturias;03;Principado de Asturias;San Juan de Piñera;33021080800;33021;43,54822356;-6,156393187;Coordinado_IGR Poblaciones;132;MDT
4330025;33;Asturias;03;Principado de Asturias;Sandamías;33051110200;33051;43,45279816;-6,162360251;Coordinado_IGR Poblaciones;354;MDT
4330026;33;Asturias;03;Principado de Asturias;Santa María de Llas;33008010200;33008;43,30324737;-4,816092495;Coordinado_IGR Poblaciones;137;MDT
4330027;33;Asturias;03;Principado de Asturias;Santianes del Rey Silo;33051120300;33051;43,50206986;-6,099693572;Coordinado_IGR Poblaciones;51;MDT
4330028;33;Asturias;03;Principado de Asturias;Somado;33051070100;33051;43,53445709;-6,119260522;Coordinado_IGR Poblaciones;217;MDT
4330029;33;Asturias;03;Principado de Asturias;La Tabla;33021030600;33021;43,51460752;-6,184289807;Coordinado_IGR Poblaciones;333;MDT
4330030;33;Asturias;03;Principado de Asturias;Taxa;33072090100;33072;43,16960072;-6,17417838;Coordinado_IGR Poblaciones;951;MDT
4330031;33;Asturias;03;Principado de Asturias;Trevías;33034151500;33034;43,50160219;-6,434648499;Detección automática;26;MDT
4330032;33;Asturias;03;Principado de Asturias;Villamayor;33049230000;33049;43,35834954;-5,30715051;Mapa;115;MDT
4330033;33;Asturias;03;Principado de Asturias;Gio;33029050100;33029;43,36077351;-6,84441888;Detección automática;273;MDT
4330034;33;Asturias;03;Principado de Asturias;Busmente, Herías y La Muria;33077041300,33077060300,33077060100,33077060000;33077;43,43262701;-6,684393182;Centroide calculado a partir de las coordenadas de las poblaciones que componen el EATIM;502,75;Altitud media de las poblaciones que componen el EATIM
4330035;33;Asturias;03;Principado de Asturias;Arbellales;33068040100;33068;43,10124396;-6,18067974;Detección automática;1006;MDT
4330036;33;Asturias;03;Principado de Asturias;Sobrefoz;33050070100;33050;43,17075823;-5,176455851;Coordinado_IGR Poblaciones;646;MDT
4330037;33;Asturias;03;Principado de Asturias;San Martín del Valledor;33001121200;33001;43,17730885;-6,775010027;Detección automática;434;MDT
4330038;33;Asturias;03;Principado de Asturias;La Castañal;33051020100;33051;43,48275566;-6,220053483;Investigación;362;MDT
4330039;33;Asturias;03;Principado de Asturias;Brañas/Leitariegos;33011280000;33011;42,99957062;-6,41971393;Mapa;1523;MDT
4340001;34;Palencia;07;Castilla y León;Acera de la Vega;34245000100;34245;42,61616202;-4,81806147;Detección automática;971;MDT
4340004;34;Palencia;07;Castilla y León;Amayuelas de Ojeda;34114000100;34114;42,78405728;-4,492823852;Coordinado_IGR Poblaciones;995;MDT
4340005;34;Palencia;07;Castilla y León;Arenillas de Nuño Pérez;34228000100;34228;42,51723544;-4,53154743;Detección automática;866;MDT
4340006;34;Palencia;07;Castilla y León;Arenillas de San Pelayo;34037000100;34037;42,58167347;-4,59405366;Detección automática;893;MDT
4340007;34;Palencia;07;Castilla y León;Areños;34904000100;34904;42,9922042;-4,488952513;Coordinado_IGR Poblaciones;1158;MDT
4340008;34;Palencia;07;Castilla y León;Arroyo;34131000100;34131;42,31166295;-4,856848042;Coordinado_IGR Poblaciones;830;MDT
4340009;34;Palencia;07;Castilla y León;Aviñante de la Peña;34171000100;34171;42,81875921;-4,71074819;Detección automática;1168;MDT
4340010;34;Palencia;07;Castilla y León;Baños de la Peña;34151000100;34151;42,72592783;-4,649637095;Coordinado_IGR Poblaciones;980;MDT
4340011;34;Palencia;07;Castilla y León;Barajores de la Peña;34151000200;34151;42,76359448;-4,670783768;Detección automática;1028;MDT
4340012;34;Palencia;07;Castilla y León;Barcenilla de Pisuerga;34056000200;34056;42,84765085;-4,412638174;Coordinado_IGR Poblaciones;956;MDT
4340013;34;Palencia;07;Castilla y León;Barrio de San Pedro;34004000200;34004;42,80329391;-4,371806809;Coordinado_IGR Poblaciones;962;MDT
4340014;34;Palencia;07;Castilla y León;Barrio de Santa María;34004000300;34004;42,81290651;-4,37979906;Coordinado_IGR Poblaciones;957;MDT
4340015;34;Palencia;07;Castilla y León;Barrios de la Vega;34218000100;34218;42,5509215;-4,78632608;Detección automática;931;MDT
4340016;34;Palencia;07;Castilla y León;Barruelo de Santullán;34027000100;34027;42,90754814;-4,287134716;Detección automática;1047;MDT
4340017;34;Palencia;07;Castilla y León;Báscones de Ebro;34032000100;34032;42,79819205;-4,011023388;Coordinado_IGR Poblaciones;726;MDT
4340018;34;Palencia;07;Castilla y León;Báscones de Valdivia;34135000100;34135;42,76609608;-4,18497976;Detección automática;914;MDT
4340019;34;Palencia;07;Castilla y León;Becerril del Carpio;34005000200;34005;42,71184578;-4,300944912;Investigación;871;MDT
4340020;34;Palencia;07;Castilla y León;Berzosa de los Hidalgos;34107000100;34107;42,67267436;-4,44950365;Detección automática;965;MDT
4340021;34;Palencia;07;Castilla y León;Berzosilla;34032000200;34032;42,78044046;-4,03743884;Mapa;822;MDT
4340022;34;Palencia;07;Castilla y León;Brañosera;34036000100;34036;42,93596726;-4,307936503;Detección automática;1215;MDT
4340023;34;Palencia;07;Castilla y León;Bustillo de Santullán;34027000200;34027;42,87104762;-4,348201369;Coordinado_IGR Poblaciones;1009;MDT
4340024;34;Palencia;07;Castilla y León;Bustillo de la Vega;34038000100;34038;42,4559157;-4,740589339;Detección automática;879;MDT
4340025;34;Palencia;07;Castilla y León;Cabria;34004000400;34004;42,80664581;-4,222800134;Coordinado_IGR Poblaciones;957;MDT
4340026;34;Palencia;07;Castilla y León;Calzadilla de la Cueza;34055000100;34055;42,32911226;-4,80370568;Detección automática;855;MDT
4340027;34;Palencia;07;Castilla y León;Camasobres;34904000200;34904;43,01517968;-4,488223525;Coordinado_IGR Poblaciones;1198;MDT
4340028;34;Palencia;07;Castilla y León;El Campo;34904000300;34904;42,97698594;-4,508257504;Coordinado_IGR Poblaciones;1184;MDT
4340029;34;Palencia;07;Castilla y León;Canduela;34004000500;34004;42,83305794;-4,191953332;Coordinado_IGR Poblaciones;905;MDT
4340031;34;Palencia;07;Castilla y León;Carbonera;34157000100;34157;42,59322813;-4,736514254;Coordinado_IGR Poblaciones;1016;MDT
4340034;34;Palencia;07;Castilla y León;Casavegas;34904000400;34904;43,0222493;-4,512684699;Coordinado_IGR Poblaciones;1221;MDT
4340035;34;Palencia;07;Castilla y León;Cascón de la Nava;34237000100;34237;42,05681712;-4,64491028;Detección automática;740;MDT
4340036;34;Palencia;07;Castilla y León;Castrejón de la Peña;34049000200;34049;42,80784601;-4,598854272;Detección automática;1120;MDT
4340037;34;Palencia;07;Castilla y León;Celada de Roblecedo;34056000300;34056;42,94512928;-4,43190061;Detección automática;1201;MDT
4340038;34;Palencia;07;Castilla y León;Celadilla del Río;34129000100;34129;42,60751616;-4,79525657;Detección automática;985;MDT
4340039;34;Palencia;07;Castilla y León;Cembrero;34222000100;34222;42,56160718;-4,43606408;Detección automática;915;MDT
4340041;34;Palencia;07;Castilla y León;Cillamayor;34027000300;34027;42,86300269;-4,27810071;Detección automática;954;MDT
4340042;34;Palencia;07;Castilla y León;Colmenares de Ojeda;34067000100;34067;42,79529741;-4,521673536;Coordinado_IGR Poblaciones;1028;MDT
4340043;34;Palencia;07;Castilla y León;Collazos de Boedo;34061000100;34061;42,61976374;-4,483577476;Detección automática;918;MDT
4340044;34;Palencia;07;Castilla y León;Cordovilla;34004000600;34004;42,85828004;-4,237191315;Coordinado_IGR Poblaciones;990;MDT
4340045;34;Palencia;07;Castilla y León;Cornón de la Peña;34171000200;34171;42,7667236;-4,74912391;Detección automática;1156;MDT
4340046;34;Palencia;07;Castilla y León;Cornoncillo;34062000200;34062;42,7059344;-4,66967333;Detección automática;1009;MDT
4340047;34;Palencia;07;Castilla y León;Corvio;34004000700;34004;42,8220313;-4,279851893;Coordinado_IGR Poblaciones;930;MDT
4340048;34;Palencia;07;Castilla y León;Cubillo de Castrejón;34049000300;34049;42,8085184;-4,56806578;Detección automática;1112;MDT
4340049;34;Palencia;07;Castilla y León;Cubillo de Ojeda;34056000500;34056;42,80199168;-4,435339631;Coordinado_IGR Poblaciones;1061;MDT
4340050;34;Palencia;07;Castilla y León;Cuillas del Valle;34032000300;34032;42,7885894;-4,009103909;Coordinado_IGR Poblaciones;753;MDT
4340051;34;Palencia;07;Castilla y León;Dehesa de Montejo;34067000200;34067;42,81989214;-4,51044289;Mapa;1096;MDT
4340052;34;Palencia;07;Castilla y León;Estalaya;34056000600;34056;42,92817582;-4,47490028;Detección automática;1126;MDT
4340053;34;Palencia;07;Castilla y León;Foldada;34004000900;34004;42,78662808;-4,352094044;Coordinado_IGR Poblaciones;969;MDT
4340054;34;Palencia;07;Castilla y León;Fontecha de la Peña;34151000300;34151;42,74429649;-4,72144307;Detección automática;1088;MDT
4340055;34;Palencia;07;Castilla y León;Fuente Andrino;34211000100;34211;42,41208386;-4,454353469;Coordinado_IGR Poblaciones;829;MDT
4340056;34;Palencia;07;Castilla y León;Gañinas de la Vega;34126000100;34126;42,48391456;-4,71899639;Detección automática;886;MDT
4340057;34;Palencia;07;Castilla y León;Gramedo;34056000700;34056;42,8840119;-4,454228309;Coordinado_IGR Poblaciones;1066;MDT
4340058;34;Palencia;07;Castilla y León;Helecha de Valdivia;34135000400;34135;42,79619113;-4,168113692;Coordinado_IGR Poblaciones;976;MDT
4340059;34;Palencia;07;Castilla y León;Las Heras de la Peña;34171000300;34171;42,80105926;-4,74153025;Detección automática;1090;MDT
4340060;34;Palencia;07;Castilla y León;Herreruela de Castillería;34056000800;34056;42,92747326;-4,41280443;Detección automática;1220;MDT
4340061;34;Palencia;07;Castilla y León;Hijosa de Boedo;34168000100;34168;42,49910475;-4,32021051;Detección automática;891;MDT
4340062;34;Palencia;07;Castilla y León;Lagartos;34091000100;34091;42,40610575;-4,90415932;Detección automática;914;MDT
4340063;34;Palencia;07;Castilla y León;Lagunilla de la Vega;34038000200;34038;42,4385638;-4,75516797;Detección automática;876;MDT
4340064;34;Palencia;07;Castilla y León;La Lastra;34185000100;34185;42,91493844;-4,669307677;Coordinado_IGR Poblaciones;1370;MDT
4340066;34;Palencia;07;Castilla y León;Lebanza;34904000500;34904;42,96846108;-4,52736305;Detección automática;1190;MDT
4340077;34;Palencia;07;Castilla y León;Lobera de la Vega;34126000200;34126;42,49966956;-4,728976175;Coordinado_IGR Poblaciones;894;MDT
4340078;34;Palencia;07;Castilla y León;Loma de Castrejón;34049000400;34049;42,79795565;-4,58308476;Detección automática;1106;MDT
4340079;34;Palencia;07;Castilla y León;Lomilla de Aguilar;34004001100;34004;42,76280994;-4,29865009;Detección automática;912;MDT
4340080;34;Palencia;07;Castilla y León;Los Llazos;34904000700;34904;42,99163438;-4,47702899;Detección automática;1216;MDT
4340081;34;Palencia;07;Castilla y León;Matabuena;34027000400;34027;42,86641846;-4,2946977;Detección automática;1043;MDT
4340082;34;Palencia;07;Castilla y León;Matalbaniega;34004001200;34004;42,83580816;-4,262306716;Coordinado_IGR Poblaciones;983;MDT
4340083;34;Palencia;07;Castilla y León;Matamorisca;34004001300;34004;42,84277866;-4,311107936;Coordinado_IGR Poblaciones;967;MDT
4340084;34;Palencia;07;Castilla y León;Mave;34004001400;34004;42,73634115;-4,274561387;Coordinado_IGR Poblaciones;886;MDT
4340085;34;Palencia;07;Castilla y León;Membrillar;34157000200;34157;42,55914301;-4,694229074;Coordinado_IGR Poblaciones;975;MDT
4340086;34;Palencia;07;Castilla y León;Menaza;34004001500;34004;42,83126931;-4,21504885;Detección automática;960;MDT
4340087;34;Palencia;07;Castilla y León;Moarves de Ojeda;34114000200;34114;42,70406558;-4,411567532;Coordinado_IGR Poblaciones;905;MDT
4340088;34;Palencia;07;Castilla y León;Monasterio;34158000100;34158;42,87553327;-4,3628407;Detección automática;1104;MDT
4340089;34;Palencia;07;Castilla y León;Montoto de Ojeda;34114000300;34114;42,76609281;-4,442915309;Coordinado_IGR Poblaciones;981;MDT
4340090;34;Palencia;07;Castilla y León;Moratinos;34109000100;34109;42,36060851;-4,926433372;Detección automática;856;MDT
4340091;34;Palencia;07;Castilla y León;Moslares de la Vega;34147000200;34147;42,46196385;-4,71446734;Detección automática;876;MDT
4340092;34;Palencia;07;Castilla y León;Nava de Santullán;34027000500;34027;42,87832853;-4,31637397;Detección automática;1050;MDT
4340093;34;Palencia;07;Castilla y León;Naveros de Pisuerga;34083000200;34083;42,47205351;-4,26330641;Detección automática;823;MDT
4340094;34;Palencia;07;Castilla y León;Néstar;34004001600;34004;42,84183786;-4,23728245;Detección automática;921;MDT
4340095;34;Palencia;07;Castilla y León;Nogales de Pisuerga;34005000300;34005;42,66958319;-4,305370926;Coordinado_IGR Poblaciones;861;MDT
4340096;34;Palencia;07;Castilla y León;Olmos de Ojeda;34114000400;34114;42,72215483;-4,424453526;Detección automática;923;MDT
4340097;34;Palencia;07;Castilla y León;Olleros de Paredes Rubias;34032000400;34032;42,77967778;-4,0098829;Detección automática;799;MDT
4340098;34;Palencia;07;Castilla y León;Olleros de Pisuerga;34004001700;34004;42,74359387;-4,287189042;Coordinado_IGR Poblaciones;886;MDT
4340101;34;Palencia;07;Castilla y León;Oteros de Boedo;34061000200;34061;42,65523147;-4,490283753;Coordinado_IGR Poblaciones;977;MDT
4340102;34;Palencia;07;Castilla y León;Páramo de Boedo;34122000100;34122;42,57827818;-4,399396777;Investigación;877;Investigación
4340104;34;Palencia;07;Castilla y León;Perazancas de Ojeda;34056001000;34056;42,78435222;-4,421691065;Coordinado_IGR Poblaciones;1005;MDT
4340105;34;Palencia;07;Castilla y León;Piedrasluengas;34904000800;34904;43,03701677;-4,457937731;Coordinado_IGR Poblaciones;1321;MDT
4340106;34;Palencia;07;Castilla y León;Pino del Río;34129000200;34129;42,64412105;-4,808258252;Detección automática;993;MDT
4340107;34;Palencia;07;Castilla y León;Pino de Viduerna;34171000400;34171;42,78977459;-4,717700167;Coordinado_IGR Poblaciones;1110;MDT
4340108;34;Palencia;07;Castilla y León;Pisón de Castrejón;34049000500;34049;42,80728451;-4,6242941;Detección automática;1129;MDT
4340110;34;Palencia;07;Castilla y León;Población de Arroyo;34131000200;34131;42,33645343;-4,874206407;Detección automática;851;MDT
4340111;34;Palencia;07;Castilla y León;Población de Soto;34112000200;34112;42,38036308;-4,62867374;Detección automática;842;MDT
4340112;34;Palencia;07;Castilla y León;Polvorosa de Valdavia;34037000400;34037;42,61207865;-4,600004565;Coordinado_IGR Poblaciones;906;MDT
4340113;34;Palencia;07;Castilla y León;Pomar de Valdivia;34135000600;34135;42,77466678;-4,167808813;Detección automática;943;MDT
4340114;34;Palencia;07;Castilla y León;Porquera de los Infantes;34135000700;34135;42,79568541;-4,21618711;Detección automática;903;MDT
4340115;34;Palencia;07;Castilla y León;Porquera de Santullán;34027000600;34027;42,89171047;-4,28787807;Detección automática;1002;MDT
4340116;34;Palencia;07;Castilla y León;Portillejo;34143000100;34143;42,48015311;-4,64074845;Detección automática;905;MDT
4340117;34;Palencia;07;Castilla y León;Pozancos;34004001800;34004;42,71407127;-4,22680462;Detección automática;923;MDT
4340118;34;Palencia;07;Castilla y León;Puentetoma;34004001900;34004;42,74617917;-4,17062262;Detección automática;910;MDT
4340119;34;Palencia;07;Castilla y León;Quintanadiez de la Vega;34218000200;34218;42,49602252;-4,75494799;Detección automática;897;MDT
4340120;34;Palencia;07;Castilla y León;Quintanaluengos;34056001100;34056;42,8527417;-4,423502592;Coordinado_IGR Poblaciones;960;MDT
4340122;34;Palencia;07;Castilla y León;Quintanatello de Ojeda;34114000500;34114;42,7329168;-4,456625149;Coordinado_IGR Poblaciones;949;MDT
4340123;34;Palencia;07;Castilla y León;Quintanilla de la Cueza;34055000300;34055;42,29930988;-4,794095877;Coordinado_IGR Poblaciones;850;MDT
4340124;34;Palencia;07;Castilla y León;Quintanilla de Onsoña;34143000200;34143;42,46879834;-4,664751979;Detección automática;887;MDT
4340125;34;Palencia;07;Castilla y León;Quintanilla de las Torres;34135000800;34135;42,82009352;-4,19787506;Coordinado_IGR Poblaciones;903;MDT
4340126;34;Palencia;07;Castilla y León;Rabanal de los Caballeros;34056001300;34056;42,89586384;-4,47527911;Coordinado_IGR Poblaciones;1073;MDT
4340127;34;Palencia;07;Castilla y León;Rebolledo de la Inera;34135000900;34135;42,76421628;-4,20117443;Detección automática;925;MDT
4340128;34;Palencia;07;Castilla y León;Recueva de la Peña;34049000600;34049;42,78336264;-4,65973431;Detección automática;1045;MDT
4340129;34;Palencia;07;Castilla y León;Relea;34157000300;34157;42,52333982;-4,70518674;Detección automática;931;MDT
4340132;34;Palencia;07;Castilla y León;Renedo de la Vega;34147000300;34147;42,45273104;-4,703369417;Detección automática;871;MDT
4340133;34;Palencia;07;Castilla y León;Renedo de Zalima;34158000200;34158;42,83193309;-4,34009494;Coordinado_IGR Poblaciones;969;MDT
4340135;34;Palencia;07;Castilla y León;Respenda de la Peña;34151000400;34151;42,76434394;-4,686477062;Detección automática;1013;MDT
4340136;34;Palencia;07;Castilla y León;Revilla de Pomar;34135001100;34135;42,77133895;-4,15216258;Detección automática;1042;MDT
4340137;34;Palencia;07;Castilla y León;Revilla de Santullán;34027000700;34027;42,89131459;-4,29344216;Detección automática;1001;MDT
4340138;34;Palencia;07;Castilla y León;Riosmenudos de la Peña;34151000500;34151;42,75195647;-4,657969452;Coordinado_IGR Poblaciones;1000;MDT
4340140;34;Palencia;07;Castilla y León;Roscales de la Peña;34049000700;34049;42,76624739;-4,62872193;Detección automática;1051;MDT
4340141;34;Palencia;07;Castilla y León;Rueda de Pisuerga;34056001500;34056;42,85618631;-4,416660203;Coordinado_IGR Poblaciones;960;MDT
4340142;34;Palencia;07;Castilla y León;Ruesga;34056001600;34056;42,86409716;-4,523843619;Coordinado_IGR Poblaciones;1013;MDT
4340143;34;Palencia;07;Castilla y León;Salcedillo;34036000300;34036;42,94087663;-4,273725993;Coordinado_IGR Poblaciones;1247;MDT
4340144;34;Palencia;07;Castilla y León;Salinas de Pisuerga;34158000300;34158;42,85045992;-4,377875485;Detección automática;945;MDT
4340145;34;Palencia;07;Castilla y León;San Andrés de la Regla;34245000200;34245;42,5522607;-4,89905651;Detección automática;1000;MDT
4340146;34;Palencia;07;Castilla y León;San Cebrián de Mudá;34160000200;34160;42,89233436;-4,3863237;Detección automática;1037;MDT
4340147;34;Palencia;07;Castilla y León;San Felices de Castillería;34056001700;34056;42,92512924;-4,446390878;Coordinado_IGR Poblaciones;1113;MDT
4340148;34;Palencia;07;Castilla y León;San Juan de Redondo;34904000900;34904;42,98866814;-4,45040639;Coordinado_IGR Poblaciones;1185;MDT
4340149;34;Palencia;07;Castilla y León;San Llorente del Páramo;34231000100;34231;42,39460042;-4,76718616;Coordinado_IGR Poblaciones;874;MDT
4340150;34;Palencia;07;Castilla y León;San Mamés de Zalima;34158000400;34158;42,83923003;-4,357520611;Coordinado_IGR Poblaciones;960;MDT
4340151;34;Palencia;07;Castilla y León;San Martín de los Herreros;34056001800;34056;42,8912476;-4,592758052;Coordinado_IGR Poblaciones;1075;MDT
4340152;34;Palencia;07;Castilla y León;San Martín del Monte;34222000200;34222;42,56680421;-4,485100601;Coordinado_IGR Poblaciones;959;MDT
4340153;34;Palencia;07;Castilla y León;San Martín y Perapertú;34160000100,34160000300;34160;42,91139796;-4,367557674;Centroide calculado a partir de las coordenadas de las poblaciones que componen el EATIM;1125;Altitud media de las poblaciones que componen el EATIM
4340154;34;Palencia;07;Castilla y León;San Martín del Valle;34231000200;34231;42,4366121;-4,7853261;Detección automática;895;MDT
4340155;34;Palencia;07;Castilla y León;San Nicolás del Real Camino;34109000200;34109;42,36361202;-4,9516316;Detección automática;839;MDT
4340156;34;Palencia;07;Castilla y León;San Pedro de Ojeda;34114000600;34114;42,69240909;-4,40508099;Coordinado_IGR Poblaciones;894;MDT
4340157;34;Palencia;07;Castilla y León;San Salvador de Cantamuda;34904001000;34904;42,9648317;-4,49795142;Investigación;1108;MDT
4340158;34;Palencia;07;Castilla y León;Santa Cruz de Boedo;34168000200;34168;42,52446447;-4,373327198;Detección automática;851;MDT
4340159;34;Palencia;07;Castilla y León;Santa Cruz del Monte;34222000300;34222;42,49817754;-4,459749846;Coordinado_IGR Poblaciones;876;MDT
4340161;34;Palencia;07;Castilla y León;Santa María de Redondo;34904001100;34904;42,99073793;-4,435838997;Coordinado_IGR Poblaciones;1209;MDT
4340162;34;Palencia;07;Castilla y León;Santa Olaja de la Vega;34218000300;34218;42,54032822;-4,78419746;Detección automática;924;MDT
4340163;34;Palencia;07;Castilla y León;Santana de la Peña;34151000600;34151;42,73973899;-4,65612723;Detección automática;990;MDT
4340164;34;Palencia;07;Castilla y León;Santervás de la Vega;34169000100;34169;42,50678696;-4,798733375;Detección automática;920;MDT
4340165;34;Palencia;07;Castilla y León;Santibáñez de Ecla;34170000200;34170;42,70812922;-4,373217007;Detección automática;952;MDT
4340166;34;Palencia;07;Castilla y León;Santibáñez de la Peña;34171000500;34171;42,80919509;-4,729972855;Detección automática;1114;MDT
4340167;34;Palencia;07;Castilla y León;Santillán de la Vega;34147000400;34147;42,44040649;-4,7107184;Detección automática;866;MDT
4340168;34;Palencia;07;Castilla y León;Sotillo de Boedo;34176000100;34176;42,61022918;-4,4076399;Detección automática;901;MDT
4340169;34;Palencia;07;Castilla y León;Tarilonte de la Peña;34171000600;34171;42,81926322;-4,66803344;Detección automática;1140;MDT
4340170;34;Palencia;07;Castilla y León;Terradillos de los Templarios;34091000200;34091;42,36283921;-4,89028265;Detección automática;875;MDT
4340171;34;Palencia;07;Castilla y León;Traspeña de la Peña;34049000800;34049;42,81795787;-4,603467679;Coordinado_IGR Poblaciones;1148;MDT
4340172;34;Palencia;07;Castilla y León;Tremaya;34904001200;34904;42,98057826;-4,46143372;Detección automática;1172;MDT
4340173;34;Palencia;07;Castilla y León;Triollo;34185000200;34185;42,92443001;-4,68128221;Mapa;1301;MDT
4340174;34;Palencia;07;Castilla y León;Vado;34067000400;34067;42,85423682;-4,48232033;Detección automática;989;MDT
4340175;34;Palencia;07;Castilla y León;Valberzoso;34036000400;34036;42,91362805;-4,241929295;Coordinado_IGR Poblaciones;1087;MDT
4340176;34;Palencia;07;Castilla y León;Valcabadillo;34157000700;34157;42,57086925;-4,76009028;Detección automática;1021;MDT
4340178;34;Palencia;07;Castilla y León;Valderrábano;34190000100;34190;42,60591026;-4,654570572;Detección automática;955;MDT
4340179;34;Palencia;07;Castilla y León;Valenoso;34157000800;34157;42,54717537;-4,645547;Detección automática;957;MDT
4340180;34;Palencia;07;Castilla y León;Valoria de Aguilar;34004002300;34004;42,76757269;-4,27552702;Detección automática;897;MDT
4340181;34;Palencia;07;Castilla y León;Valsadornín;34056002000;34056;42,87924418;-4,474352682;Coordinado_IGR Poblaciones;1011;MDT
4340182;34;Palencia;07;Castilla y León;Valle de Santullán;34160000400;34160;42,90441377;-4,345810968;Coordinado_IGR Poblaciones;1244;MDT
4340183;34;Palencia;07;Castilla y León;Valles de Valdavia;34190000200;34190;42,58150543;-4,63791917;Detección automática;958;MDT
4340184;34;Palencia;07;Castilla y León;Vallespinoso de Aguilar;34004002400;34004;42,77408892;-4,36540809;Coordinado_IGR Poblaciones;994;MDT
4340185;34;Palencia;07;Castilla y León;Vallespinoso de Cervera;34056002100;34056;42,87474251;-4,4277144;Detección automática;997;MDT
4340186;34;Palencia;07;Castilla y León;Vañes;34056002200;34056;42,91579821;-4,489914889;Coordinado_IGR Poblaciones;1091;MDT
4340187;34;Palencia;07;Castilla y León;Vega de Bur;34114000700;34114;42,75058718;-4,46671338;Detección automática;962;MDT
4340188;34;Palencia;07;Castilla y León;Vega de Doña Olimpa;34157000900;34157;42,52470503;-4,64252226;Detección automática;917;MDT
4340189;34;Palencia;07;Castilla y León;Vega de Riacos;34151000700;34151;42,75387562;-4,67483314;Detección automática;1005;MDT
4340190;34;Palencia;07;Castilla y León;Velilla de la Peña;34171000700;34171;42,83086747;-4,66401515;Detección automática;1160;MDT
4340191;34;Palencia;07;Castilla y León;Velillas del Duque;34143000300;34143;42,47719609;-4,694478496;Coordinado_IGR Poblaciones;885;MDT
4340192;34;Palencia;07;Castilla y León;Ventanilla;34056002300;34056;42,87886922;-4,56004961;Detección automática;1043;MDT
4340193;34;Palencia;07;Castilla y León;Verbios;34027000900;34027;42,88026771;-4,347608176;Coordinado_IGR Poblaciones;1046;MDT
4340194;34;Palencia;07;Castilla y León;Verdeña;34056002400;34056;42,94276043;-4,46115245;Detección automática;1183;MDT
4340195;34;Palencia;07;Castilla y León;Vergaño;34160000500;34160;42,90051771;-4,42971719;Detección automática;1113;MDT
4340196;34;Palencia;07;Castilla y León;Vidrieros;34185000300;34185;42,94232366;-4,66460895;Detección automática;1326;MDT
4340197;34;Palencia;07;Castilla y León;Viduerna de la Peña;34171000800;34171;42,78419696;-4,72516422;Detección automática;1048;MDT
4340198;34;Palencia;07;Castilla y León;Villabellaco;34027001000;34027;42,89233969;-4,31177289;Detección automática;1096;MDT
4340199;34;Palencia;07;Castilla y León;Villacibio;34004002500;34004;42,72712154;-4,24008239;Detección automática;904;MDT
4340200;34;Palencia;07;Castilla y León;Villacuende;34236000100;34236;42,3811541;-4,69829833;Detección automática;847;MDT
4340201;34;Palencia;07;Castilla y León;Villaescusa de Ecla;34170000300;34170;42,7277722;-4,375373694;Coordinado_IGR Poblaciones;973;MDT
4340202;34;Palencia;07;Castilla y León;Villaescusa de las Torres;34135001200;34135;42,75869619;-4,251278408;Coordinado_IGR Poblaciones;901;MDT
4340203;34;Palencia;07;Castilla y León;Villafría de la Peña;34171000900;34171;42,82987466;-4,71175199;Detección automática;1221;MDT
4340204;34;Palencia;07;Castilla y León;Villafruel;34157001000;34157;42,57500141;-4,73120661;Detección automática;975;MDT
4340205;34;Palencia;07;Castilla y León;Villalafuente;34157001100;34157;42,53859401;-4,716973682;Coordinado_IGR Poblaciones;949;MDT
4340206;34;Palencia;07;Castilla y León;Villalbeto de la Peña;34171001000;34171;42,79009438;-4,678464261;Coordinado_IGR Poblaciones;1059;MDT
4340207;34;Palencia;07;Castilla y León;Villaldavín;34127000300;34127;42,15998055;-4,57248376;Detección automática;795;MDT
4340208;34;Palencia;07;Castilla y León;Villaluenga de la Vega;34218000400;34218;42,52383205;-4,765371341;Detección automática;913;MDT
4340209;34;Palencia;07;Castilla y León;Villallano;34135001300;34135;42,76574415;-4,23699012;Detección automática;887;MDT
4340210;34;Palencia;07;Castilla y León;Villambrán de Cea;34091000300;34091;42,42763733;-4,89283598;Detección automática;929;MDT
4340211;34;Palencia;07;Castilla y León;Villambroz;34231000300;34231;42,41073816;-4,82427167;Detección automática;907;MDT
4340212;34;Palencia;07;Castilla y León;Villameriel;34222000400;34222;42,52788789;-4,475047163;Detección automática;903;MDT
4340213;34;Palencia;07;Castilla y León;Villaneceriel de Boedo;34122000200;34122;42,59597133;-4,39898186;Detección automática;885;MDT
4340214;34;Palencia;07;Castilla y León;Villantodrigo;34143000400;34143;42,49301442;-4,663402506;Coordinado_IGR Poblaciones;903;MDT
4340215;34;Palencia;07;Castilla y León;Villanueva de Abajo;34062000300;34062;42,72407254;-4,69290189;Detección automática;1044;MDT
4340216;34;Palencia;07;Castilla y León;Villanueva de Arriba;34171001100;34171;42,79201187;-4,77942564;Detección automática;1114;MDT
4340218;34;Palencia;07;Castilla y León;Villanueva del Monte;34157001200;34157;42,53429132;-4,66469186;Detección automática;938;MDT
4340219;34;Palencia;07;Castilla y León;Villanueva de los Nabos;34236000200;34236;42,37457603;-4,64482426;Detección automática;835;MDT
4340221;34;Palencia;07;Castilla y León;Villanueva de la Peña;34049000900;34049;42,8286257;-4,62502384;Detección automática;1178;MDT
4340222;34;Palencia;07;Castilla y León;Villanueva del Río;34243000200;34243;42,284687;-4,61201709;Detección automática;802;MDT
4340223;34;Palencia;07;Castilla y León;Villanueva de la Torre;34027001100;34027;42,87089771;-4,356929102;Coordinado_IGR Poblaciones;1001;MDT
4340224;34;Palencia;07;Castilla y León;Villaoliva de la Peña;34171001200;34171;42,78417344;-4,75633912;Detección automática;1114;MDT
4340225;34;Palencia;07;Castilla y León;Villaproviano;34143000500;34143;42,44635136;-4,64290628;Detección automática;875;MDT
4340226;34;Palencia;07;Castilla y León;Villapún;34169000200;34169;42,52606627;-4,82067056;Detección automática;969;MDT
4340227;34;Palencia;07;Castilla y León;Villarén de Valdivia;34135001400;34135;42,77791094;-4,19283304;Detección automática;940;MDT
4340228;34;Palencia;07;Castilla y León;Villarmienzo;34143000600;34143;42,50052494;-4,686568478;Coordinado_IGR Poblaciones;912;MDT
4340229;34;Palencia;07;Castilla y León;Villarrabé;34231000400;34231;42,42146368;-4,783736669;Detección automática;898;MDT
4340230;34;Palencia;07;Castilla y León;Villarrobejo;34169000300;34169;42,48466252;-4,80393232;Detección automática;946;MDT
4340231;34;Palencia;07;Castilla y León;Villarrodrigo de la Vega;34126000400;34126;42,472844;-4,76889847;Detección automática;894;MDT
4340232;34;Palencia;07;Castilla y León;Villasur;34157001300;34157;42,58201357;-4,698553611;Coordinado_IGR Poblaciones;1006;MDT
4340233;34;Palencia;07;Castilla y León;Villaturde;34236000300;34236;42,37927319;-4,672297791;Detección automática;841;MDT
4340234;34;Palencia;07;Castilla y León;Villavega de Aguilar;34004002700;34004;42,85209203;-4,258292355;Coordinado_IGR Poblaciones;935;MDT
4340235;34;Palencia;07;Castilla y León;Villavega de Ojeda;34114000800;34114;42,68506289;-4,429562055;Coordinado_IGR Poblaciones;909;MDT
4340236;34;Palencia;07;Castilla y León;Villaverde de la Peña;34171001300;34171;42,82866968;-4,679810931;Coordinado_IGR Poblaciones;1144;MDT
4340237;34;Palencia;07;Castilla y León;Villemar;34206000400;34206;42,31519536;-4,927538614;Coordinado_IGR Poblaciones;815;MDT
4340238;34;Palencia;07;Castilla y León;Villorquite de Herrera;34222000500;34222;42,49884482;-4,44488671;Detección automática;912;MDT
4340239;34;Palencia;07;Castilla y León;Villorquite del Páramo;34157001400;34157;42,56486991;-4,72824626;Detección automática;966;MDT
4340240;34;Palencia;07;Castilla y León;Villosilla de la Vega;34245000300;34245;42,59686725;-4,81384391;Detección automática;969;MDT
4340241;34;Palencia;07;Castilla y León;Villotilla;34236000400;34236;42,35937602;-4,67889006;Detección automática;837;MDT
4340242;34;Palencia;07;Castilla y León;Zorita del Páramo;34122000300;34122;42,60360019;-4,3599483;Detección automática;860;MDT
4340244;34;Palencia;07;Castilla y León;Olmos de Pisuerga;34083000300;34083;42,48395857;-4,26986061;Detección automática;831;MDT
4340245;34;Palencia;07;Castilla y León;Ventosa de Pisuerga;34083000400;34083;42,54036427;-4,29926818;Detección automática;832;MDT
4340246;34;Palencia;07;Castilla y León;Ligüérzana;34056000900;34056;42,85793126;-4,458157241;Coordinado_IGR Poblaciones;976;MDT
4340247;34;Palencia;07;Castilla y León;Arbejal;34056000100;34056;42,88581953;-4,51185361;Detección automática;1015;MDT
4340249;34;Palencia;07;Castilla y León;Lores;34904000600;34904;42,99696488;-4,5305219;Detección automática;1186;MDT
4340253;34;Palencia;07;Castilla y León;Valdecañas de Cerrato;34022000200;34022;41,99247629;-4,1880569;Coordinado_IGR Poblaciones;802;MDT
4340254;34;Palencia;07;Castilla y León;Resoba;34056001400;34056;42,90223908;-4,55835511;Coordinado_IGR Poblaciones;1079;MDT
4340255;34;Palencia;07;Castilla y León;Torre de los Molinos;34047000200;34047;42,28826822;-4,632952833;Coordinado_IGR Poblaciones;806;MDT
4340256;34;Palencia;07;Castilla y León;Santa María de Nava;34027000800;34027;42,88242245;-4,30883227;Detección automática;1036;MDT
4340257;34;Palencia;07;Castilla y León;Villota del Duque;34903000400;34903;42,49102204;-4,60452698;Detección automática;905;MDT
4340258;34;Palencia;07;Castilla y León;Itero Seco;34903000300;34903;42,46151754;-4,55633893;Detección automática;877;MDT
4360001;36;Pontevedra;12;Galicia;Arcos da Condesa;36005010000,36005010700;36005;42,57834966;-8,631849099;Centroide calculado a partir de las coordenadas de las poblaciones que componen el EATIM;64,5;Altitud media de las poblaciones que componen el EATIM
4360002;36;Pontevedra;12;Galicia;Camposancos;36023010000;36023;41,885352;-8,863227;Investigación;51,84;Investigación
4360003;36;Pontevedra;12;Galicia;Chenlo;36039040400,36039040000;36039;42,12030236;-8,669976595;Centroide calculado a partir de las coordenadas de las poblaciones que componen el EATIM;173,5;Altitud media de las poblaciones que componen el EATIM
4360004;36;Pontevedra;12;Galicia;Morgadáns;36021070000,36021071500;36021;42,10990599;-8,723539285;Centroide calculado a partir de las coordenadas de las poblaciones que componen el EATIM;152,5;Altitud media de las poblaciones que componen el EATIM
4360005;36;Pontevedra;12;Galicia;Pazos de Reis;36055070000;36055;42,05611075;-8,64962407;Mapa;51;MDT
4360006;36;Pontevedra;12;Galicia;Queimadelos;36030070200,36030070000;36030;42,21810885;-8,432342116;Centroide calculado a partir de las coordenadas de las poblaciones que componen el EATIM;249,5;Altitud media de las poblaciones que componen el EATIM
4360007;36;Pontevedra;12;Galicia;Vilasobroso;36030120500;36030;42,20379667;-8,452135307;Coordinado_IGR Poblaciones;258;MDT
4360008;36;Pontevedra;12;Galicia;Bembrive;36057030000,36057030500;36057;42,20505646;-8,686342177;Centroide calculado a partir de las coordenadas de las poblaciones que componen el EATIM;115,5;Altitud media de las poblaciones que componen el EATIM
4370001;37;Salamanca;07;Castilla y León;Águeda;37107000100;37107;40,56102988;-6,49912514;Detección automática;631;MDT
4370002;37;Salamanca;07;Castilla y León;Aldeaseca de Armuña;37362000100;37362;41,01933956;-5,6719358;Detección automática;813;MDT
4370003;37;Salamanca;07;Castilla y León;Bocacara;37107000200;37107;40,67392922;-6,40287021;Detección automática;772;MDT
4370004;37;Salamanca;07;Castilla y León;Cespedosa de Agadones;37157000100;37157;40,43003786;-6,50221784;Detección automática;802;MDT
4370005;37;Salamanca;07;Castilla y León;Fuentebuena de Béjar;37046000200;37046;40,41884065;-5,77756823;Detección automática;995;MDT
4370006;37;Salamanca;07;Castilla y León;Galleguillos;37141000200;37141;40,80815862;-5,3827273;Detección automática;844;MDT
4370007;37;Salamanca;07;Castilla y León;Guadapero;37306000100;37306;40,56214705;-6,35912791;Detección automática;904;MDT
4370008;37;Salamanca;07;Castilla y León;Herrezuelo;37029000300;37029;40,75274597;-5,48178155;Detección automática;852;MDT
4370009;37;Salamanca;07;Castilla y León;La Lurda;37148000700;37148;40,84855144;-5,41976009;Detección automática;824;MDT
4370011;37;Salamanca;07;Castilla y León;Mozodiel de Sanchiñigo;37185000002;37185;41,02668763;-5,7120758;Mapa;780;MDT
4370012;37;Salamanca;07;Castilla y León;Navagallega;37189000600;37189;40,69813397;-5,79041238;Detección automática;1060;MDT
4370013;37;Salamanca;07;Castilla y León;Santa María de los Llanos;37298000300;37298;40,4758155;-5,919933587;Coordinado_IGR Poblaciones;877;MDT
4370014;37;Salamanca;07;Castilla y León;Turra de Alba;37236000200;37236;40,80191124;-5,40597349;Detección automática;863;MDT
4370015;37;Salamanca;07;Castilla y León;Valdesangil;37046000700;37046;40,40505854;-5,74821568;Detección automática;1040;MDT
4370016;37;Salamanca;07;Castilla y León;Villanueva de los Pavones;37224000300;37224;41,09224256;-5,45166183;Detección automática;807;MDT
4370017;37;Salamanca;07;Castilla y León;Villarejo;37378000100;37378;40,47201539;-6,45690399;Detección automática;802;MDT
4370019;37;Salamanca;07;Castilla y León;Boadilla;37135000100;37135;40,79694023;-6,22006316;Detección automática;766;MDT
4370020;37;Salamanca;07;Castilla y León;Campillo de Salvatierra;37156000300;37156;40,57021557;-5,67700819;Detección automática;983;MDT
4370021;37;Salamanca;07;Castilla y León;Bercimuelle;37261000100;37261;40,52152034;-5,49860506;Detección automática;1006;MDT
4390001;39;Cantabria;06;Cantabria;La Abadilla;39074000100;39074;43,31493497;-3,85529168;Detección automática;89;MDT
4390002;39;Cantabria;06;Cantabria;Abanillas;39095000100;39095;43,34615391;-4,459397653;Coordinado_IGR Poblaciones;178;MDT
4390003;39;Cantabria;06;Cantabria;Abaño;39080000100;39080;43,36190664;-4,39095022;Detección automática;27;MDT
4390004;39;Cantabria;06;Cantabria;Abiada;39032000100;39032;43,01829268;-4,29051788;Detección automática;1059;MDT
4390005;39;Cantabria;06;Cantabria;Abionzo;39098000100;39098;43,24517983;-3,81366787;Detección automática;387;MDT
4390006;39;Cantabria;06;Cantabria;La Acebosa;39080000200;39080;43,36563672;-4,407137715;Coordinado_IGR Poblaciones;33;MDT
4390008;39;Cantabria;06;Cantabria;Aés;39056000100;39056;43,28338903;-3,95675644;Coordinado_IGR Poblaciones;103;MDT
4390009;39;Cantabria;06;Cantabria;Agüera;39030000200;39030;43,29536882;-3,256036472;Coordinado_IGR Poblaciones;126;MDT
4390010;39;Cantabria;06;Cantabria;Agüero;39040000100;39040;43,41146503;-3,718420422;Coordinado_IGR Poblaciones;30;MDT
4390011;39;Cantabria;06;Cantabria;La Aguilera;39065000100;39065;42,96413747;-4,0466102;Detección automática;953;MDT
4390012;39;Cantabria;06;Cantabria;Aja;39083000100;39083;43,20013849;-3,52257933;Detección automática;614;MDT
4390013;39;Cantabria;06;Cantabria;Ajo;39011000100;39011;43,47911111;-3,612027778;GPS. PNRGM;49;GPS. PNRGM
4390014;39;Cantabria;06;Cantabria;Alceda;39026000100;39026;43,19387584;-3,91784747;Detección automática;176;MDT
4390015;39;Cantabria;06;Cantabria;Aldea de Ebro-Mediadoro;39093001000,39093000100;39093;42,90666518;-4,01868847;Centroide calculado a partir de las coordenadas de las poblaciones que componen el EATIM;930;Altitud media de las poblaciones que componen el EATIM
4390016;39;Cantabria;06;Cantabria;Aldueso;39027000100;39027;43,0178274;-4,08801836;Detección automática;809;MDT
4390017;39;Cantabria;06;Cantabria;Aloños;39098000200;39098;43,22993696;-3,875586183;Coordinado_IGR Poblaciones;335;MDT
4390018;39;Cantabria;06;Cantabria;Allén del Hoyo;39094000100;39094;42,92976485;-3,8827961;Detección automática;885;MDT
4390019;39;Cantabria;06;Cantabria;Ambrosero;39009000200;39009;43,41711599;-3,54976196;Mapa;48;MDT
4390020;39;Cantabria;06;Cantabria;Anaz;39042000100;39042;43,36256204;-3,75383231;Detección automática;72;MDT
4390021;39;Cantabria;06;Cantabria;Anero;39062000100;39062;43,39085443;-3,66504622;Coordinado_IGR Poblaciones;66;MDT
4390022;39;Cantabria;06;Cantabria;Aniezo;39013000100;39013;43,1441062;-4,536742549;Coordinado_IGR Poblaciones;613;MDT
4390023;39;Cantabria;06;Cantabria;Aradillos;39027000200;39027;43,02994614;-4,13377079;Detección automática;1000;MDT
4390024;39;Cantabria;06;Cantabria;Arantiones;39094000200;39094;42,82324329;-3,97058696;Detección automática;942;MDT
4390025;39;Cantabria;06;Cantabria;Arce;39052000100;39052;43,4100425;-3,94246868;Detección automática;4;MDT
4390027;39;Cantabria;06;Cantabria;Arenal;39048000100;39048;43,33097521;-3,81666035;Detección automática;117;MDT
4390028;39;Cantabria;06;Cantabria;Arenas;39004000100;39004;43,18558333;-4,048805556;GPS. PNRGM;176;GPS. PNRGM
4390029;39;Cantabria;06;Cantabria;Arenillas de Ebro;39094000300;39094;42,81851809;-3,90983854;Detección automática;703;MDT
4390030;39;Cantabria;06;Cantabria;Argomilla;39074000200;39074;43,30778906;-3,87386008;Detección automática;90;MDT
4390031;39;Cantabria;06;Cantabria;Argüébanes;39015000200;39015;43,17546097;-4,6645278;Detección automática;512;MDT
4390032;39;Cantabria;06;Cantabria;Argüeso;39032000200;39032;43,0310735;-4,19995256;Detección automática;953;MDT
4390033;39;Cantabria;06;Cantabria;Armaño;39022000100;39022;43,17770072;-4,608512762;Coordinado_IGR Poblaciones;362;MDT
4390034;39;Cantabria;06;Cantabria;Arnuero;39006000100;39006;43,47044444;-3,561611111;GPS. PNRGM;58;GPS. PNRGM
4390035;39;Cantabria;06;Cantabria;Arroyal;39093000300;39093;42,90958333;-4,077138889;GPS. PNRGM;955;GPS. PNRGM
4390036;39;Cantabria;06;Cantabria;Arroyo;39065000200;39065;42,97244015;-4,05447654;Detección automática;857;MDT
4390037;39;Cantabria;06;Cantabria;Arroyuelos;39094000400;39094;42,838923;-3,859653;Detección automática;716;MDT
4390038;39;Cantabria;06;Cantabria;Asón;39083000200;39083;43,22848824;-3,602995922;Coordinado_IGR Poblaciones;268;MDT
4390039;39;Cantabria;06;Cantabria;Astrana;39083000300;39083;43,20211587;-3,56149397;Detección automática;631;MDT
4390040;39;Cantabria;06;Cantabria;Avellanedo;39050000100;39050;43,07241778;-4,52441304;Detección automática;637;MDT
4390041;39;Cantabria;06;Cantabria;Azoños;39073000100;39073;43,43009087;-3,90859205;Detección automática;79;MDT
4390043;39;Cantabria;06;Cantabria;Bádames;39102000100;39102;43,35505556;-3,496944444;GPS. PNRGM;30;GPS. PNRGM
4390044;39;Cantabria;06;Cantabria;Bárago;39096000100;39096;43,07061595;-4,623396392;Coordinado_IGR Poblaciones;637;MDT
4390045;39;Cantabria;06;Cantabria;Bárcena;39010000100;39010;43,1255;-4,058111111;GPS. PNRGM;294;GPS. PNRGM
4390046;39;Cantabria;06;Cantabria;Bárcena;39078000200;39078;43,18642778;-3,905821746;Coordinado_IGR Poblaciones;183;MDT
4390047;39;Cantabria;06;Cantabria;Bárcena de Carriedo;39098000300;39098;43,24552291;-3,82863874;Detección automática;167;MDT
4390048;39;Cantabria;06;Cantabria;Bárcena de Cicero;39009000500,39009000300;39009;43,42226302;-3,515907339;Centroide calculado a partir de las coordenadas de las poblaciones que componen el EATIM;10,5;Altitud media de las poblaciones que componen el EATIM
4390049;39;Cantabria;06;Cantabria;Bárcena de Cudón;39044000100;39044;43,41059536;-3,99620592;Detección automática;77;MDT
4390050;39;Cantabria;06;Cantabria;Bárcena de Ebro;39094000500;39094;42,852661;-4,036482;Detección automática;745;MDT
4390051;39;Cantabria;06;Cantabria;Barcenaciones;39060000100;39060;43,34397313;-4,14872181;Detección automática;71;MDT
4390053;39;Cantabria;06;Cantabria;Bárcena Mayor;39086000100;39086;43,14324924;-4,19371832;Detección automática;496;MDT
4390054;39;Cantabria;06;Cantabria;Barcenilla;39052000200;39052;43,38816462;-3,95509407;Detección automática;29;MDT
4390055;39;Cantabria;06;Cantabria;Bareyo;39011000200;39011;43,46800087;-3,60026816;Detección automática;86;MDT
4390056;39;Cantabria;06;Cantabria;Baró;39015000400;39015;43,15269925;-4,68162063;Detección automática;405;MDT
4390057;39;Cantabria;06;Cantabria;Barreda;39050000200;39050;43,08653093;-4,55302012;Detección automática;632;MDT
4390058;39;Cantabria;06;Cantabria;Barrio;39096000200;39096;43,07245562;-4,67365654;Coordinado_IGR Poblaciones;805;MDT
4390059;39;Cantabria;06;Cantabria;Barrio;39032000300;39032;43,00986505;-4,22984823;Detección automática;933;MDT
4390060;39;Cantabria;06;Cantabria;Barriopalacio;39003000100;39003;43,19612721;-4,01400596;Detección automática;224;MDT
4390061;39;Cantabria;06;Cantabria;Barruelo;39093000400;39093;42,90838682;-4,06710626;Detección automática;982;MDT
4390062;39;Cantabria;06;Cantabria;Bedoya;39022010000,39022010200;39022;43,18670265;-4,577824655;Centroide calculado a partir de las coordenadas de las poblaciones que componen el EATIM;496,5;Altitud media de las poblaciones que componen el EATIM
4390063;39;Cantabria;06;Cantabria;Bejes;39022000200;39022;43,24280774;-4,64640636;Detección automática;577;MDT
4390064;39;Cantabria;06;Cantabria;Belmonte;39053000100;39053;43,10776073;-4,44466678;Detección automática;1026;MDT
4390065;39;Cantabria;06;Cantabria;Beranga;39031000100;39031;43,41369444;-3,579333333;GPS. PNRGM;42;GPS. PNRGM
4390066;39;Cantabria;06;Cantabria;Bezana;39073000600;39073;43,44301771;-3,9045218;Mapa;44;MDT
4390067;39;Cantabria;06;Cantabria;Bielva;39033000100;39033;43,3150663;-4,46448885;Detección automática;179;MDT
4390068;39;Cantabria;06;Cantabria;Bimón;39065000300;39065;42,98940401;-3,96890033;Detección automática;850;MDT
4390069;39;Cantabria;06;Cantabria;Bolmir;39027000300;39027;42,98995369;-4,125094319;Coordinado_IGR Poblaciones;849;MDT
4390070;39;Cantabria;06;Cantabria;Boo;39052000300;39052;43,43101193;-3,94600623;Detección automática;24;MDT
4390071;39;Cantabria;06;Cantabria;Bores;39096000300;39096;43,09424902;-4,66687312;Detección automática;605;MDT
4390072;39;Cantabria;06;Cantabria;Borleña;39026000200;39026;43,23582928;-3,95209831;Detección automática;153;MDT
4390073;39;Cantabria;06;Cantabria;Bostronizo;39004000200;39004;43,20483973;-4,04652442;Detección automática;424;MDT
4390074;39;Cantabria;06;Cantabria;Brez;39015000800;39015;43,16254252;-4,69800504;Detección automática;717;MDT
4390075;39;Cantabria;06;Cantabria;Bueras;39102000200;39102;43,33999152;-3,47911494;Detección automática;146;MDT
4390076;39;Cantabria;06;Cantabria;La Busta;39001000100;39001;43,34944801;-4,17708106;Detección automática;116;MDT
4390077;39;Cantabria;06;Cantabria;Bustablado;39012000100;39012;43,33513238;-4,21146871;Detección automática;216;MDT
4390078;39;Cantabria;06;Cantabria;Bustamante;39017000100;39017;43,0065829;-4,00788153;Detección automática;860;MDT
4390079;39;Cantabria;06;Cantabria;Bustancilles;39083000400;39083;43,17793174;-3,55345947;Detección automática;482;MDT
4390080;39;Cantabria;06;Cantabria;Bustasur;39065000400;39065;42,93567905;-4,03194886;Detección automática;837;MDT
4390081;39;Cantabria;06;Cantabria;Bustillo del Monte;39094000600;39094;42,853923;-4,009431;Detección automática;953;MDT
4390082;39;Cantabria;06;Cantabria;Buyezo;39013000200;39013;43,1192463;-4,51057786;Detección automática;743;MDT
4390083;39;Cantabria;06;Cantabria;Cabanzón;39033000200;39033;43,3215618;-4,49831414;Detección automática;150;MDT
4390084;39;Cantabria;06;Cantabria;Cabañes;39022000300;39022;43,21238427;-4,61714902;Detección automática;545;MDT
4390085;39;Cantabria;06;Cantabria;Cabárceno;39048000200;39048;43,35821487;-3,82294857;Detección automática;142;MDT
4390086;39;Cantabria;06;Cantabria;Cabezón de Liébana;39013000300;39013;43,13355556;-4,575305556;GPS. PNRGM;366;GPS. PNRGM
4390087;39;Cantabria;06;Cantabria;Cabrojo;39063000300;39063;43,25447223;-4,399312039;Coordinado_IGR Poblaciones;204;MDT
4390088;39;Cantabria;06;Cantabria;Cacicedo;39016000100;39016;43,43469247;-3,87390241;Detección automática;46;MDT
4390089;39;Cantabria;06;Cantabria;Cadalso;39094000700;39094;42,833924;-3,886034;Detección automática;690;MDT
4390090;39;Cantabria;06;Cantabria;Cades;39033000300;39033;43,30402889;-4,46853925;Detección automática;83;MDT
4390091;39;Cantabria;06;Cantabria;Cahecho;39013000400;39013;43,16067595;-4,553220672;Coordinado_IGR Poblaciones;833;MDT
4390093;39;Cantabria;06;Cantabria;Caloca;39050000300;39050;43,04206347;-4,56172015;Detección automática;1059;MDT
4390094;39;Cantabria;06;Cantabria;Calseca;39067000100;39067;43,24031051;-3,69104953;Mapa;558;MDT
4390095;39;Cantabria;06;Cantabria;Camargo;39016000200;39016;43,40791027;-3,88475698;Detección automática;32;MDT
4390096;39;Cantabria;06;Cantabria;Cambarco;39013000500;39013;43,15050919;-4,563623705;Coordinado_IGR Poblaciones;471;MDT
4390097;39;Cantabria;06;Cantabria;Camesa;39092000300;39092;42,89536541;-4,166679303;Coordinado_IGR Poblaciones;991;MDT
4390098;39;Cantabria;06;Cantabria;Camijanes;39033000400;39033;43,32803975;-4,48490551;Detección automática;105;MDT
4390099;39;Cantabria;06;Cantabria;Camino;39032000400;39032;43,03456479;-4,17148006;Detección automática;1059;MDT
4390100;39;Cantabria;06;Cantabria;Campollo;39096000400;39096;43,12074144;-4,653268314;Coordinado_IGR Poblaciones;704;MDT
4390101;39;Cantabria;06;Cantabria;Campo de Ebro;39094000800;39094;42,79552;-3,965972;Detección automática;709;MDT
4390103;39;Cantabria;06;Cantabria;Cañeda;39027000400;39027;43,01820934;-4,11852163;Detección automática;792;MDT
4390104;39;Cantabria;06;Cantabria;Cañedo;39083000500;39083;43,18115719;-3,57508422;Detección automática;558;MDT
4390105;39;Cantabria;06;Cantabria;Caranceja;39060000200;39060;43,33611227;-4,16917508;Detección automática;83;MDT
4390106;39;Cantabria;06;Cantabria;Carandía;39052000400;39052;43,33696357;-3,97543647;Detección automática;37;MDT
4390107;39;Cantabria;06;Cantabria;Carasa;39102000300;39102;43,37140263;-3,46072339;Detección automática;24;MDT
4390108;39;Cantabria;06;Cantabria;Carmona;39014000100;39014;43,25405692;-4,35892798;Detección automática;244;MDT
4390109;39;Cantabria;06;Cantabria;Carrascal-Cocejón;39039000300;39039;43,08995995;-3,87157377;Mapa;686;MDT
4390110;39;Cantabria;06;Cantabria;Carrejo;39012000400;39012;43,29388309;-4,23752434;Detección automática;141;MDT
4390111;39;Cantabria;06;Cantabria;Carriazo;39061000100;39061;43,45130556;-3,681055556;GPS. PNRGM;56;GPS. PNRGM
4390112;39;Cantabria;06;Cantabria;Casamaría;39033000500;39033;43,31803652;-4,51302634;Detección automática;121;MDT
4390113;39;Cantabria;06;Cantabria;Casar de Periedo;39012000500;39012;43,33729052;-4,17721636;Detección automática;86;MDT
4390114;39;Cantabria;06;Cantabria;Castanedo;39061000200;39061;43,45131503;-3,697403049;Coordinado_IGR Poblaciones;20;MDT
4390115;39;Cantabria;06;Cantabria;Castillo;39006000200;39006;43,45694463;-3,55321265;Detección automática;51;MDT
4390116;39;Cantabria;06;Cantabria;Castillo Pedroso;39026000300;39026;43,2167427;-3,9699128;Detección automática;457;MDT
4390117;39;Cantabria;06;Cantabria;Castrillo del Haya;39092000400;39092;42,9118467;-4,178272758;Coordinado_IGR Poblaciones;986;MDT
4390118;39;Cantabria;06;Cantabria;Castrillo de Valdelomar;39094000900;39094;42,796831;-4,123086;Detección automática;829;MDT
4390119;39;Cantabria;06;Cantabria;Castro-Cillorigo;39022000400;39022;43,19723441;-4,60271771;Detección automática;269;MDT
4390120;39;Cantabria;06;Cantabria;Caviedes;39091000100;39091;43,33952991;-4,32653526;Detección automática;92;MDT
4390121;39;Cantabria;06;Cantabria;Ceceñas;39042000200;39042;43,37804556;-3,722482369;Coordinado_IGR Poblaciones;36;MDT
4390122;39;Cantabria;06;Cantabria;Cejancas;39094001000;39094;42,879082;-3,907788;Detección automática;721;MDT
4390123;39;Cantabria;06;Cantabria;Celada de los Calderones;39032000500;39032;43,01627736;-4,25304695;Detección automática;963;MDT
4390124;39;Cantabria;06;Cantabria;Celada-Marlantes;39027000500;39027;42,94675468;-4,10454183;Detección automática;1016;MDT
4390125;39;Cantabria;06;Cantabria;Celis;39063000400;39063;43,28266872;-4,43431327;Coordinado_IGR Poblaciones;167;MDT
4390126;39;Cantabria;06;Cantabria;Cérdigo;39020000400;39020;43,39975121;-3,26582173;Detección automática;52;MDT
4390127;39;Cantabria;06;Cantabria;Cerrazo;39060000300;39060;43,36485881;-4,12196336;Detección automática;106;MDT
4390128;39;Cantabria;06;Cantabria;Cervatos;39027000600;39027;42,95624337;-4,14700794;Mapa;877;MDT
4390129;39;Cantabria;06;Cantabria;Cigüenza;39001000200;39001;43,3878666;-4,18004642;Detección automática;36;MDT
4390130;39;Cantabria;06;Cantabria;Cobejo;39046000100;39046;43,12745235;-4,06217189;Detección automática;299;MDT
4390131;39;Cantabria;06;Cantabria;Cóbreces;39001000300;39001;43,38687759;-4,21435032;Detección automática;59;MDT
4390132;39;Cantabria;06;Cantabria;Colio;39022000500;39022;43,19392074;-4,63327636;Detección automática;570;MDT
4390133;39;Cantabria;06;Cantabria;La Concha;39099000100;39099;43,37033333;-3,856638889;GPS. PNRGM;35;GPS. PNRGM
4390135;39;Cantabria;06;Cantabria;Correpoco;39086000300;39086;43,16669444;-4,272638889;GPS. PNRGM;434;GPS. PNRGM
4390136;39;Cantabria;06;Cantabria;Cortiguera;39085000100;39085;43,40931588;-4,03879636;Detección automática;77;MDT
4390137;39;Cantabria;06;Cantabria;Corvera;39026000400;39026;43,26603751;-3,9470234;Detección automática;93;MDT
4390138;39;Cantabria;06;Cantabria;Cos;39041000100;39041;43,28979534;-4,22492977;Detección automática;140;MDT
4390139;39;Cantabria;06;Cantabria;Cosgaya;39015001100;39015;43,1091137;-4,72713049;Detección automática;727;MDT
4390140;39;Cantabria;06;Cantabria;Cosío;39063000600;39063;43,2334804;-4,40009599;Detección automática;205;MDT
4390141;39;Cantabria;06;Cantabria;La Costana;39017000300;39017;43,01644444;-4,002555556;GPS. PNRGM;855;GPS. PNRGM
4390143;39;Cantabria;06;Cantabria;Cotillos;39053000200;39053;43,09022151;-4,45727842;Detección automática;1150;MDT
4390144;39;Cantabria;06;Cantabria;Cubas;39062000200;39062;43,42444246;-3,70857925;Detección automática;32;MDT
4390145;39;Cantabria;06;Cantabria;Cubillo de Ebro;39094001200;39094;42,808666;-4,031941;Detección automática;773;MDT
4390146;39;Cantabria;06;Cantabria;Cuchía;39044000200;39044;43,43859583;-4,01705425;Detección automática;21;MDT
4390147;39;Cantabria;06;Cantabria;Cudón;39044000300;39044;43,41739225;-4,01175829;Detección automática;40;MDT
4390148;39;Cantabria;06;Cantabria;Cuena;39092000500;39092;42,8565311;-4,21064752;Detección automática;928;MDT
4390149;39;Cantabria;06;Cantabria;Cueva;39050000400;39050;43,0660004;-4,49551498;Detección automática;817;MDT
4390150;39;Cantabria;06;Cantabria;Dobarganes;39096000500;39096;43,10284011;-4,69199154;Detección automática;943;MDT
4390151;39;Cantabria;06;Cantabria;Dobres;39096000600;39096;43,06232896;-4,64181483;Detección automática;939;MDT
4390152;39;Cantabria;06;Cantabria;Elechas;39040000200;39040;43,42582493;-3,77345628;Detección automática;32;MDT
4390153;39;Cantabria;06;Cantabria;La Encina;39074000300;39074;43,31953824;-3,86583912;Detección automática;82;MDT
4390154;39;Cantabria;06;Cantabria;Enterrías;39096000700;39096;43,09757448;-4,67961996;Detección automática;717;MDT
4390155;39;Cantabria;06;Cantabria;Entrambasaguas-La Lomba;39032000600,39032001100;39032;43,0101339;-4,283133175;Centroide calculado a partir de las coordenadas de las poblaciones que componen el EATIM;1040;Altitud media de las poblaciones que componen el EATIM
4390156;39;Cantabria;06;Cantabria;Entrambasmestas;39039000700;39039;43,16947889;-3,897143531;Coordinado_IGR Poblaciones;207;MDT
4390157;39;Cantabria;06;Cantabria;Escobedo;39100000100;39100;43,26744391;-3,90675116;Detección automática;175;MDT
4390158;39;Cantabria;06;Cantabria;Escobedo;39016000300;39016;43,40477979;-3,900544614;Coordinado_IGR Poblaciones;53;MDT
4390159;39;Cantabria;06;Cantabria;Esles;39074000400;39074;43,28181023;-3,80367836;Detección automática;233;MDT
4390160;39;Cantabria;06;Cantabria;Espinama;39015001300;39015;43,1284187;-4,78644013;Detección automática;873;MDT
4390161;39;Cantabria;06;Cantabria;Espinilla;39032000700;39032;43,022;-4,225833333;GPS. PNRGM;946;GPS. PNRGM
4390163;39;Cantabria;06;Cantabria;Espinosa de Bricia;39094001300;39094;42,872382;-3,862236;Detección automática;983;MDT
4390164;39;Cantabria;06;Cantabria;Esponzués;39026000500;39026;43,20564133;-3,95470687;Detección automática;272;MDT
4390166;39;Cantabria;06;Cantabria;Fombellida;39027000700;39027;42,93444531;-4,12025444;Detección automática;927;MDT
4390167;39;Cantabria;06;Cantabria;Fontecha;39027000800;39027;43,03078501;-4,14900688;Detección automática;1034;MDT
4390168;39;Cantabria;06;Cantabria;Fontibre;39032000800;39032;43,01768513;-4,18852454;Detección automática;891;MDT
4390169;39;Cantabria;06;Cantabria;Las Fraguas;39004000400;39004;43,19381089;-4,056889297;Coordinado_IGR Poblaciones;164;MDT
4390170;39;Cantabria;06;Cantabria;Frama;39013000600;39013;43,14715405;-4,592751318;Coordinado_IGR Poblaciones;328;MDT
4390171;39;Cantabria;06;Cantabria;Fresneda;39014000200;39014;43,18083839;-4,29774862;Detección automática;314;MDT
4390172;39;Cantabria;06;Cantabria;Fresnedo;39083000600;39083;43,18843661;-3,474395147;Coordinado_IGR Poblaciones;523;MDT
4390173;39;Cantabria;06;Cantabria;Fresno del Río;39027000900;39027;43,01706088;-4,14365842;Detección automática;903;MDT
4390174;39;Cantabria;06;Cantabria;Gajano;39040000300;39040;43,41182683;-3,76611441;Detección automática;23;MDT
4390175;39;Cantabria;06;Cantabria;Galizano;39061000300;39061;43,46851853;-3,67126228;Detección automática;18;MDT
4390176;39;Cantabria;06;Cantabria;Gandarilla;39080000400;39080;43,34078806;-4,42414814;Detección automática;108;MDT
4390177;39;Cantabria;06;Cantabria;Gibaja;39057000400,39057000405;39057;43,27798561;-3,43604708;Centroide calculado a partir de las coordenadas de las poblaciones que componen el EATIM;74,5;Altitud media de las poblaciones que componen el EATIM
4390178;39;Cantabria;06;Cantabria;Golbardo;39060000400;39060;43,34290833;-4,15610427;Detección automática;88;MDT
4390179;39;Cantabria;06;Cantabria;Gornazo;39044000400;39044;43,41232503;-3,98363546;Detección automática;33;MDT
4390180;39;Cantabria;06;Cantabria;Guarnizo;39008000300;39008;43,39798346;-3,827055491;Coordinado_IGR Poblaciones;26;MDT
4390181;39;Cantabria;06;Cantabria;Güemes;39011000300;39011;43,45579299;-3,636772947;Coordinado_IGR Poblaciones;66;MDT
4390182;39;Cantabria;06;Cantabria;Hazas;39083000700;39083;43,19260879;-3,55365329;Detección automática;518;MDT
4390183;39;Cantabria;06;Cantabria;Hazas de Cesto;39031000200;39031;43,39609825;-3,59001315;Detección automática;64;MDT
4390184;39;Cantabria;06;Cantabria;Helguera;39046000200;39046;43,15720643;-4,03636422;Detección automática;221;MDT
4390185;39;Cantabria;06;Cantabria;Helguera;39060000500;39060;43,34724255;-4,10004667;Detección automática;78;MDT
4390187;39;Cantabria;06;Cantabria;Las Henestrosas;39092000700;39092;42,87514074;-4,203525454;Coordinado_IGR Poblaciones;946;MDT
4390188;39;Cantabria;06;Cantabria;Herada;39083000800;39083;43,19251744;-3,45113099;Detección automática;610;MDT
4390189;39;Cantabria;06;Cantabria;Heras;39042000300;39042;43,39634576;-3,76505522;Detección automática;42;MDT
4390190;39;Cantabria;06;Cantabria;Hermosa;39042000400;39042;43,36333405;-3,73193516;Detección automática;61;MDT
4390191;39;Cantabria;06;Cantabria;Herrera;39016000400;39016;43,42428017;-3,8636223;Detección automática;28;MDT
4390192;39;Cantabria;06;Cantabria;Hijas;39056000200;39056;43,28450259;-3,985701534;Detección automática;169;MDT
4390193;39;Cantabria;06;Cantabria;Hinojedo;39085000200;39085;43,39661349;-4,0493226;Detección automática;33;MDT
4390194;39;Cantabria;06;Cantabria;Hormiguera;39093000700;39093;42,87445695;-4,13080193;Detección automática;989;MDT
4390195;39;Cantabria;06;Cantabria;Horna de Ebro;39027001000;39027;42,9795264;-4,094282023;Coordinado_IGR Poblaciones;842;MDT
4390196;39;Cantabria;06;Cantabria;Hortigal;39080000500;39080;43,35852856;-4,42400753;Detección automática;82;MDT
4390197;39;Cantabria;06;Cantabria;Hoyos;39092000800;39092;42,94000894;-4,149526;Detección automática;1018;MDT
4390198;39;Cantabria;06;Cantabria;La Hoz de Abiada;39032000900;39032;43,01874923;-4,28193689;Detección automática;1062;MDT
4390199;39;Cantabria;06;Cantabria;Hoz de Anero;39062000300;39062;43,40688889;-3,663305556;GPS. PNRGM;49;GPS. PNRGM
4390200;39;Cantabria;06;Cantabria;Ibio;39041000300;39041;43,31253039;-4,17698516;Detección automática;112;MDT
4390201;39;Cantabria;06;Cantabria;Igollo;39016000500;39016;43,43061182;-3,88114587;Detección automática;16;MDT
4390202;39;Cantabria;06;Cantabria;Incedo;39083000900;39083;43,21446628;-3,47899413;Detección automática;318;MDT
4390203;39;Cantabria;06;Cantabria;Iruz;39078000300;39078;43,2729185;-3,938175724;Coordinado_IGR Poblaciones;88;MDT
4390204;39;Cantabria;06;Cantabria;Isla;39006000300;39006;43,49365287;-3,56863677;Detección automática;72;MDT
4390205;39;Cantabria;06;Cantabria;Islares;39020000500;39020;43,40416927;-3,30005061;Detección automática;30;MDT
4390206;39;Cantabria;06;Cantabria;Izara;39032001000;39032;42,9772492;-4,18885021;Detección automática;897;MDT
4390207;39;Cantabria;06;Cantabria;Labarces;39091000200;39091;43,32583098;-4,39422205;Detección automática;214;MDT
4390208;39;Cantabria;06;Cantabria;Lamadrid;39091000300;39091;43,35457721;-4,36400556;Mapa;100;MDT
4390209;39;Cantabria;06;Cantabria;Lamedo;39013000700;39013;43,1088145;-4,4958189;Detección automática;838;MDT
4390210;39;Cantabria;06;Cantabria;Lanchares;39017000400;39017;43,04008999;-3,972964416;Coordinado_IGR Poblaciones;856;MDT
4390211;39;Cantabria;06;Cantabria;Langre;39061000400;39061;43,47283312;-3,70270219;Detección automática;40;MDT
4390212;39;Cantabria;06;Cantabria;Lantueno;39077000100;39077;43,04985006;-4,08219853;Detección automática;663;MDT
4390213;39;Cantabria;06;Cantabria;La Lastra;39089000100;39089;43,15030049;-4,381477947;Coordinado_IGR Poblaciones;499;MDT
4390214;39;Cantabria;06;Cantabria;Lavín;39083001000;39083;43,18542396;-3,55900319;Detección automática;406;MDT
4390215;39;Cantabria;06;Cantabria;Lebeña;39022000600;39022;43,21484887;-4,58581959;Detección automática;241;MDT
4390216;39;Cantabria;06;Cantabria;Ledantes;39096000800;39096;43,07015593;-4,691768;Detección automática;808;MDT
4390217;39;Cantabria;06;Cantabria;Lerones;39050000500;39050;43,09678602;-4,56040609;Detección automática;624;MDT
4390218;39;Cantabria;06;Cantabria;Liaño;39099000200;39099;43,37986935;-3,84182042;Detección automática;50;MDT
4390219;39;Cantabria;06;Cantabria;Liencres;39052000500;39052;43,46070097;-3,92718455;Detección automática;69;MDT
4390220;39;Cantabria;06;Cantabria;Liermo;39062000400;39062;43,43327769;-3,64554325;Mapa;187;MDT
4390221;39;Cantabria;06;Cantabria;La Loma;39092000900;39092;42,93851658;-4,204628462;Coordinado_IGR Poblaciones;1031;MDT
4390222;39;Cantabria;06;Cantabria;Loma Somera;39094001400;39094;42,873032;-4,02364568;Detección automática;946;MDT
4390223;39;Cantabria;06;Cantabria;Puente Pumar y Lombraña;39053000400,39053000300;39053;43,10495468;-4,409553246;Centroide calculado a partir de las coordenadas de las poblaciones que componen el EATIM;851;Altitud media de las poblaciones que componen el EATIM
4390224;39;Cantabria;06;Cantabria;Lomeña;39050000600;39050;43,08750355;-4,56754215;Detección automática;647;MDT
4390225;39;Cantabria;06;Cantabria;Lon;39015001600;39015;43,16718194;-4,68263296;Detección automática;518;MDT
4390226;39;Cantabria;06;Cantabria;Loredo;39061000500;39061;43,46175135;-3,71828569;Detección automática;22;MDT
4390227;39;Cantabria;06;Cantabria;Luey;39095000400;39095;43,35108303;-4,4855288;Detección automática;122;MDT
4390228;39;Cantabria;06;Cantabria;Luriezo;39013000800;39013;43,15425975;-4,53874435;Detección automática;777;MDT
4390229;39;Cantabria;06;Cantabria;Lusa;39020000600;39020;43,35260113;-3,20552224;Mapa;37;MDT
4390230;39;Cantabria;06;Cantabria;Luzmela;39041000400;39041;43,2985805;-4,209254302;Coordinado_IGR Poblaciones;140;En estudio
4390231;39;Cantabria;06;Cantabria;Llánez;39102000400;39102;43,36708515;-3,51289974;Mapa;152;MDT
4390232;39;Cantabria;06;Cantabria;Llano;39065000500;39065;42,98834993;-3,98691531;Detección automática;850;MDT
4390233;39;Cantabria;06;Cantabria;Los Llaos;39080000600;39080;43,38505391;-4,337645154;Coordinado_IGR Poblaciones;21;MDT
4390234;39;Cantabria;06;Cantabria;Llerana;39081000100;39081;43,26142637;-3,80833921;Detección automática;197;MDT
4390235;39;Cantabria;06;Cantabria;Lloreda;39074000500;39074;43,29450702;-3,821199633;Coordinado_IGR Poblaciones;152;MDT
4390236;39;Cantabria;06;Cantabria;Maliaño;39016000600;39016;43,41815227;-3,84006465;Detección automática;12;MDT
4390237;39;Cantabria;06;Cantabria;Maoño;39073000200;39073;43,41784718;-3,91504263;Detección automática;87;MDT
4390238;39;Cantabria;06;Cantabria;Hoz y Marrón;39002001300;39002;43,3411328;-3,44137175;Mapa;160;MDT
4390239;39;Cantabria;06;Cantabria;Mata de Hoz;39092001000;39092;42,93355637;-4,219064549;Coordinado_IGR Poblaciones;989;MDT
4390240;39;Cantabria;06;Cantabria;Matamorosa;39027001100;39027;42,98633333;-4,147305556;GPS. PNRGM;855;GPS. PNRGM
4390241;39;Cantabria;06;Cantabria;Mataporquera;39092001100;39092;42,87483333;-4,162138889;GPS. PNRGM;924;GPS. PNRGM
4390242;39;Cantabria;06;Cantabria;Matarrepudio;39092001200;39092;42,89595431;-4,146734001;Coordinado_IGR Poblaciones;982;MDT
4390243;39;Cantabria;06;Cantabria;Matienzo;39067000200;39067;43,31465114;-3,58460119;Mapa;157;MDT
4390244;39;Cantabria;06;Cantabria;Mazandrero;39032001200;39032;43,00355642;-4,27156051;Detección automática;1093;MDT
4390245;39;Cantabria;06;Cantabria;Mentera-Barruelo;39067000300;39067;43,28051532;-3,5105705;Detección automática;281;MDT
4390246;39;Cantabria;06;Cantabria;Miengo;39044000500;39044;43,42727515;-3,992972388;Coordinado_IGR Poblaciones;10;En estudio
4390247;39;Cantabria;06;Cantabria;Mijares;39076000400;39076;43,36843562;-4,07770658;Detección automática;50;MDT
4390248;39;Cantabria;06;Cantabria;La Miña;39032001300;39032;43,02122516;-4,161590436;Coordinado_IGR Poblaciones;917;MDT
4390249;39;Cantabria;06;Cantabria;Mioño;39020000700;39020;43,35981017;-3,20246132;Detección automática;13;MDT
4390250;39;Cantabria;06;Cantabria;Mogro;39044000600;39044;43,42742621;-3,97191178;Coordinado_IGR Poblaciones;28;MDT
4390251;39;Cantabria;06;Cantabria;Mogrovejo;39015002000;39015;43,146424;-4,71010267;Detección automática;639;MDT
4390253;39;Cantabria;06;Cantabria;Molledo;39046000300;39046;43,1495;-4,041972222;GPS. PNRGM;266;GPS. PNRGM
4390254;39;Cantabria;06;Cantabria;Mompía;39073000300;39073;43,44041324;-3,91946035;Detección automática;81;MDT
4390255;39;Cantabria;06;Cantabria;Moncalián;39009000600;39009;43,40090545;-3,55023294;Detección automática;187;MDT
4390256;39;Cantabria;06;Cantabria;Monegro;39017000500;39017;43,01325988;-4,036242789;Coordinado_IGR Poblaciones;864;MDT
4390257;39;Cantabria;06;Cantabria;Montecillo;39094001500;39094;42,77488658;-3,97557737;Detección automática;829;MDT
4390258;39;Cantabria;06;Cantabria;Mortera;39052000600;39052;43,44425083;-3,92372025;Detección automática;55;MDT
4390259;39;Cantabria;06;Cantabria;Muñorrodero;39095000600;39095;43,3640637;-4,48442617;Detección automática;5;MDT
4390260;39;Cantabria;06;Cantabria;Muriedas;39016000700;39016;43,42352778;-3,855083333;GPS. PNRGM;46;GPS. PNRGM
4390261;39;Cantabria;06;Cantabria;Nates;39102000500;39102;43,37740809;-3,48928496;Detección automática;139;MDT
4390262;39;Cantabria;06;Cantabria;Navamuel;39094001600;39094;42,84161391;-4,08137703;Detección automática;1004;MDT
4390263;39;Cantabria;06;Cantabria;Naveda;39032001400;39032;43,01555405;-4,24505572;Detección automática;950;MDT
4390264;39;Cantabria;06;Cantabria;Nestares;39027001300;39027;43,00016389;-4,152021394;Coordinado_IGR Poblaciones;858;MDT
4390265;39;Cantabria;06;Cantabria;Novales;39001000400;39001;43,37869444;-4,181694444;GPS. PNRGM;45;GPS. PNRGM
4390266;39;Cantabria;06;Cantabria;Obargo;39050000700;39050;43,08531058;-4,538412763;Coordinado_IGR Poblaciones;776;MDT
4390267;39;Cantabria;06;Cantabria;Obeso;39063000900;39063;43,254395;-4,423163579;Coordinado_IGR Poblaciones;293;MDT
4390268;39;Cantabria;06;Cantabria;Obregón;39099000300;39099;43,34474434;-3,86681365;Detección automática;87;MDT
4390269;39;Cantabria;06;Cantabria;Ogarrio;39067000400;39067;43,28735975;-3,53996477;Detección automática;140;MDT
4390270;39;Cantabria;06;Cantabria;Olea;39092001300;39092;42,93954982;-4,188021312;Coordinado_IGR Poblaciones;1007;MDT
4390271;39;Cantabria;06;Cantabria;Omoño;39062000500;39062;43,42744445;-3,65795965;Detección automática;47;MDT
4390272;39;Cantabria;06;Cantabria;Ongayo;39085000300;39085;43,41269005;-4,06355761;Detección automática;91;MDT
4390273;39;Cantabria;06;Cantabria;Ontaneda;39026000600;39026;43,19963075;-3,92558954;Detección automática;163;MDT
4390274;39;Cantabria;06;Cantabria;Ontón;39020000800;39020;43,3510563;-3,172881072;Coordinado_IGR Poblaciones;12;MDT
4390275;39;Cantabria;06;Cantabria;Ontoria;39012000700;39012;43,30989886;-4,21343386;Detección automática;119;MDT
4390276;39;Cantabria;06;Cantabria;Orejo;39040000500;39040;43,40159612;-3,73603799;Detección automática;30;MDT
4390277;39;Cantabria;06;Cantabria;Oreña;39001000500;39001;43,39493318;-4,13390291;Mapa;58;MDT
4390278;39;Cantabria;06;Cantabria;Oriñón;39020000900;39020;43,39735034;-3,3242203;Detección automática;5;MDT
4390279;39;Cantabria;06;Cantabria;Ormas;39032001500;39032;43,02975663;-4,23490918;Detección automática;972;MDT
4390280;39;Cantabria;06;Cantabria;Oruña;39052000700;39052;43,40154936;-3,95030259;Detección automática;7;MDT
4390281;39;Cantabria;06;Cantabria;Orzales;39017000600;39017;43,00741743;-4,06404316;Detección automática;851;MDT
4390282;39;Cantabria;06;Cantabria;Otañes;39020001000;39020;43,32921187;-3,19249185;Detección automática;92;MDT
4390283;39;Cantabria;06;Cantabria;Otero;39094001700;39094;42,828062;-4,030412;Detección automática;937;MDT
4390284;39;Cantabria;06;Cantabria;Padiérniga;39102000600;39102;43,3522881;-3,46687202;Mapa;160;MDT
4390285;39;Cantabria;06;Cantabria;Pámanes;39037000200;39037;43,35659561;-3,78417774;Mapa;84;MDT
4390286;39;Cantabria;06;Cantabria;Pando-Penilla;39078000400,39078000500;39078;43,28285407;-3,938779675;Centroide calculado a partir de las coordenadas de las poblaciones que componen el EATIM;137;Altitud media de las poblaciones que componen el EATIM
4390287;39;Cantabria;06;Cantabria;Paracuelles;39032001600;39032;43,01858153;-4,2146817;Detección automática;915;MDT
4390288;39;Cantabria;06;Cantabria;Parbayón;39052000800;39052;43,37455169;-3,8900741;Detección automática;20;MDT
4390289;39;Cantabria;06;Cantabria;Parroquia de Malataja;39093000900;39093;42,92700374;-3,99978418;Mapa;994;MDT
4390290;39;Cantabria;06;Cantabria;Pechón;39095000700;39095;43,39038685;-4,48901942;Detección automática;54;MDT
4390291;39;Cantabria;06;Cantabria;Pedreña;39040000600;39040;43,44297383;-3,76749545;Detección automática;26;MDT
4390292;39;Cantabria;06;Cantabria;Pedroso;39098000400;39098;43,22777227;-3,84249869;Detección automática;261;MDT
4390293;39;Cantabria;06;Cantabria;Pembes;39015002100;39015;43,12948536;-4,74651413;Detección automática;838;MDT
4390294;39;Cantabria;06;Cantabria;Pendes;39022000700;39022;43,20207976;-4,61035304;Detección automática;477;MDT
4390295;39;Cantabria;06;Cantabria;Penagos;39048000400;39048;43,34012611;-3,818859128;Coordinado_IGR Poblaciones;112;En estudio
4390296;39;Cantabria;06;Cantabria;Penilla;39100000200;39100;43,25893651;-3,863575095;Coordinado_IGR Poblaciones;172;MDT
4390297;39;Cantabria;06;Cantabria;La Penilla;39074000600;39074;43,31941118;-3,88248672;Detección automática;81;MDT
4390299;39;Cantabria;06;Cantabria;Pesaguero;39050000800;39050;43,07630556;-4,544083333;GPS. PNRGM;559;GPS. PNRGM
4390300;39;Cantabria;06;Cantabria;Pesués;39095000800;39095;43,37469444;-4,487722222;GPS. PNRGM;50;GPS. PNRGM
4390301;39;Cantabria;06;Cantabria;Piasca;39013001000;39013;43,11946703;-4,58089582;Detección automática;565;MDT
4390302;39;Cantabria;06;Cantabria;Pie de Concha;39010000300;39010;43,1231788;-4,06467964;Detección automática;301;MDT
4390303;39;Cantabria;06;Cantabria;Pilas;39083001100;39083;43,18475908;-3,488660093;Coordinado_IGR Poblaciones;341;MDT
4390304;39;Cantabria;06;Cantabria;Las Pilas;39062000600;39062;43,42369235;-3,6398822;Detección automática;101;MDT
4390305;39;Cantabria;06;Cantabria;La Población;39032001700;39032;42,98672474;-4,237999705;Coordinado_IGR Poblaciones;1038;MDT
4390306;39;Cantabria;06;Cantabria;Población de Abajo;39094001800;39094;42,84206433;-3,9270713;Detección automática;894;MDT
4390307;39;Cantabria;06;Cantabria;Población de Arriba;39094001900;39094;42,873275;-3,945688;Detección automática;1010;MDT
4390308;39;Cantabria;06;Cantabria;La Población;39017000700;39017;43,03058938;-3,94340158;Detección automática;856;MDT
4390309;39;Cantabria;06;Cantabria;Polientes;39094002000;39094;42,80563889;-3,940694444;GPS. PNRGM;715;GPS. PNRGM
4390310;39;Cantabria;06;Cantabria;Pollayo;39096000900;39096;43,08812158;-4,6628461;Coordinado_IGR Poblaciones;659;MDT
4390311;39;Cantabria;06;Cantabria;Pontejos;39040000700;39040;43,40763332;-3,80002628;Detección automática;21;MDT
4390312;39;Cantabria;06;Cantabria;Pontones;39062000700;39062;43,42099041;-3,6838321;Detección automática;23;MDT
4390314;39;Cantabria;06;Cantabria;El Prado;39083001200;39083;43,15747853;-3,43033201;Detección automática;537;MDT
4390315;39;Cantabria;06;Cantabria;Prases;39026000700;39026;43,24623299;-3,94628586;Detección automática;132;MDT
4390316;39;Cantabria;06;Cantabria;Praves;39031000300;39031;43,41244962;-3,6006707;Detección automática;77;MDT
4390317;39;Cantabria;06;Cantabria;Prellezo;39095001000;39095;43,38621953;-4,44891568;Detección automática;79;MDT
4390318;39;Cantabria;06;Cantabria;Las Presillas;39056000300;39056;43,32563786;-3,98044805;Detección automática;50;MDT
4390319;39;Cantabria;06;Cantabria;Prezanes;39073000400;39073;43,45336726;-3,90976833;Detección automática;27;MDT
4390320;39;Cantabria;06;Cantabria;Prío;39095001100;39095;43,36524833;-4,49716726;Detección automática;103;MDT
4390321;39;Cantabria;06;Cantabria;Proaño;39032001800;39032;43,02988794;-4,25185058;Detección automática;1036;MDT
4390322;39;Cantabria;06;Cantabria;Puente-Avíos;39085000400;39085;43,40672262;-4,07580377;Detección automática;88;MDT
4390323;39;Cantabria;06;Cantabria;Puente San Miguel;39060000600;39060;43,35969444;-4,08725;GPS. PNRGM;31;GPS. PNRGM
4390324;39;Cantabria;06;Cantabria;La Puente del Valle;39094002100;39094;42,79537894;-3,98449541;Detección automática;709;MDT
4390325;39;Cantabria;06;Cantabria;Puente Viesgo;39056000400;39056;43,29894444;-3,964222222;GPS. PNRGM;73;GPS. PNRGM
4390326;39;Cantabria;06;Cantabria;Pujayo;39010000400;39010;43,12523025;-4,08598318;Detección automática;412;MDT
4390327;39;Cantabria;06;Cantabria;Queveda;39076000500;39076;43,37949044;-4,0703225;Detección automática;37;MDT
4390328;39;Cantabria;06;Cantabria;Quijano;39052000900;39052;43,36969205;-3,95665586;Detección automática;29;MDT
4390329;39;Cantabria;06;Cantabria;Quijas;39060000700;39060;43,34989471;-4,13279279;Detección automática;146;MDT
4390330;39;Cantabria;06;Cantabria;Quintana;39083001300;39083;43,18253854;-3,5689444;Detección automática;495;MDT
4390331;39;Cantabria;06;Cantabria;Quintana de Toranzo;39026000800;39026;43,23422092;-3,98261598;Detección automática;501;MDT
4390333;39;Cantabria;06;Cantabria;Quintanamanil;39017000900;39017;43,015035;-3,99384577;Detección automática;845;MDT
4390334;39;Cantabria;06;Cantabria;Quintanilla de An;39094002200;39094;42,79754745;-3,97415987;Detección automática;715;MDT
4390335;39;Cantabria;06;Cantabria;Quintanilla de Rucandio;39094002300;39094;42,921598;-3,861016;Detección automática;894;MDT
4390336;39;Cantabria;06;Cantabria;Las Quintanillas;39092001500;39092;42,8915193;-4,205563228;Coordinado_IGR Poblaciones;988;MDT
4390339;39;Cantabria;06;Cantabria;Rasillo;39100000300;39100;43,25235111;-3,89075888;Detección automática;268;MDT
4390340;39;Cantabria;06;Cantabria;Rebollar de Ebro;39094002500;39094;42,79365541;-3,95508452;Detección automática;716;MDT
4390341;39;Cantabria;06;Cantabria;Regules;39083001400;39083;43,20265501;-3,50352099;Detección automática;183;MDT
4390342;39;Cantabria;06;Cantabria;Rehoyos;39083001500;39083;43,17792205;-3,49655067;Detección automática;457;MDT
4390343;39;Cantabria;06;Cantabria;Reinosilla;39092001700;39092;42,91728948;-4,202509578;Coordinado_IGR Poblaciones;969;MDT
4390344;39;Cantabria;06;Cantabria;Renedo;39065000700;39065;42,97508923;-4,003804023;Coordinado_IGR Poblaciones;849;MDT
4390345;39;Cantabria;06;Cantabria;Renedo;39052001000;39052;43,35605556;-3,956583333;GPS. PNRGM;37;GPS. PNRGM
4390346;39;Cantabria;06;Cantabria;Renedo;39014000300;39014;43,20338586;-4,30253461;Detección automática;275;MDT
4390347;39;Cantabria;06;Cantabria;Renedo de Bricia;39094002600;39094;42,922916;-3,840358;Detección automática;1003;MDT
4390348;39;Cantabria;06;Cantabria;Reocín;39060000800;39060;43,34398748;-4,09393007;Detección automática;106;MDT
4390349;39;Cantabria;06;Cantabria;Reocín de los Molinos;39093001200;39093;42,86168111;-4,05393909;Detección automática;798;MDT
4390350;39;Cantabria;06;Cantabria;Repudio;39094002700;39094;42,84532;-3,893495;Detección automática;729;MDT
4390351;39;Cantabria;06;Cantabria;Requejo;39027001400;39027;43,00335791;-4,11782312;Detección automática;846;MDT
4390352;39;Cantabria;06;Cantabria;Resconorio;39039001600;39039;43,07067841;-3,86110634;Mapa;698;MDT
4390353;39;Cantabria;06;Cantabria;Retortillo;39027001500;39027;42,98402437;-4,11502019;Detección automática;921;MDT
4390354;39;Cantabria;06;Cantabria;Revelillas;39094002800;39094;42,777621;-4,076867;Detección automática;873;MDT
4390355;39;Cantabria;06;Cantabria;Revilla;39016000800;39016;43,40625411;-3,86583655;Detección automática;9;MDT
4390356;39;Cantabria;06;Cantabria;La Revilla;39080000700;39080;43,37911404;-4,364403186;Coordinado_IGR Poblaciones;78;MDT
4390357;39;Cantabria;06;Cantabria;La Revilla;39083001600;39083;43,19795918;-3,48501955;Coordinado_IGR Poblaciones;261;MDT
4390358;39;Cantabria;06;Cantabria;Riaño;39084000600;39084;43,35691015;-3,607963646;Coordinado_IGR Poblaciones;126;MDT
4390359;39;Cantabria;06;Cantabria;Riopanero;39094002900;39094;42,87005727;-3,91757286;Detección automática;831;MDT
4390360;39;Cantabria;06;Cantabria;Rioseco;39077000200;39077;43,07900396;-4,09401237;Detección automática;695;MDT
4390361;39;Cantabria;06;Cantabria;Riovaldeiguña;39004000800;39004;43,19221897;-4,07719986;Detección automática;200;MDT
4390362;39;Cantabria;06;Cantabria;Riba;39067000500;39067;43,28144444;-3,563666667;GPS. PNRGM;146;GPS. PNRGM
4390363;39;Cantabria;06;Cantabria;La Riva;39017001000;39017;43,01583264;-3,96582983;Detección automática;898;MDT
4390364;39;Cantabria;06;Cantabria;Rocamundo;39094003000;39094;42,79385047;-3,93136536;Detección automática;731;MDT
4390365;39;Cantabria;06;Cantabria;Roiz;39091000400;39091;43,32922222;-4,350222222;GPS. PNRGM;44;GPS. PNRGM
4390366;39;Cantabria;06;Cantabria;Rozas;39083001700;39083;43,2162204;-3,49008886;Detección automática;404;MDT
4390367;39;Cantabria;06;Cantabria;Las Rozas de Valdearroyo;39065000800;39065;42,97322222;-4,029277778;GPS. PNRGM;851;GPS. PNRGM
4390368;39;Cantabria;06;Cantabria;Ruanales;39094003100;39094;42,89710805;-3,9131965;Detección automática;901;MDT
4390369;39;Cantabria;06;Cantabria;Rubayo;39040000800;39040;43,41869444;-3,757111111;GPS. PNRGM;35;GPS. PNRGM
4390370;39;Cantabria;06;Cantabria;Rucandio de Bricia;39094003200;39094;42,90754471;-3,86802399;Investigación;842;Investigación
4390372;39;Cantabria;06;Cantabria;Rudagüera;39001000600;39001;43,36079352;-4,15051998;Mapa;61;MDT
4390373;39;Cantabria;06;Cantabria;Ruerrero;39094003300;39094;42,832084;-3,904474;Detección automática;694;MDT
4390374;39;Cantabria;06;Cantabria;Ruijas;39094003400;39094;42,820344;-3,918554;Detección automática;734;MDT
4390375;39;Cantabria;06;Cantabria;Ruiseñada;39024000500;39024;43,36390163;-4,28979392;Detección automática;30;MDT
4390377;39;Cantabria;06;Cantabria;Saja;39086000400;39086;43,14465254;-4,286933453;Coordinado_IGR Poblaciones;434;MDT
4390378;39;Cantabria;06;Cantabria;Salceda;39053000500;39053;43,07980683;-4,45838302;Detección automática;1026;MDT
4390379;39;Cantabria;06;Cantabria;Salcedo;39094003500;39094;42,827994;-3,948836;Detección automática;972;MDT
4390380;39;Cantabria;06;Cantabria;Salces;39032001900;39032;43,00690177;-4,16880766;Detección automática;870;MDT
4390381;39;Cantabria;06;Cantabria;Sámano;39020001100;39020;43,35864374;-3,22903943;Detección automática;25;MDT
4390382;39;Cantabria;06;Cantabria;San Andrés;39013001100;39013;43,11781923;-4,53660195;Detección automática;502;MDT
4390383;39;Cantabria;06;Cantabria;San Andrés;39093001300;39093;42,91243435;-4,084708497;Coordinado_IGR Poblaciones;971;MDT
4390384;39;Cantabria;06;Cantabria;San Andrés de Luena;39039001800;39039;43,11018119;-3,899977236;Coordinado_IGR Poblaciones;355;MDT
4390385;39;Cantabria;06;Cantabria;San Andrés;39094003600;39094;42,803987;-4,157887;Detección automática;860;MDT
4390386;39;Cantabria;06;Cantabria;San Bartolomé de los Montes;39102000800;39102;43,32361103;-3,48580688;Mapa;264;MDT
4390387;39;Cantabria;06;Cantabria;Sancibrián;39073000500;39073;43,46083976;-3,88701118;Detección automática;19;MDT
4390388;39;Cantabria;06;Cantabria;San Cristóbal;39094003700;39094;42,83084891;-4,12389018;Investigación;995;Investigación
4390389;39;Cantabria;06;Cantabria;San Esteban;39060000900;39060;43,37114266;-4,12393066;Detección automática;110;MDT
4390390;39;Cantabria;06;Cantabria;San Juan;39083001800;39083;43,21534633;-3,46201034;Detección automática;428;MDT
4390391;39;Cantabria;06;Cantabria;San Juan de Raicedo;39004000900;39004;43,19089904;-4,04468663;Detección automática;170;MDT
4390392;39;Cantabria;06;Cantabria;San Mamés de Aras;39102000900;39102;43,35733352;-3,50874528;Mapa;29;MDT
4390393;39;Cantabria;06;Cantabria;San Mamés;39053000600;39053;43,11327644;-4,43570104;Detección automática;1029;MDT
4390394;39;Cantabria;06;Cantabria;San Martín de Toranzo;39078000600;39078;43,22005962;-3,93153721;Detección automática;139;MDT
4390395;39;Cantabria;06;Cantabria;San Martín;39083001900;39083;43,19746408;-3,55517409;Detección automática;623;MDT
4390396;39;Cantabria;06;Cantabria;San Martín de Elines;39094003800;39094;42,832039;-3,86076;Detección automática;686;MDT
4390397;39;Cantabria;06;Cantabria;San Martín de Hoyos;39092001800;39092;42,93208039;-4,153220583;Coordinado_IGR Poblaciones;1073;MDT
4390398;39;Cantabria;06;Cantabria;San Martín de Quevedo;39046000400;39046;43,13528677;-4,04054394;Mapa;308;MDT
4390399;39;Cantabria;06;Cantabria;San Martín de Valdelomar;39094003900;39094;42,79658299;-4,14662643;Detección automática;857;MDT
4390400;39;Cantabria;06;Cantabria;San Miguel de Luena;39039001900;39039;43,10466667;-3,902277778;GPS. PNRGM;376;GPS. PNRGM
4390401;39;Cantabria;06;Cantabria;San Miguel de Aguayo;39070000100;39070;43,05644444;-4,024833333;GPS. PNRGM;830;GPS. PNRGM
4390402;39;Cantabria;06;Cantabria;San Miguel de Aras;39102001000;39102;43,32802813;-3,50764976;Mapa;52;MDT
4390403;39;Cantabria;06;Cantabria;San Pantaleón de Aras;39102001100;39102;43,34451088;-3,49636197;Mapa;44;MDT
4390404;39;Cantabria;06;Cantabria;San Pedro;39083002000;39083;43,21874732;-3,52938674;Detección automática;688;MDT
4390405;39;Cantabria;06;Cantabria;San Pedro de las Baheras;39095001200;39095;43,35258861;-4,529217615;Coordinado_IGR Poblaciones;92;MDT
4390406;39;Cantabria;06;Cantabria;San Román;39074000700;39074;43,30468429;-3,91174243;Detección automática;107;MDT
4390407;39;Cantabria;06;Cantabria;San Salvador;39042000500;39042;43,39311731;-3,8013667;Detección automática;18;MDT
4390408;39;Cantabria;06;Cantabria;San Sebastián;39022020000;39022;43,17774787;-4,59888584;Mapa;304;MDT
4390409;39;Cantabria;06;Cantabria;San Sebastián de Garabandal;39063001600;39063;43,20077524;-4,42347265;Detección automática;491;MDT
4390410;39;Cantabria;06;Cantabria;San Vicente del Monte;39091000500;39091;43,2875553;-4,30621408;Detección automática;319;MDT
4390411;39;Cantabria;06;Cantabria;San Vicente de Toranzo;39026000900;39026;43,21258333;-3,939277778;GPS. PNRGM;162;GPS. PNRGM
4390412;39;Cantabria;06;Cantabria;San Vicente de León y Los Llares;39004001000;39004;43,17855323;-4,09393994;Detección automática;466;MDT
4390413;39;Cantabria;06;Cantabria;San Vitores;39042000600;39042;43,36646061;-3,76344589;Detección automática;105;MDT
4390414;39;Cantabria;06;Cantabria;Sangas;39083002100;39083;43,16977092;-3,512788406;Coordinado_IGR Poblaciones;406;MDT
4390415;39;Cantabria;06;Cantabria;Santa Águeda;39004001100;39004;43,20042416;-4,03697131;Detección automática;437;MDT
4390416;39;Cantabria;06;Cantabria;Santa Cruz;39046000500;39046;43,16621117;-4,042335;Detección automática;203;MDT
4390417;39;Cantabria;06;Cantabria;Santa Eulalia;39053000700;39053;43,08915863;-4,443428922;Coordinado_IGR Poblaciones;957;MDT
4390419;39;Cantabria;06;Cantabria;Santa María;39074000800;39074;43,30961111;-3,852944444;GPS. PNRGM;95;GPS. PNRGM
4390420;39;Cantabria;06;Cantabria;Santa María de Hito;39094004000;39094;42,844879;-3,877616;Detección automática;759;MDT
4390421;39;Cantabria;06;Cantabria;Santa María de Valverde;39094004100;39094;42,794632;-4,139631;Detección automática;852;MDT
4390424;39;Cantabria;06;Cantabria;Santa Olalla;39046000600;39046;43,1368436;-4,04757901;Detección automática;263;MDT
4390425;39;Cantabria;06;Cantabria;Santayana;39083002200;39083;43,18013958;-3,509525471;Coordinado_IGR Poblaciones;385;MDT
4390426;39;Cantabria;06;Cantabria;Santiago;39042000700;39042;43,39029787;-3,78720432;Detección automática;127;MDT
4390427;39;Cantabria;06;Cantabria;Santibáñez;39098000500;39098;43,23666633;-3,84533053;Detección automática;185;MDT
4390428;39;Cantabria;06;Cantabria;Santillán;39080000900;39080;43,38511837;-4,42185174;Detección automática;115;MDT
4390429;39;Cantabria;06;Cantabria;Santiurde;39078000700;39078;43,23852778;-3,941638889;GPS. PNRGM;122;GPS. PNRGM
4390430;39;Cantabria;06;Cantabria;Santiurde de Reinosa;39077000300;39077;43,05861111;-4,083583333;GPS. PNRGM;659;GPS. PNRGM
4390431;39;Cantabria;06;Cantabria;Santotis;39089000200;39089;43,16205556;-4,371583333;GPS. PNRGM;468;GPS. PNRGM
4390432;39;Cantabria;06;Cantabria;Santullán;39020001200;39020;43,34718838;-3,21105627;Detección automática;79;MDT
4390434;39;Cantabria;06;Cantabria;Sarceda;39089000300;39089;43,18987347;-4,35725731;Detección automática;497;MDT
4390435;39;Cantabria;06;Cantabria;Saro;39081000200;39081;43,26130556;-3,808111111;GPS. PNRGM;199;GPS. PNRGM
4390436;39;Cantabria;06;Cantabria;Secadura;39102001200;39102;43,35653534;-3,535137214;Coordinado_IGR Poblaciones;60;MDT
4390437;39;Cantabria;06;Cantabria;Sel de la Carrera;39039002000;39039;43,14285398;-3,92458651;Detección automática;538;MDT
4390438;39;Cantabria;06;Cantabria;Selores;39014000400;39014;43,21122645;-4,30196277;Detección automática;265;MDT
4390439;39;Cantabria;06;Cantabria;Seña;39038000200;39038;43,38536687;-3,41119723;Detección automática;228;MDT
4390440;39;Cantabria;06;Cantabria;Serdio;39095001300;39095;43,36297956;-4,44959675;Detección automática;116;MDT
4390441;39;Cantabria;06;Cantabria;Serna;39032002000;39032;43,03065565;-4,214192227;Coordinado_IGR Poblaciones;949;MDT
4390442;39;Cantabria;06;Cantabria;La Serna;39004001200;39004;43,17199518;-4,04399571;Detección automática;192;MDT
4390443;39;Cantabria;06;Cantabria;Serna de Ebro;39094004200;39094;42,880713;-3,949315;Investigación;1048,24;Investigación
4390444;39;Cantabria;06;Cantabria;Servillas;39017001100;39017;43,02866566;-3,99001475;Detección automática;894;MDT
4390445;39;Cantabria;06;Cantabria;Servillejas;39017001200;39017;43,02806049;-4,00780268;Detección automática;901;MDT
4390446;39;Cantabria;06;Cantabria;Setién;39040000900;39040;43,42235343;-3,734508177;Coordinado_IGR Poblaciones;60;MDT
4390447;39;Cantabria;06;Cantabria;Silió;39046000700;39046;43,14851316;-4,01968861;Detección automática;242;MDT
4390448;39;Cantabria;06;Cantabria;Soano;39006000400;39006;43,48116065;-3,54502483;Detección automática;5;MDT
4390449;39;Cantabria;06;Cantabria;Sobarzo;39048000600;39048;43,3438053;-3,840560819;Coordinado_IGR Poblaciones;129;MDT
4390450;39;Cantabria;06;Cantabria;Sobremazas;39042000800;39042;43,37557953;-3,74609292;Detección automática;81;MDT
4390451;39;Cantabria;06;Cantabria;Sobrepenilla;39094004300;39094;42,778434;-3,991618;Detección automática;788;MDT
4390452;39;Cantabria;06;Cantabria;Sobrepeña;39094004400;39094;42,785285;-3,962198;Detección automática;749;MDT
4390453;39;Cantabria;06;Cantabria;Solares;39042000900;39042;43,38256731;-3,73772166;Detección automática;44;MDT
4390454;39;Cantabria;06;Cantabria;Solórzano;39084000800;39084;43,381;-3,587416667;GPS. PNRGM;84;GPS. PNRGM
4390455;39;Cantabria;06;Cantabria;Somballe;39077000400;39077;43,04154253;-4,06541751;Detección automática;861;MDT
4390456;39;Cantabria;06;Cantabria;Somo;39061000600;39061;43,45439121;-3,74291914;Detección automática;5;MDT
4390457;39;Cantabria;06;Cantabria;Sopeña;39014000500;39014;43,22916993;-4,29187713;Detección automática;235;MDT
4390458;39;Cantabria;06;Cantabria;Soto;39032002100;39032;43,0346239;-4,224806489;Coordinado_IGR Poblaciones;966;MDT
4390459;39;Cantabria;06;Cantabria;Soto;39098000600;39098;43,23809257;-3,86419436;Mapa;238;MDT
4390460;39;Cantabria;06;Cantabria;Soto de la Marina;39073000700;39073;43,46681428;-3,89451623;Detección automática;26;MDT
4390462;39;Cantabria;06;Cantabria;Suano;39032002200;39032;42,97904798;-4,20630021;Detección automática;922;MDT
4390463;39;Cantabria;06;Cantabria;Suesa;39061000700;39061;43,44238662;-3,71038253;Detección automática;33;MDT
4390464;39;Cantabria;06;Cantabria;Susilla;39094004600;39094;42,799172;-4,077209;Detección automática;760;MDT
4390465;39;Cantabria;06;Cantabria;Tagle;39085000600;39085;43,42201019;-4,07792744;Detección automática;63;MDT
4390466;39;Cantabria;06;Cantabria;Tanarrio;39015002800;39015;43,15645137;-4,707132157;Coordinado_IGR Poblaciones;593;MDT
4390467;39;Cantabria;06;Cantabria;El Tejo;39091000600;39091;43,37278783;-4,33157971;Mapa;102;MDT
4390468;39;Cantabria;06;Cantabria;Terán;39014000600;39014;43,22040899;-4,30215812;Detección automática;249;MDT
4390469;39;Cantabria;06;Cantabria;Tezanos;39098000700;39098;43,2219469;-3,82628834;Detección automática;279;MDT
4390470;39;Cantabria;06;Cantabria;El Tojo;39086000500;39086;43,15981275;-4,2841298;Detección automática;527;MDT
4390471;39;Cantabria;06;Cantabria;Los Tojos;39086000600;39086;43,15400254;-4,25425602;Detección automática;632;MDT
4390472;39;Cantabria;06;Cantabria;Tollo;39096001000;39096;43,10998817;-4,62121058;Detección automática;562;MDT
4390473;39;Cantabria;06;Cantabria;Toñanes;39001000700;39001;43,39473111;-4,19536766;Detección automática;40;MDT
4390474;39;Cantabria;06;Cantabria;Toranzo;39096001100;39096;43,10591995;-4,66620648;Detección automática;779;MDT
4390475;39;Cantabria;06;Cantabria;Torices;39013001200;39013;43,13429293;-4,548309551;Coordinado_IGR Poblaciones;713;MDT
4390476;39;Cantabria;06;Cantabria;Totero;39074001000;39074;43,2995504;-3,84126803;Detección automática;153;MDT
4390477;39;Cantabria;06;Cantabria;Treceño;39091000700;39091;43,31830677;-4,30455363;Mapa;86;MDT
4390478;39;Cantabria;06;Cantabria;Tresabuela;39053000800;39053;43,08607968;-4,42867761;Detección automática;998;MDT
4390479;39;Cantabria;06;Cantabria;Tudanca;39089000400;39089;43,15186561;-4,37301908;Detección automática;479;MDT
4390480;39;Cantabria;06;Cantabria;Tudes;39096001200;39096;43,12039733;-4,61103664;Detección automática;696;MDT
4390481;39;Cantabria;06;Cantabria;Turieno;39015003000;39015;43,15810554;-4,6504649;Detección automática;344;MDT
4390482;39;Cantabria;06;Cantabria;Ubiarco;39076000700;39076;43,4180161;-4,099955392;Detección automática;67;MDT
4390483;39;Cantabria;06;Cantabria;Udalla;39002002300;39002;43,31588331;-3,45080818;Mapa;52;MDT
4390484;39;Cantabria;06;Cantabria;Unquera;39095001400;39095;43,37425483;-4,51750914;Detección automática;5;MDT
4390485;39;Cantabria;06;Cantabria;Uznayo;39053000900;39053;43,09162761;-4,40238997;Detección automática;914;MDT
4390486;39;Cantabria;06;Cantabria;Valcaba;39083002300;39083;43,17575541;-3,566434314;Coordinado_IGR Poblaciones;499;MDT
4390487;39;Cantabria;06;Cantabria;Valdecilla;39042001000;39042;43,37869444;-3,734444444;GPS. PNRGM;76;GPS. PNRGM
4390489;39;Cantabria;06;Cantabria;Valdeprado;39050000900;39050;43,07543958;-4,49328765;Detección automática;834;MDT
4390490;39;Cantabria;06;Cantabria;Valdeprado;39093001600;39093;42,87528092;-4,09224873;Detección automática;907;MDT
4390491;39;Cantabria;06;Cantabria;Valdicio;39083002400;39083;43,22704337;-3,683861144;Coordinado_IGR Poblaciones;633;MDT
4390492;39;Cantabria;06;Cantabria;Valmeo;39096001400;39096;43,13365543;-4,632454455;Coordinado_IGR Poblaciones;349;MDT
4390493;39;Cantabria;06;Cantabria;Valle;39067000600;39067;43,27736344;-3,52659068;Detección automática;108;MDT
4390494;39;Cantabria;06;Cantabria;Valle;39014000700;39014;43,22658333;-4,301472222;GPS. PNRGM;252;GPS. PNRGM
4390495;39;Cantabria;06;Cantabria;Valles;39060001000;39060;43,35186489;-4,11555433;Detección automática;58;MDT
4390496;39;Cantabria;06;Cantabria;Vargas;39056000500;39056;43,32156473;-3,96169769;Detección automática;50;MDT
4390497;39;Cantabria;06;Cantabria;La Vega;39096001500;39096;43,09944444;-4,647194444;GPS. PNRGM;463;GPS. PNRGM
4390498;39;Cantabria;06;Cantabria;Vega;39100000400;39100;43,25715503;-3,84986385;Detección automática;141;MDT
4390499;39;Cantabria;06;Cantabria;La Veguilla;39060001100;39060;43,35920464;-4,1014968;Detección automática;57;MDT
4390500;39;Cantabria;06;Cantabria;Veguilla;39083002500;39083;43,18591667;-3,522138889;GPS. PNRGM;343;GPS. PNRGM
4390501;39;Cantabria;06;Cantabria;Vejo;39096001600;39096;43,0903048;-4,69932568;Mapa;638;MDT
4390502;39;Cantabria;06;Cantabria;Vejorís;39078000800;39078;43,20610818;-3,91963081;Detección automática;159;MDT
4390503;39;Cantabria;06;Cantabria;Vendejo;39050001000;39050;43,05671126;-4,54404025;Detección automática;765;MDT
4390504;39;Cantabria;06;Cantabria;Viaña;39014000800;39014;43,18946744;-4,25879661;Detección automática;459;MDT
4390505;39;Cantabria;06;Cantabria;Viérnoles;39087001000;39087;43,32093267;-4,05393956;Detección automática;72;MDT
4390506;39;Cantabria;06;Cantabria;Villacantid;39032002300;39032;43,00282372;-4,20692421;Detección automática;907;MDT
4390507;39;Cantabria;06;Cantabria;Villacarriedo;39098000800;39098;43,22866667;-3,810083333;GPS. PNRGM;203;GPS. PNRGM
4390508;39;Cantabria;06;Cantabria;Villaescusa;39027001600;39027;42,96279801;-4,16674741;Detección automática;877;MDT
4390509;39;Cantabria;06;Cantabria;Villaescusa;39094004700;39094;42,82973513;-3,83206592;Detección automática;684;MDT
4390510;39;Cantabria;06;Cantabria;Villafufre;39100000500;39100;43,26647276;-3,89281273;Mapa;229;MDT
4390511;39;Cantabria;06;Cantabria;Villamoñico;39094004800;39094;42,7804762;-4,06303917;Detección automática;829;MDT
4390512;39;Cantabria;06;Cantabria;Villanueva;39099000400;39099;43,37028283;-3,85952398;Detección automática;22;MDT
4390513;39;Cantabria;06;Cantabria;Villanueva;39065000900;39065;42,97276945;-4,024338769;Coordinado_IGR Poblaciones;857;MDT
4390514;39;Cantabria;06;Cantabria;Villanueva de la Nía;39094004900;39094;42,803952;-4,047231;Detección automática;731;MDT
4390515;39;Cantabria;06;Cantabria;Villanueva de la Peña;39041000700;39041;43,31751407;-4,19138693;Detección automática;103;MDT
4390516;39;Cantabria;06;Cantabria;Villapaderne;39017001300;39017;43,02090662;-4,0718112;Detección automática;916;MDT
4390517;39;Cantabria;06;Cantabria;Villapresente;39060001200;39060;43,36394052;-4,10528501;Detección automática;38;MDT
4390518;39;Cantabria;06;Cantabria;Villar;39032002400;39032;43,01894695;-4,26414622;Detección automática;1000;MDT
4390519;39;Cantabria;06;Cantabria;Villar;39083002600;39083;43,17810462;-3,52432367;Detección automática;356;MDT
4390520;39;Cantabria;06;Cantabria;Villasevil;39078000900;39078;43,25625168;-3,93245749;Detección automática;127;MDT
4390521;39;Cantabria;06;Cantabria;Villasuso;39017001400;39017;43,01126384;-4,01826548;Detección automática;864;MDT
4390522;39;Cantabria;06;Cantabria;Villasuso;39003000400;39003;43,21331844;-4,00468747;Detección automática;297;MDT
4390523;39;Cantabria;06;Cantabria;Villaverde de Pontones;39062000800;39062;43,41270913;-3,69831415;Detección automática;18;MDT
4390524;39;Cantabria;06;Cantabria;Villaverde;39083002700;39083;43,1905127;-3,55880337;Detección automática;466;MDT
4390525;39;Cantabria;06;Cantabria;Villaverde;39096001700;39096;43,08065122;-4,68229033;Detección automática;744;MDT
4390526;39;Cantabria;06;Cantabria;Villaverde de Hito;39094005000;39094;42,843752;-3,86697;Detección automática;747;MDT
4390527;39;Cantabria;06;Cantabria;Villegar;39026001100;39026;43,22299173;-3,94734286;Detección automática;160;MDT
4390528;39;Cantabria;06;Cantabria;Villota de Elines;39094005100;39094;42,823719;-3,894417;Detección automática;755;MDT
4390529;39;Cantabria;06;Cantabria;Viñón;39022000800;39022;43,1851863;-4,63956547;Detección automática;560;MDT
4390530;39;Cantabria;06;Cantabria;Vioño;39052001100;39052;43,35747521;-3,96386842;Detección automática;23;MDT
4390531;39;Cantabria;06;Cantabria;Viveda;39076000900;39076;43,38132646;-4,05099721;Detección automática;37;MDT
4390532;39;Cantabria;06;Cantabria;Zurita;39052001200;39052;43,34670933;-3,99084266;Detección automática;56;MDT
4390533;39;Cantabria;06;Cantabria;Rada;39102000700;39102;43,36694489;-3,49136085;Detección automática;10;MDT
4390534;39;Cantabria;06;Cantabria;Sotillo San Vitores;39093001500;39093;42,87775814;-4,11555668;Mapa;1030;MDT
4390535;39;Cantabria;06;Cantabria;Adal-Treto;39009000100;39009;43,39610663;-3,47517286;Mapa;31;MDT
4390536;39;Cantabria;06;Cantabria;Cicero;39009000400;39009;43,41017579;-3,48716472;Mapa;6;MDT
4390537;39;Cantabria;06;Cantabria;Coo;39025000300;39025;43,27496689;-4,10613869;Detección automática;115;MDT
4390538;39;Cantabria;06;Cantabria;Morancas;39027001200;39027;43,02970429;-4,12173731;Detección automática;976;MDT
4390539;39;Cantabria;06;Cantabria;Corconte;39017000200;39017;43,040335;-3,893753645;Coordinado_IGR Poblaciones;854;MDT
4400001;40;Segovia;07;Castilla y León;Arroyo de Cuéllar;40063000100;40063;41,33447054;-4,37027616;Detección automática;779;MDT
4400002;40;Segovia;07;Castilla y León;Bernuy de Coca;40189000100;40189;41,17737707;-4,60606336;Detección automática;820;MDT
4400003;40;Segovia;07;Castilla y León;Campo de Cuéllar;40063000200;40063;41,3120037;-4,36592263;Detección automática;787;MDT
4400004;40;Segovia;07;Castilla y León;Carbonero de Ahusín;40022000200;40022;41,03917706;-4,2368321;Detección automática;892;MDT
4400005;40;Segovia;07;Castilla y León;Cobos de Segovia;40180000100;40180;40,92198096;-4,43891241;Detección automática;966;MDT
4400007;40;Segovia;07;Castilla y León;Chatún;40063000400;40063;41,28971561;-4,34634924;Detección automática;796;MDT
4400008;40;Segovia;07;Castilla y León;Lovingos;40063000900;40063;41,4060242;-4,22252818;Detección automática;846;MDT
4400009;40;Segovia;07;Castilla y León;Montuenga;40058000200;40058;41,04624669;-4,627353004;Coordinado_IGR Poblaciones;892;MDT
4400010;40;Segovia;07;Castilla y León;Moraleja de Coca;40138000100;40138;41,11359946;-4,551172541;Coordinado_IGR Poblaciones;838;MDT
4400011;40;Segovia;07;Castilla y León;Revenga;40194000500;40194;40,87186968;-4,10184715;Detección automática;1155;MDT
4400012;40;Segovia;07;Castilla y León;Valdesimonte;40040000300;40040;41,23681094;-3,84855166;Detección automática;956;MDT
4400013;40;Segovia;07;Castilla y León;Vivar de Fuentidueña;40108000200;40108;41,48031094;-4,00772763;Detección automática;800;MDT
4400014;40;Segovia;07;Castilla y León;Losana de Pirón;40205000100;40205;41,06793787;-4,02277185;Detección automática;1047;MDT
4400015;40;Segovia;07;Castilla y León;Jemenuño;40185000400;40185;40,94646816;-4,493983484;Coordinado_IGR Poblaciones;962;MDT
4400016;40;Segovia;07;Castilla y León;Paradinas;40185000800;40185;41,01178174;-4,38818204;Detección automática;897;MDT
4400017;40;Segovia;07;Castilla y León;Tabladillo;40185001300;40185;41,03728447;-4,36468613;Detección automática;946;MDT
4400018;40;Segovia;07;Castilla y León;Villoslada;40185001400;40185;40,98885049;-4,42193842;Detección automática;918;MDT
4410002;41;Sevilla;01;Andalucía;Marismillas;41020000200;41020;36,99742688;-6,00045818;Detección automática;9;MDT
4410003;41;Sevilla;01;Andalucía;Isla Redonda-La Aceñuela;41039000700,41039000100,41039001000;41039;37,44549088;-4,930256915;Centroide calculado a partir de las coordenadas de las poblaciones que componen el EATIM;150,3333333;Altitud media de las poblaciones que componen el EATIM
4420001;42;Soria;07;Castilla y León;Abioncillo de Calatañazor;42046000100;42046;41,70260134;-2,8669331;Detección automática;999;MDT
4420002;42;Soria;07;Castilla y León;Aguilera;42032000100;42032;41,48276735;-2,891377969;Coordinado_IGR Poblaciones;917;MDT
4420003;42;Soria;07;Castilla y León;Aldehuela de Calatañazor;42046000200;42046;41,71495539;-2,78191793;Detección automática;1059;MDT
4420004;42;Soria;07;Castilla y León;Aylloncillo;42089000100;42089;41,86417309;-2,402623503;Coordinado_IGR Poblaciones;1059;MDT
4420005;42;Soria;07;Castilla y León;Borchicayada;42172000100;42172;41,44729174;-2,411391602;Coordinado_IGR Poblaciones;1023;MDT
4420006;42;Soria;07;Castilla y León;Bordejé;42068000100;42068;41,44892113;-2,50530112;Detección automática;951;MDT
4420007;42;Soria;07;Castilla y León;Cabanillas;42015000200;42015;41,39355845;-2,376687176;Coordinado_IGR Poblaciones;1013;MDT
4420008;42;Soria;07;Castilla y León;Carazuelo;42049000200;42049;41,72432261;-2,313997869;Coordinado_IGR Poblaciones;1031;MDT
4420009;42;Soria;07;Castilla y León;Cascajosa;42181000100;42181;41,58533556;-2,680001745;Coordinado_IGR Poblaciones;993;MDT
4420010;42;Soria;07;Castilla y León;Cenegro;42086000100;42086;41,50068634;-3,35642904;Detección automática;994;MDT
4420011;42;Soria;07;Castilla y León;Centenera del Campo;42068000200;42068;41,40368761;-2,50169677;Detección automática;1013;MDT
4420012;42;Soria;07;Castilla y León;Ciadueña;42030000200;42030;41,47246427;-2,63458574;Detección automática;947;MDT
4420013;42;Soria;07;Castilla y León;Cubo de Hogueras;42006000200;42006;41,72556327;-2,350307285;Coordinado_IGR Poblaciones;1017;MDT
4420014;42;Soria;07;Castilla y León;Cuéllar de la Sierra;42028000200;42028;41,90869622;-2,346885309;Coordinado_IGR Poblaciones;1139;MDT
4420015;42;Soria;07;Castilla y León;Duáñez;42049000300;42049;41,73925896;-2,33387544;Detección automática;1036;MDT
4420016;42;Soria;07;Castilla y León;Fuensaúco;42154000100;42154;41,76600562;-2,33783351;Detección automática;1086;MDT
4420017;42;Soria;07;Castilla y León;Fuentelfresno;42028000300;42028;41,90078558;-2,38825783;Detección automática;1107;MDT
4420018;42;Soria;07;Castilla y León;Fuentetecha;42049000400;42049;41,74861821;-2,31718075;Detección automática;1078;MDT
4420019;42;Soria;07;Castilla y León;Fuentetoba;42095000500;42095;41,77880421;-2,564992784;Coordinado_IGR Poblaciones;1093;MDT
4420022;42;Soria;07;Castilla y León;Lubia;42071000400;42071;41,6510783;-2,50659045;Detección automática;1047;MDT
4420023;42;Soria;07;Castilla y León;Martialay;42006000300;42006;41,74389174;-2,357095327;Coordinado_IGR Poblaciones;1034;MDT
4420024;42;Soria;07;Castilla y León;Matute de Almazán;42111000200;42111;41,4887918;-2,61436871;Detección automática;936;MDT
4420025;42;Soria;07;Castilla y León;Mazalvete;42049000500;42049;41,71008728;-2,2620553;Detección automática;1026;MDT
4420026;42;Soria;07;Castilla y León;La Milana;42204000100;42204;41,49771185;-2,47821204;Detección automática;965;MDT
4420028;42;Soria;07;Castilla y León;Moñux;42204000200;42204;41,5132716;-2,437410834;Coordinado_IGR Poblaciones;1063;MDT
4420029;42;Soria;07;Castilla y León;Neguillas;42068000400;42068;41,4625309;-2,42939933;Detección automática;1026;MDT
4420030;42;Soria;07;Castilla y León;Ojuel;42044000200;42044;41,71504331;-2,27654419;Detección automática;1028;MDT
4420031;42;Soria;07;Castilla y León;Ontalvilla de Valcorba;42006000400;42006;41,75767034;-2,37241886;Detección automática;1067;MDT
4420032;42;Soria;07;Castilla y León;Osona;42090000200;42090;41,57504717;-2,72769113;Detección automática;947;MDT
4420033;42;Soria;07;Castilla y León;Paredesroyas;42096000400;42096;41,6366977;-2,27910233;Detección automática;985;MDT
4420034;42;Soria;07;Castilla y León;Pedraza;42089000300;42089;41,86653019;-2,396265215;Coordinado_IGR Poblaciones;1078;MDT
4420035;42;Soria;07;Castilla y León;Perdices;42204000300;42204;41,48141401;-2,455173328;Coordinado_IGR Poblaciones;1041;MDT
4420036;42;Soria;07;Castilla y León;Pinilla de Caradueña;42211000100;42211;41,88399609;-2,3649154;Detección automática;1078;MDT
4420037;42;Soria;07;Castilla y León;Portelrubio;42089000400;42089;41,872401;-2,43853906;Detección automática;1083;MDT
4420038;42;Soria;07;Castilla y León;Rabanera del Campo;42071000500;42071;41,64200019;-2,42013249;Detección automática;1033;MDT
4420039;42;Soria;07;Castilla y León;Ribarroya;42009000200;42009;41,64236344;-2,35324642;Detección automática;1015;MDT
4420040;42;Soria;07;Castilla y León;La Rubia;42211000200;42211;41,88290703;-2,37987139;Detección automática;1088;MDT
4420041;42;Soria;07;Castilla y León;Santa María del Prado;42111000300;42111;41,49009657;-2,65652905;Detección automática;930;MDT
4420042;42;Soria;07;Castilla y León;Sauquillo del Campo;42003000300;42003;41,38231001;-2,47483133;Detección automática;1019;MDT
4420043;42;Soria;07;Castilla y León;Tapiela;42009000300;42009;41,63133481;-2,31529894;Detección automática;989;MDT
4420044;42;Soria;07;Castilla y León;Tardajos de Duero;42149000400;42149;41,66900945;-2,41772784;Detección automática;1015;MDT
4420045;42;Soria;07;Castilla y León;Torralba de Arciel;42096000500;42096;41,62126213;-2,2597083;Detección automática;986;MDT
4420046;42;Soria;07;Castilla y León;Torreandaluz;42197000100;42197;41,58569218;-2,82974274;Detección automática;979;MDT
4420047;42;Soria;07;Castilla y León;Torremediana;42083000300;42083;41,39121518;-2,51216698;Coordinado_IGR Poblaciones;1017;MDT
4420048;42;Soria;07;Castilla y León;Valdealvillo;42158000200;42158;41,64989704;-2,88961875;Detección automática;958;MDT
4420049;42;Soria;07;Castilla y León;Valderrueda;42090000300;42090;41,54494152;-2,771955478;Coordinado_IGR Poblaciones;936;MDT
4420050;42;Soria;07;Castilla y León;Valdespina;42038000200;42038;41,5797912;-2,440969409;Coordinado_IGR Poblaciones;969;MDT
4420051;42;Soria;07;Castilla y León;Valverde de los Ajos;42033000200;42033;41,56051826;-2,86518681;Detección automática;972;MDT
4420052;42;Soria;07;Castilla y León;Ventosilla de San Juan;42154000300;42154;41,80635613;-2,390927058;Coordinado_IGR Poblaciones;1041;MDT
4420053;42;Soria;07;Castilla y León;Villalba;42068000500;42068;41,461308;-2,482326792;Coordinado_IGR Poblaciones;978;MDT
4420054;42;Soria;07;Castilla y León;Zárabes;42021000300;42021;41,56043495;-2,18880857;Detección automática;1038;MDT
4420055;42;Soria;07;Castilla y León;Navalcaballo;42149000200;42149;41,68284739;-2,53261307;Detección automática;1053;MDT
4420056;42;Soria;07;Castilla y León;Pobar;42107000200;42107;41,88976796;-2,23347068;Detección automática;1191;MDT
4420057;42;Soria;07;Castilla y León;Abión;42096000100;42096;41,57341886;-2,23002818;Detección automática;1013;MDT
4420058;42;Soria;07;Castilla y León;Zayas de Torre;42103000600;42103;41,66824326;-3,31758759;Detección automática;934;MDT
4430002;43;Tarragona;09;Cataluña/Catalunya;els Muntells;43902000100;43902;40,67072008;0,74991018;Detección automática;1;MDT
4430003;43;Tarragona;09;Cataluña/Catalunya;Jesús;43155000100;43155;40,8276867;0,50836677;Detección automática;15;MDT
4430004;43;Tarragona;09;Cataluña/Catalunya;Picamoixons;43161000300;43161;41,30249473;1,2022371;Detección automática;213;MDT
4430005;43;Tarragona;09;Cataluña/Catalunya;Bítem;43155000200;43155;40,85980363;0,52329792;Detección automática;17;MDT
4430006;43;Tarragona;09;Cataluña/Catalunya;Campredó;43155000300;43155;40,76047122;0,55364255;Detección automática;11;MDT
4430007;43;Tarragona;09;Cataluña/Catalunya;la Serra d'Almos;43150000200;43150;41,07993294;0,74433659;Detección automática;226;MDT
4440001;44;Teruel;02;Aragón;Las Cuevas de Cañart;44071000600;44071;40,7626268;-0,42915476;Investigación;816;MDT
4450001;45;Toledo;08;Castilla-La Mancha;Alberche del Caudillo;45028000100;45028;39,91080127;-4,93170682;Detección automática;367;MDT
4450002;45;Toledo;08;Castilla-La Mancha;El Bercial;45007000300;45007;39,79016548;-5,10793594;Detección automática;334;MDT
4450003;45;Toledo;08;Castilla-La Mancha;Bernúy;45089000100;45089;39,92174824;-4,5970802;Detección automática;415;MDT
4450004;45;Toledo;08;Castilla-La Mancha;Rinconada;45136000200;45136;39,83944634;-4,41314583;Detección automática;412;MDT
4450005;45;Toledo;08;Castilla-La Mancha;Talavera la Nueva;45165000700;45165;39,9348792;-4,89200918;Detección automática;364;MDT
4450006;45;Toledo;08;Castilla-La Mancha;Las Vegas;45137000202;45137;39,95936461;-4,7013894;Detección automática;385;MDT
4450007;45;Toledo;08;Castilla-La Mancha;Buenasbodas;45162000100;45162;39,64249562;-4,94868923;Detección automática;753;MDT
4450008;45;Toledo;08;Castilla-La Mancha;Gamonal;45165000500;45165;39,9589748;-4,95998802;Detección automática;417;MDT
4450009;45;Toledo;08;Castilla-La Mancha;El Casar de Talavera;45165000200;45165;39,96301509;-4,91772201;Detección automática;408;MDT
4460003;46;València/Valencia;10;Comunitat Valenciana;Mareny de Barraquetes;46235000200;46235;39,24604222;-0,26528047;Detección automática;3;MDT
4460004;46;València/Valencia;10;Comunitat Valenciana;el Perelló;46235000700;46235;39,27509388;-0,277057475;Coordinado_IGR Poblaciones;2;MDT
4460005;46;València/Valencia;10;Comunitat Valenciana;la Barraca d'Aigües Vives;46017000200;46017;39,09978102;-0,37049272;Detección automática;76;MDT
4470001;47;Valladolid;07;Castilla y León;Aldealbar;47172000100;47172;41,49475951;-4,3547166;Detección automática;828;MDT
4470002;47;Valladolid;07;Castilla y León;Foncastín;47139000100;47139;41,43503507;-5,01846236;Detección automática;703;MDT
4470003;47;Valladolid;07;Castilla y León;Gordaliza de la Loma;47026000200;47026;42,13230299;-5,13579834;Detección automática;773;MDT
4470004;47;Valladolid;07;Castilla y León;San Bernardo;47179000200;47179;41,63022058;-4,26426462;Detección automática;736;MDT
4470005;47;Valladolid;07;Castilla y León;La Santa Espina;47043000200;47043;41,7304699;-5,10547625;Detección automática;793;MDT
4470006;47;Valladolid;07;Castilla y León;Santiago del Arroyo;47145000200;47145;41,45104792;-4,5190204;Detección automática;790;MDT
4470007;47;Valladolid;07;Castilla y León;Torrecilla del Valle;47139000300;47139;41,3718651;-5,01256211;Detección automática;698;MDT
4470008;47;Valladolid;07;Castilla y León;Villamarciel;47165000700;47165;41,53075657;-4,88443081;Detección automática;678;MDT
4470009;47;Valladolid;07;Castilla y León;Villavieja del Cerro;47165000800;47165;41,53287741;-5,03732382;Detección automática;747;MDT
4480001;48;Bizkaia;16;País Vasco/Euskadi;Belandia;48074000100;48074;43,0308561;-3,04622746;Mapa;353;MDT
4480002;48;Bizkaia;16;País Vasco/Euskadi;Lendoñobeiti/Lendoño de Abajo;48074000200;48074;43,01321062;-3,03369795;Mapa;339;MDT
4480003;48;Bizkaia;16;País Vasco/Euskadi;Lendoño Goikoa/Lendoño de Arriba;48074000300;48074;43,01392227;-3,05652332;Mapa;455;MDT
4480004;48;Bizkaia;16;País Vasco/Euskadi;Mendeika;48074000400;48074;43,03185214;-3,02892031;Mapa;456;MDT
4490001;49;Zamora;07;Castilla y León;Castropepe;49257000100;49257;41,97123168;-5,63594745;Detección automática;724;MDT
4490002;49;Zamora;07;Castilla y León;Fresnadillo de Sayago;49023000300;49023;41,41346099;-6,07548373;Detección automática;777;MDT
4490003;49;Zamora;07;Castilla y León;Litos;49066000200;49066;41,90452648;-6,01519165;Detección automática;777;MDT
4490004;49;Zamora;07;Castilla y León;Mozar;49256000100;49256;41,95306056;-5,77635475;Detección automática;703;MDT
4490005;49;Zamora;07;Castilla y León;Paladinos del Valle;49220000100;49220;42,08097388;-5,729086332;Coordinado_IGR Poblaciones;720;MDT
4490006;49;Zamora;07;Castilla y León;Santa Marta de Tera;49033000400;49033;41,99501471;-5,97127726;Detección automática;736;MDT
4490007;49;Zamora;07;Castilla y León;Tudera;49064000600;49064;41,41658431;-6,21209573;Detección automática;747;MDT
4490008;49;Zamora;07;Castilla y León;Vecilla de Trasmonte;49256000200;49256;41,99343203;-5,79380389;Detección automática;708;MDT
4490009;49;Zamora;07;Castilla y León;Villanueva de Azoague;49257000200;49257;41,97562648;-5,663300994;Detección automática;699;MDT
4490010;49;Zamora;07;Castilla y León;Villanueva de Valrojo;49067000200;49067;41,95106033;-6,2184682;Detección automática;797;MDT
4490011;49;Zamora;07;Castilla y León;Sitrama de Tera;49205000200;49205;42,00593911;-5,90302228;Detección automática;716;MDT
4490012;49;Zamora;07;Castilla y León;Santa Colomba de las Carabias;49187000300;49187;42,07281028;-5,60461334;Detección automática;713;MDT
4490013;49;Zamora;07;Castilla y León;Vecilla de la Polvorosa;49128000200;49128;42,07117509;-5,75176644;Detección automática;718;MDT
4490014;49;Zamora;07;Castilla y León;Aguilar de Tera;49117000200;49117;41,98470905;-5,84460133;Detección automática;717;MDT
4500001;50;Zaragoza;02;Aragón;Ontinar de Salz;50298000700;50298;41,93589572;-0,75771559;Detección automática;316;MDT
4500002;50;Zaragoza;02;Aragón;Sofuentes;50248000400;50248;42,43266593;-1,31569959;Detección automática;507;MDT
4500003;50;Zaragoza;02;Aragón;Fuencalderas;50901000200;50901;42,35948223;-0,89314769;Detección automática;836;MDT
